transaction_id,vendor_id,invoice_number,txn_date,amount,currency,gl_account,description
T005076,V0092,INV-55444,28/04/2024,450.73,GBP,6000,Ad spend
T005077,V0075,INV-42256,06 Feb 2025,422.17,GBP,6500,Freight
T005078,V0011,INV-96510,2024-05-17,"1,262.53",GBP,6400,Office supplies
T005079,V0121,INV-73721,2024-07-05,582.82,GBP,6300,Software licence
T005080,V0041,INV-81395,03/07/2025,"2,050.58",GBP,6500,Ad spend
T005081,V0105,INV-10614,17/12/2024,135.24,GBP,6100,Air travel
T005082,V0046,INV-78319,25/03/2024,468.49,GBP,6300,Air travel
T005083,V0066,INV-19003,2025-02-26,442.71,GBP,6000,Software licence
T005084,V0027,INV-91717,17/04/2025,124.44,GBP,6200,Advisory fee
T005085,V0053,INV-53877,02 Nov 2024,"1,155.08",GBP,6300,Air travel
T005086,V0011,INV-58929,07/05/2024,5203.78,GBP,6000,Office supplies
T005087,V0172,INV-83428,2024-01-02,£395.95,GBP,6100,Ad spend
T005088,V0055,INV-11084,09/27/2024,703.12,GBP,6100,Ad spend
T005089,V0108,INV-37332,08/03/2025,442.73,GBP,6100,Freight
T005090,V0027,INV-44510,09/22/2024,184.02,GBP,6500,Air travel
T005091,V0117,INV-25212,23/08/2024,54.44,GBP,6400,Air travel
T005092,V0055,INV-12832,25/02/2025,185.61,GBP,6400,Software licence
T005093,V0108,INV-74919,2025-02-15,87.26,GBP,6200,Advisory fee
T005094,V0194,INV-96412,2024-01-04,"£2,629.40",GBP,6400,Office supplies
T005095,V0045,INV-76277,11 Oct 2024,355.45,GBP,6400,Freight
T005096,V0117,INV-45339,2024-11-23,£275.75,GBP,6200,Software licence
T005097,V0181,INV-41081,12/02/2024,1072.84,GBP,6400,Advisory fee
T005098,V0117,INV-27797,2025-05-17,117.46,GBP,6000,Ad spend
T005099,V0069,INV-35761,2024-01-22,173.55,GBP,6500,Ad spend
T005100,V0142,INV-83393,02/05/2024,"£9,999.00",GBP,6000,Ad spend
T005101,V0070,INV-14602,26 Jul 2024,"£1,250.93",GBP,6200,Office supplies
T005102,V0152,INV-76044,2025-06-19,700.54,GBP,6000,Freight
T005103,V0127,INV-36941,26 Apr 2025,530.15,GBP,6300,Advisory fee
T005104,V0192,INV-57073,08 Jun 2025,439.63,GBP,6100,Advisory fee
T005105,V0060,INV-38108,18/02/2025,626.57,GBP,6200,Ad spend
T005106,V0116,INV-11825,2024-09-14,£503.62,GBP,6000,Office supplies
T005107,V0184,INV-11104,01/13/2024,129.93,GBP,6400,Software licence
T005108,V0090,INV-35297,08 Jun 2025,424.40,GBP,6500,Ad spend
T005109,V0006,INV-34417,05/10/2024,123.83,GBP,6300,Office supplies
T005110,V0090,INV-44669,06/19/2024,441.06,GBP,6000,Air travel
T005111,V0018,INV-95879,23/06/2024,"9,000.00",GBP,6100,Software licence
T005112,V0157,INV-14567,2024-12-30,"£6,590.07",GBP,6300,Ad spend
T005113,V0035,INV-10959,2024-10-01,386.11,GBP,6200,Software licence
T005114,V0006,INV-17418,21/05/2025,86.09,GBP,6500,Freight
T005115,V0181,INV-45666,04/12/2024,348.07,GBP,6400,Office supplies
T005116,V0041,INV-45484,2025-01-15,714.29,GBP,6100,Freight
T005117,V0165,INV-19867,03/01/2024,"£2,541.98",GBP,6400,Ad spend
T005118,V0183,INV-90756,2024-11-12,210.95,GBP,6000,Advisory fee
T005119,V0037,INV-28900,2024-10-10,70.76,GBP,6400,Ad spend
T005120,V0008,INV-86989,2025-05-01,990.81,GBP,6100,Advisory fee
T005121,V0100,INV-43522,02/20/2025,88.35,GBP,6100,Office supplies
T005122,V0046,INV-58915,03/21/2024,£249.69,GBP,6300,Air travel
T005123,V0037,INV-34316,10/23/2024,303.88,GBP,6000,Air travel
T005124,V0178,INV-94631,07/08/2024,373.68,GBP,6100,Ad spend
T005125,V0026,INV-24140,22 Feb 2024,860.99,GBP,6000,Office supplies
T005126,V0079,INV-60144,22/06/2025,£190.19,GBP,6300,Software licence
T005127,V0177,INV-60001,2024-08-08,298.54,GBP,6000,Ad spend
T005128,V0004,INV-29570,12 Feb 2025,397.15,GBP,6300,Advisory fee
T005129,V0168,INV-32260,27/02/2024,475.59,GBP,6100,Software licence
T005130,V0009,INV-87929,12/09/2024,449.26,GBP,6100,Ad spend
T005131,V0107,INV-27765,03/12/2024,651.71,GBP,6400,Air travel
T005132,V0051,INV-63643,01/02/2024,"1,020.68",GBP,6000,Air travel
T005133,V0120,INV-72363,11/16/2024,621.35,GBP,6000,Software licence
T005134,V0025,INV-74871,2024-09-06,664.44,GBP,6100,Air travel
T005135,V0145,INV-11615,2024-01-27,£70.78,GBP,6300,Office supplies
T005136,V0158,INV-70486,2024-04-01,£426.35,GBP,6100,Software licence
T005137,V0168,INV-69175,06/24/2024,£683.66,GBP,6100,Software licence
T005138,V0028,INV-36764,2025-01-24,899.5,GBP,6400,Software licence
T005139,V0191,INV-76757,04/28/2025,188.37,GBP,6000,Advisory fee
T005140,V0100,INV-74961,05/25/2024,195.40,GBP,6100,Software licence
T005141,V0007,INV-43277,11/19/2024,214.54,GBP,6500,Air travel
T005142,V0191,INV-63413,24 Apr 2024,727.82,GBP,6300,Software licence
T005143,V0146,INV-31913,03/11/2024,1257.99,GBP,6300,Software licence
T005144,V0117,INV-43663,09 Nov 2024,257.70,GBP,6100,Ad spend
T005145,V0014,INV-28966,2024-08-18,"£1,095.27",GBP,6200,Air travel
T005146,V0034,INV-34073,04 Jan 2025,462.12,GBP,6100,Software licence
T005147,V0166,INV-62076,01/16/2024,351.88,GBP,6100,Air travel
T005148,V0047,INV-38137,03/10/2024,319.73,GBP,6000,Office supplies
T005149,V0188,INV-97073,18 Jan 2024,917.15,GBP,6400,Air travel
T005150,V0079,INV-68468,30 Apr 2025,£577.17,GBP,6100,Ad spend
T005151,V0158,INV-12962,08/01/2024,4931.55,GBP,6500,Office supplies
T005152,V0108,INV-94089,27 Dec 2024,£157.99,GBP,6200,Software licence
T005153,V0058,INV-27111,26/04/2025,713.31,GBP,6300,Software licence
T005154,V0167,INV-71029,11/03/2024,225.40,GBP,6500,Freight
T005155,V0007,INV-98752,17 May 2024,155.06,GBP,6200,Air travel
T005156,V0178,INV-57066,25/12/2024,£398.63,GBP,6000,Ad spend
T005157,V0010,INV-27224,18 Apr 2024,469.23,GBP,6000,Freight
T005158,V0171,INV-24475,23/11/2024,"9,996.51",GBP,6400,Freight
T005159,V0024,INV-32377,16 Mar 2025,329.45,GBP,6400,Ad spend
T005160,V0194,INV-47425,02/27/2025,116.37,GBP,6200,Ad spend
T005161,V0143,INV-66093,06/10/2025,544.74,GBP,6500,Ad spend
T005162,V0033,INV-38035,04/19/2025,£41.18,GBP,6300,Software licence
T005163,V0003,INV-75562,06/22/2025,£364.62,GBP,6200,Air travel
T005164,V0117,INV-43923,01/25/2024,410.60,GBP,6400,Advisory fee
T005165,V0060,INV-67451,31/03/2024,£966.87,GBP,6400,Software licence
T005166,V0147,INV-14263,17 May 2025,"1,177.31",GBP,6200,Freight
T005167,V0146,INV-27121,2024-03-28,231.85,GBP,6300,Air travel
T005168,V0012,INV-16599,02/17/2025,£341.83,GBP,6400,Advisory fee
T005169,V0186,INV-79348,07/25/2024,173.69,GBP,6300,Freight
T005170,V0187,INV-91962,2024-05-10,116.64,GBP,6100,Air travel
T005171,V0059,INV-46516,02/10/2024,567.3,GBP,6400,Ad spend
T005172,V0070,INV-68857,10/02/2024,99.39,GBP,6400,Office supplies
T005173,V0031,INV-39360,24/06/2025,£255.68,GBP,6300,Air travel
T005174,V0071,INV-66582,07/10/2024,£135.00,GBP,6100,Advisory fee
T005175,V0003,INV-32042,2024-03-08,738.52,GBP,6100,Office supplies
T005176,V0191,INV-74443,2024-05-31,2926.53,GBP,6000,Air travel
T005177,V0085,INV-10195,01 Aug 2024,£96.38,GBP,6100,Software licence
T005178,V0016,INV-12702,2024-01-19,52.55,GBP,6400,Freight
T005179,V0097,INV-42593,25 Oct 2024,£351.65,GBP,6500,Advisory fee
T005180,V0104,INV-69432,2024-09-02,410.46,GBP,6400,Software licence
T005181,V0157,INV-10632,01/04/2024,513.13,GBP,6400,Freight
T005182,V0147,INV-84465,2024-04-02,246.92,GBP,6000,Air travel
T005183,V0031,INV-63240,03 Jan 2024,323.53,GBP,6000,Freight
T005184,V0024,INV-60394,2024-06-04,604.42,GBP,6100,Office supplies
T005185,V0176,INV-74811,07/25/2024,1267.08,GBP,6300,Advisory fee
T005186,V0149,INV-98244,15/04/2025,£46.97,GBP,6500,Advisory fee
T005187,V0159,INV-15862,01/02/2025,268.85,GBP,6000,Freight
T005188,V0188,INV-54150,03/11/2024,£510.40,GBP,6400,Software licence
T005189,V0141,INV-65739,2025-05-06,146.97,GBP,6200,Ad spend
T005190,V0063,INV-15325,21 Feb 2024,2708.87,GBP,6000,Freight
T005191,V0151,INV-77508,10/10/2024,£200.55,GBP,6500,Office supplies
T005192,V0064,INV-66958,05/01/2024,385.51,GBP,6000,Advisory fee
T005193,V0063,INV-68414,25/03/2024,£743.69,GBP,6000,Freight
T005194,V0022,INV-51725,04 Apr 2024,210.52,GBP,6500,Freight
T005195,V0143,INV-94641,01/13/2025,52.92,GBP,6500,Air travel
T005196,V0085,INV-75699,2024-05-24,251.76,GBP,6400,Air travel
T005197,V0039,INV-12381,2024-07-12,"£1,251.86",GBP,6500,Air travel
T005198,V0171,INV-11577,11 Mar 2024,278.50,GBP,6200,Office supplies
T005199,V0083,INV-41348,11 Oct 2024,159.0,GBP,6300,Ad spend
T005200,V0008,INV-68520,25/11/2024,"1,116.82",GBP,6300,Freight
T005201,V0156,INV-88280,13/09/2024,280.38,GBP,6200,Freight
T005202,V0181,INV-45826,18 Feb 2025,£230.17,GBP,6300,Ad spend
T005203,V0038,INV-17034,2024-04-07,475.52,GBP,6000,Freight
T005204,V0036,INV-44995,01/17/2024,941.83,GBP,6100,Advisory fee
T005205,V0198,INV-80657,03/04/2024,"£5,540.75",GBP,6500,Freight
T005206,V0039,INV-28058,2024-08-15,"£1,002.21",GBP,6400,Ad spend
T005207,V0153,INV-47877,01/02/2024,1444.94,GBP,6100,Ad spend
T005208,V0037,INV-14414,20/12/2024,231.24,GBP,6400,Software licence
T005209,V0128,INV-44351,2024-11-28,£130.52,GBP,6100,Ad spend
T005210,V0059,INV-56990,16 Jul 2024,432.06,GBP,6300,Air travel
T005211,V0041,INV-39133,12/18/2024,453.9,GBP,6300,Software licence
T005212,V0003,INV-48621,03/30/2024,123.18,GBP,6100,Freight
T005213,V0025,INV-83402,2024-05-22,332.68,GBP,6400,Advisory fee
T005214,V0085,INV-24048,28/04/2024,625.94,GBP,6500,Ad spend
T005215,V0018,INV-92358,2024-06-29,£599.70,GBP,6500,Air travel
T005216,V0089,INV-83985,2024-01-19,702.55,GBP,6200,Advisory fee
T005217,V0102,INV-24997,02 Feb 2024,555.61,GBP,6000,Ad spend
T005218,V0155,INV-32661,2024-08-12,£230.97,GBP,6000,Air travel
T005219,V0110,INV-63529,25/01/2024,229.23,GBP,6000,Software licence
T005220,V0033,INV-83604,05 Sep 2024,£107.89,GBP,6400,Office supplies
T005221,V0118,INV-21359,31/01/2024,2873.40,GBP,6000,Advisory fee
T005222,V0191,INV-33039,24 Jul 2024,409.44,GBP,6100,Freight
T005223,V0189,INV-92201,13/03/2025,315.03,GBP,6000,Air travel
T005224,V0023,INV-26396,01/31/2024,145.23,GBP,6500,Air travel
T005225,V0137,INV-59055,12/01/2024,10190.63,GBP,6300,Advisory fee
T005226,V0110,INV-67045,28 Nov 2024,123.88,GBP,6100,Advisory fee
T005227,V0194,INV-43888,11/15/2024,251.71,GBP,6300,Advisory fee
T005228,V0012,INV-50037,2024-06-30,637.41,GBP,6100,Ad spend
T005229,V0108,INV-38673,11/03/2024,780.73,GBP,6300,Software licence
T005230,V0028,INV-91531,03/31/2024,"£1,157.16",GBP,6200,Office supplies
T005231,V0002,INV-57965,26/05/2025,2946.49,GBP,6500,Advisory fee
T005232,V0161,INV-36864,12 Nov 2024,704.00,GBP,6300,Office supplies
T005233,V0067,INV-40785,12/24/2024,126.26,GBP,6400,Ad spend
T005234,V0022,INV-74378,23/02/2025,304.1,GBP,6400,Office supplies
T005235,V0042,INV-51661,13 Apr 2024,566.01,GBP,6500,Advisory fee
T005236,V0033,INV-70142,06 Jul 2024,3924.71,GBP,6300,Ad spend
T005237,V0001,INV-76766,2025-02-05,86.7,GBP,6300,Advisory fee
T005238,V0100,INV-56017,02/13/2025,1514.49,GBP,6100,Office supplies
T005239,V0071,INV-20038,03/28/2025,491.72,GBP,6300,Freight
T005240,V0114,INV-76930,10/03/2024,1013.95,GBP,6400,Air travel
T005241,V0122,INV-71221,23/03/2024,360.61,GBP,6500,Office supplies
T005242,V0149,INV-17876,2024-07-31,159.7,GBP,6200,Software licence
T005243,V0010,INV-64104,04/21/2024,£921.46,GBP,6400,Air travel
T005244,V0129,INV-84137,09 May 2025,828.71,GBP,6200,Office supplies
T005245,V0033,INV-40840,16/11/2024,1175.28,GBP,6200,Office supplies
T005246,V0079,INV-17031,2024-11-10,397.57,GBP,6500,Ad spend
T005247,V0190,INV-59598,06/05/2024,208.55,GBP,6000,Office supplies
T005248,V0023,INV-54076,19 Mar 2025,£72.63,GBP,6200,Freight
T005249,V0189,INV-56698,06/16/2024,£993.58,GBP,6200,Air travel
T005250,V0148,INV-32553,18 Jan 2024,£643.09,GBP,6300,Advisory fee
T005251,V0177,INV-46229,16/10/2024,139.44,GBP,6500,Software licence
T005252,V0197,INV-26216,13/04/2024,223.09,GBP,6500,Advisory fee
T005253,V0157,INV-74626,19/07/2024,241.43,GBP,6400,Freight
T005254,V0021,INV-79624,05/30/2024,78.94,GBP,6300,Office supplies
T005255,V0001,INV-97646,15/03/2025,164.11,GBP,6100,Air travel
T005256,V0058,INV-54218,21 Oct 2024,£115.91,GBP,6400,Freight
T005257,V0046,INV-18489,06/24/2025,256.28,GBP,6400,Air travel
T005258,V0151,INV-65020,2024-01-24,£179.01,GBP,6300,Ad spend
T005259,V0067,INV-12396,21/12/2024,67.38,GBP,6000,Software licence
T005260,V0012,INV-33821,03 Apr 2024,3732.56,GBP,6100,Air travel
T005261,V0080,INV-35699,2024-10-12,1600.06,GBP,6000,Advisory fee
T005262,V0048,INV-42392,01/31/2024,171.24,GBP,6000,Advisory fee
T005263,V0103,INV-16679,14/11/2024,544.39,GBP,6400,Advisory fee
T005264,V0136,INV-65559,2024-01-05,,GBP,6100,Ad spend
T005265,V0037,INV-23170,01 Jun 2025,1495.47,GBP,6300,Software licence
T005266,V0015,INV-36559,16 Jun 2024,163.95,GBP,6000,Advisory fee
T005267,V0052,INV-23767,02 Apr 2025,"1,341.20",GBP,6400,Freight
T005268,V0160,INV-89218,20/02/2024,220.81,GBP,6000,Software licence
T005269,V0071,INV-14251,01/14/2024,92.81,GBP,6100,Air travel
T005270,V0122,INV-25306,03/09/2024,894.76,GBP,6000,Advisory fee
T005271,V0128,INV-22963,04/22/2025,1668.76,GBP,6500,Freight
T005272,V0107,INV-15975,04/17/2024,"£6,951.41",GBP,6500,Ad spend
T005273,V0040,INV-56501,22/02/2024,£107.80,GBP,6500,Freight
T005274,V0067,INV-22913,18/10/2024,£870.28,GBP,6500,Ad spend
T005275,V0135,INV-53077,2025-01-08,£257.04,GBP,6000,Advisory fee
T005276,V0031,INV-20097,29/07/2024,£954.98,GBP,6300,Air travel
T005277,V0058,INV-54262,18 Jun 2024,80.03,GBP,6500,Software licence
T005278,V0006,INV-71937,2024-06-19,100.58,GBP,6400,Freight
T005279,V0174,INV-68148,19/06/2025,£171.84,GBP,6500,Software licence
T005280,V0121,INV-28035,04/24/2025,440.04,GBP,6400,Software licence
T005281,V0184,INV-39713,04/24/2025,£199.30,GBP,6000,Ad spend
T005282,V0028,INV-65935,01/29/2024,832.94,GBP,6400,Advisory fee
T005283,V0132,INV-24557,26/04/2025,"£1,248.36",GBP,6100,Office supplies
T005284,V0052,INV-98715,28 Jan 2025,£780.19,GBP,6200,Ad spend
T005285,V0126,INV-25809,2024-07-21,"£2,393.87",GBP,6300,Air travel
T005286,V0059,INV-15284,03 Apr 2025,£637.41,GBP,6300,Freight
T005287,V0028,INV-10914,2024-07-05,105.79,GBP,6200,Freight
T005288,V0004,INV-98307,01/10/2025,"£1,807.53",GBP,6200,Ad spend
T005289,V0129,INV-14125,16 Jan 2024,£207.33,GBP,6100,Advisory fee
T005290,V0066,INV-97704,27 Oct 2024,1098.24,GBP,6100,Office supplies
T005291,V0055,INV-61807,07/09/2024,2278.12,GBP,6100,Software licence
T005292,V0101,INV-86687,02/08/2024,666.71,GBP,6300,Freight
T005293,V0172,INV-60125,26 Dec 2024,77.81,GBP,6300,Air travel
T005294,V0102,INV-97343,28/04/2025,£146.93,GBP,6000,Ad spend
T005295,V0114,INV-99422,31/12/2024,1728.52,GBP,6000,Ad spend
T005296,V0159,INV-25518,08 Sep 2024,334.94,GBP,6400,Air travel
T005297,V0179,INV-28617,04/01/2024,440.33,GBP,6200,Software licence
T005298,V0189,INV-25130,02/20/2025,£929.56,GBP,6200,Office supplies
T005299,V0100,INV-19528,05 Jan 2024,867.79,GBP,6300,Software licence
T005300,V0056,INV-35903,2025-01-07,548.22,GBP,6000,Advisory fee
T005301,V0134,INV-43820,06/09/2024,320.69,GBP,6200,Office supplies
T005302,V0180,INV-24746,15/08/2024,£286.02,GBP,6400,Office supplies
T005303,V0074,INV-81018,2024-10-26,"1,036.59",GBP,6400,Software licence
T005304,V0057,INV-13091,01/11/2024,£741.69,GBP,6200,Software licence
T005305,V0190,INV-65716,17 Mar 2024,303.98,GBP,6000,Air travel
T005306,V0059,INV-16140,2024-05-30,1326.53,GBP,6000,Air travel
T005307,V0019,INV-59421,05/02/2025,350.05,GBP,6500,Air travel
T005308,V0196,INV-82096,2025-02-01,158.09,GBP,6500,Air travel
T005309,V0104,INV-42121,24/08/2024,175.06,GBP,6500,Freight
T005310,V0085,INV-40496,13 Nov 2024,137.47,GBP,6400,Software licence
T005311,V0024,INV-10411,29/11/2024,£298.97,GBP,6000,Software licence
T005312,V0195,INV-46193,25 May 2025,"£1,567.28",GBP,6300,Air travel
T005313,V0197,INV-30377,17 May 2025,166.4,GBP,6400,Freight
T005314,V0109,INV-26027,23 Nov 2024,£496.37,GBP,6300,Office supplies
T005315,V0142,INV-54166,11/24/2024,195.91,GBP,6500,Software licence
T005316,V0036,INV-81566,2024-03-19,302.98,GBP,6300,Ad spend
T005317,V0085,INV-22908,17 May 2024,9000.00,GBP,6100,Freight
T005318,V0096,INV-83765,2025-05-24,316.53,GBP,6400,Software licence
T005319,V0088,INV-57484,2024-09-22,326.01,GBP,6100,Ad spend
T005320,V0164,INV-15978,17 Apr 2025,730.93,GBP,6100,Office supplies
T005321,V0188,INV-60246,01/20/2024,515.74,GBP,6100,Air travel
T005322,V0075,INV-67033,13 Jan 2025,107.96,GBP,6200,Ad spend
T005323,V0198,INV-70630,24 Apr 2025,"1,329.58",GBP,6100,Software licence
T005324,V0092,INV-18474,2025-03-28,508.43,GBP,6000,Software licence
T005325,V0118,INV-36682,03/03/2024,501.82,GBP,6400,Ad spend
T005326,V0032,INV-57402,01/28/2025,399.37,GBP,6200,Advisory fee
T005327,V0124,INV-79672,08/23/2024,228.26,GBP,6300,Advisory fee
T005328,V0186,INV-18021,09 Aug 2024,512.64,GBP,6000,Ad spend
T005329,V0082,INV-50225,08/21/2024,£680.72,GBP,6400,Software licence
T005330,V0199,INV-34341,28 Mar 2025,59.05,GBP,6200,Software licence
T005331,V0078,INV-75962,2024-11-28,223.04,GBP,6500,Ad spend
T005332,V0172,INV-33732,27/01/2025,£304.77,GBP,6000,Office supplies
T005333,V0145,INV-32643,06/12/2024,534.74,GBP,6200,Ad spend
T005334,V0176,INV-79216,2025-02-16,1499.13,GBP,6100,Ad spend
T005335,V0048,INV-82745,12/06/2025,172.62,GBP,6200,Software licence
T005336,V0115,INV-64607,03/14/2025,233.28,GBP,6200,Office supplies
T005337,V0003,INV-68368,01/21/2025,229.57,GBP,6500,Office supplies
T005338,V0037,INV-72683,2024-03-10,167.05,GBP,6500,Office supplies
T005339,V0087,INV-37295,02/14/2025,£275.36,GBP,6300,Ad spend
T005340,V9827,INV-28135,01/01/2025,941.88,GBP,6400,Office supplies
T005341,V0056,INV-79338,17/03/2025,126.57,GBP,6500,Freight
T005342,V0122,INV-89610,23 Feb 2024,645.87,GBP,6300,Advisory fee
T005343,V0178,INV-13959,26 Sep 2024,62.05,GBP,6400,Freight
T005344,V0101,INV-87505,27/08/2024,217.57,GBP,6100,Software licence
T005345,V0178,INV-53857,14/01/2025,280.78,GBP,6100,Air travel
T005346,V0002,INV-55462,27 Jan 2024,"£2,546.17",GBP,6500,Freight
T005347,V0155,INV-28977,30 Apr 2025,298.19,GBP,6100,Freight
T005348,V0108,INV-20984,01/12/2024,£35.82,GBP,6400,Ad spend
T005349,V0110,INV-43734,10 Jan 2024,44.76,GBP,6200,Office supplies
T005350,V0175,INV-96014,2024-11-25,418.82,GBP,6300,Ad spend
T005351,V0015,INV-72087,05/27/2025,792.46,GBP,6400,Ad spend
T005352,V0128,INV-54433,2024-12-18,609.72,GBP,6200,Office supplies
T005353,V0112,INV-20089,29/01/2024,485.09,GBP,6100,Freight
T005354,V0067,INV-29288,04 Jul 2024,1448.79,GBP,6300,Office supplies
T005355,V0104,INV-27070,11/04/2025,222.84,GBP,6500,Office supplies
T005356,V0047,INV-17816,29 Jun 2024,1079.66,GBP,6100,Advisory fee
T005357,V0038,INV-73195,2024-04-15,67.01,GBP,6000,Software licence
T005358,V0119,INV-58626,05/16/2025,£149.09,GBP,6300,Freight
T005359,V0031,INV-74463,04/19/2024,55.27,GBP,6300,Office supplies
T005360,V0015,INV-48604,10 Jun 2024,£298.17,GBP,6400,Freight
T005361,V0096,INV-24944,22 Oct 2024,383.41,GBP,6200,Freight
T005362,V0104,INV-85644,08/26/2024,457.38,GBP,6000,Air travel
T005363,V0045,INV-23574,2025-03-11,431.85,GBP,6400,Software licence
T005364,V0054,INV-86613,02 Jul 2024,£145.43,GBP,6100,Software licence
T005365,V0047,INV-64160,2024-01-15,327.25,GBP,6000,Air travel
T005366,V0048,INV-98946,2025-02-11,77.70,GBP,6200,Ad spend
T005367,V0020,INV-17936,2025-03-08,1807.23,GBP,6400,Software licence
T005368,V0019,INV-69058,2025-04-20,£288.88,GBP,6000,Office supplies
T005369,V0021,INV-62436,2024-07-17,235.62,GBP,6300,Software licence
T005370,V0088,INV-99817,12 Jan 2024,2316.55,GBP,6000,Air travel
T005371,V0150,INV-35989,08/01/2024,102.88,GBP,6100,Ad spend
T005372,V0118,INV-34056,16/09/2024,116.96,GBP,6200,Ad spend
T005373,V0148,INV-39343,2024-04-25,120.80,GBP,6300,Office supplies
T005374,V0145,INV-46521,30/03/2025,374.41,GBP,6300,Office supplies
T005375,V0143,INV-10698,15/08/2024,648.59,GBP,6400,Software licence
T005376,V0190,INV-62127,28 Nov 2024,910.18,GBP,6200,Software licence
T005377,V0041,INV-55848,28 Nov 2024,"£6,830.78",GBP,6000,Advisory fee
T005378,V0155,INV-38702,18 Aug 2024,33.97,GBP,6100,Ad spend
T005379,V0180,INV-30709,2025-05-20,788.09,GBP,6100,Freight
T005380,V0023,INV-30980,2024-04-30,£218.58,GBP,6300,Office supplies
T005381,V0090,INV-95487,18/02/2024,211.65,GBP,6200,Freight
T005382,V0110,INV-17798,05/08/2024,204.03,GBP,6300,Advisory fee
T005383,V0108,INV-69318,02/08/2025,148.47,GBP,6500,Air travel
T005384,V0044,INV-69456,2024-06-19,2573.38,GBP,6400,Advisory fee
T005385,V0078,INV-56648,29/07/2024,"£1,018.95",GBP,6400,Ad spend
T005386,V0068,INV-91714,01/17/2025,413.85,GBP,6000,Ad spend
T005387,V0186,INV-10074,06/01/2025,"1,783.12",GBP,6400,Ad spend
T005388,V0078,INV-10365,2025-03-04,76.42,GBP,6500,Ad spend
T005389,V0094,INV-64104,23 Jan 2024,93.34,GBP,6100,Software licence
T005390,V0140,INV-11340,04/15/2024,36.75,GBP,6400,Office supplies
T005391,V0153,INV-16089,18 Jun 2024,£186.91,GBP,6100,Software licence
T005392,V0096,INV-49228,31/08/2024,481.96,GBP,6400,Software licence
T005393,V0072,INV-43953,2024-02-05,£451.76,GBP,6400,Office supplies
T005394,V0045,INV-30562,2024-12-22,475.46,GBP,6100,Office supplies
T005395,V0053,INV-32716,01/07/2024,85.44,GBP,6100,Office supplies
T005396,V0092,INV-18812,11 Feb 2024,976.01,GBP,6100,Air travel
T005397,V0167,INV-53435,18 Dec 2024,£525.10,GBP,6000,Software licence
T005398,V0159,INV-39654,12/11/2024,£903.58,GBP,6200,Air travel
T005399,V0184,INV-99515,04 Feb 2024,£50.30,GBP,6100,Ad spend
T005400,V0149,INV-76098,2024-10-18,568.29,GBP,6500,Office supplies
T005401,V0160,INV-35380,2024-09-08,109.23,GBP,6100,Office supplies
T005402,V0076,INV-42281,07/02/2025,£260.59,GBP,6100,Freight
T005403,V0110,INV-27335,2024-01-08,726.18,GBP,6400,Software licence
T005404,V0089,INV-83967,24/08/2024,445.95,GBP,6000,Office supplies
T005405,V0069,INV-45418,02/04/2024,158.11,GBP,6100,Freight
T005406,V0015,INV-68239,2024-12-07,406.22,GBP,6400,Ad spend
T005407,V0081,INV-90180,05/17/2024,74.84,GBP,6000,Software licence
T005408,V0037,INV-41814,23 May 2025,1429.81,GBP,6300,Office supplies
T005409,V0020,INV-73061,2025-04-15,321.88,GBP,6200,Freight
T005410,V0096,INV-46419,06/12/2024,"1,380.78",GBP,6000,Software licence
T005411,V0099,INV-33888,01 Oct 2024,£226.06,GBP,6500,Software licence
T005412,V0145,INV-36627,03 Apr 2025,226.80,GBP,6200,Freight
T005413,V0026,INV-86802,2024-05-15,174.06,GBP,6100,Ad spend
T005414,V0115,INV-19963,22/08/2024,"1,057.64",GBP,6000,Ad spend
T005415,V0096,INV-40424,14/02/2025,184.86,GBP,6100,Ad spend
T005416,V0071,INV-72056,11/22/2024,£819.80,GBP,6100,Advisory fee
T005417,V0131,INV-92517,02/12/2025,264.89,GBP,6200,Ad spend
T005418,V0027,INV-28594,27 Jan 2024,£45.90,GBP,6400,Ad spend
T005419,V0031,INV-68794,22 Aug 2024,215.43,GBP,6000,Software licence
T005420,V0147,INV-87737,11/06/2024,£110.28,GBP,6500,Advisory fee
T005421,V0137,INV-45203,11/18/2024,418.76,GBP,6100,Air travel
T005422,V0016,INV-35041,19 Jun 2024,108.91,GBP,6500,Software licence
T005423,V0017,INV-56377,08/23/2024,"1,117.19",GBP,6200,Air travel
T005424,V0003,INV-51654,06/04/2024,364.97,GBP,6200,Office supplies
T005425,V0185,INV-28294,2024-04-12,,GBP,6400,Advisory fee
T005426,V0027,INV-49257,31/08/2024,830.05,GBP,6500,Software licence
T005427,V0133,INV-67883,11/05/2025,"1,164.79",GBP,6400,Ad spend
T005428,V0164,INV-28305,09/24/2024,394.61,GBP,6300,Freight
T005429,V0033,INV-59068,14 Sep 2024,172.72,GBP,6100,Office supplies
T005430,V0024,INV-75761,08/29/2024,57.32,GBP,6500,Air travel
T005431,V0161,INV-98526,25/11/2024,189.68,GBP,6500,Freight
T005432,V0029,INV-87424,07/03/2024,204.60,GBP,6500,Software licence
T005433,V0078,INV-81136,2025-05-09,453.85,GBP,6300,Software licence
T005434,V0111,INV-74580,2025-01-26,275.98,GBP,6400,Office supplies
T005435,V0054,INV-40733,2024-06-23,859.82,GBP,6400,Freight
T005436,V9580,INV-66360,28 Dec 2024,£205.56,GBP,6000,Air travel
T005437,V0159,INV-17492,2024-06-18,378.89,GBP,6200,Ad spend
T005438,V0184,INV-81159,2024-10-23,"£1,483.84",GBP,6300,Air travel
T005439,V0015,INV-78126,2024-12-07,"9,000.00",GBP,6500,Freight
T005440,V0092,INV-79113,2024-07-15,£377.65,GBP,6500,Freight
T005441,V0044,INV-52026,23/03/2025,208.07,GBP,6500,Ad spend
T005442,V0035,INV-63022,2024-06-25,201.03,GBP,6000,Advisory fee
T005443,V0131,INV-44881,2025-02-11,158.27,GBP,6300,Office supplies
T005444,V0169,INV-86611,21 Jun 2024,222.49,GBP,6200,Air travel
T005445,V0056,INV-93577,22/11/2024,926.33,GBP,6500,Air travel
T005446,V0021,INV-86756,02/05/2025,316.06,GBP,6100,Freight
T005447,V0041,INV-32624,06/07/2024,,GBP,6200,Software licence
T005448,V0194,INV-23931,07/06/2024,"2,821.39",GBP,6200,Advisory fee
T005449,V0170,INV-93313,02/19/2025,573.62,GBP,6100,Air travel
T005450,V0115,INV-32557,25/02/2025,85.83,GBP,6100,Freight
T005451,V0195,INV-43023,03/07/2024,248.13,GBP,6500,Software licence
T005452,V0024,INV-32220,2024-06-15,455.76,GBP,6100,Air travel
T005453,V0023,INV-47679,28/06/2024,"£2,630.82",GBP,6400,Software licence
T005454,V0004,INV-89362,2025-03-03,119.23,GBP,6300,Office supplies
T005455,V0178,INV-68115,02/10/2024,"£1,180.44",GBP,6100,Ad spend
T005456,V0103,INV-10032,2024-09-25,"£1,880.77",GBP,6200,Software licence
T005457,V0149,INV-57357,2025-03-16,£202.04,GBP,6100,Office supplies
T005458,V0018,INV-72549,2024-10-18,297.3,GBP,6500,Software licence
T005459,V0005,INV-40356,03/17/2024,129.03,GBP,6000,Advisory fee
T005460,V0195,INV-21062,12/08/2024,322.53,GBP,6100,Air travel
T005461,V0196,INV-36318,30/06/2024,£387.51,GBP,6100,Office supplies
T005462,V0077,INV-70775,05/04/2024,833.48,GBP,6000,Freight
T005463,V0057,INV-60111,01/06/2024,"1,338.36",GBP,6500,Software licence
T005464,V0108,INV-12787,05/27/2024,177.17,GBP,6300,Ad spend
T005465,V0169,INV-14885,11/24/2024,46.34,GBP,6300,Air travel
T005466,V0103,INV-24535,04/03/2025,394.11,GBP,6000,Ad spend
T005467,V0112,INV-27013,2025-02-04,£557.18,GBP,6200,Office supplies
T005468,V0182,INV-78907,28 Dec 2024,530.79,GBP,6000,Software licence
T005469,V0147,INV-52672,21 Aug 2024,281.65,GBP,6300,Office supplies
T005470,V0052,INV-45569,2025-03-09,462.77,GBP,6000,Ad spend
T005471,,INV-96381,30 May 2024,2136.64,GBP,6100,Advisory fee
T005472,V0029,INV-36946,2024-07-21,613.95,GBP,6300,Software licence
T005473,V0004,INV-94268,2024-09-22,267.55,GBP,6200,Advisory fee
T005474,V0024,INV-67052,11/02/2024,232.71,GBP,6100,Office supplies
T005475,V0184,INV-22994,2025-02-02,334.68,GBP,6200,Air travel
T005476,V0074,INV-25244,20/07/2024,2441.61,GBP,6300,Office supplies
T005477,V0119,INV-71586,02/01/2025,£329.76,GBP,6400,Air travel
T005478,V0123,INV-65079,02/02/2024,£394.74,GBP,6300,Advisory fee
T005479,V0054,INV-42900,26/10/2024,237.33,GBP,6100,Freight
T005480,V0012,INV-46365,14 Mar 2025,1351.38,GBP,6000,Ad spend
T005481,V0084,INV-54588,12/04/2024,3483.60,GBP,6400,Freight
T005482,V0113,INV-12591,03/29/2024,662.27,GBP,6300,Freight
T005483,V0158,INV-84007,12/07/2024,441.89,GBP,6100,Air travel
T005484,V0179,INV-33953,12 Feb 2024,420.09,GBP,6100,Air travel
T005485,V0144,INV-38730,31/03/2025,29.29,GBP,6200,Air travel
T005486,V0198,INV-45038,20 Mar 2024,915.68,GBP,6300,Office supplies
T005487,V0057,INV-45214,19/12/2024,467.59,GBP,6300,Air travel
T005488,V0051,INV-75664,02/02/2025,£646.24,GBP,6400,Air travel
T005489,V0115,INV-84746,12/01/2024,184.45,GBP,6100,Air travel
T005490,V0076,INV-80263,01/13/2025,264.3,GBP,6500,Office supplies
T005491,V0097,INV-27932,04 Mar 2025,256.69,GBP,6400,Freight
T005492,V0011,INV-46814,23 Apr 2025,1241.14,GBP,6100,Office supplies
T005493,V0133,INV-66868,29 Sep 2024,£265.96,GBP,6000,Advisory fee
T005494,V0004,INV-10421,2024-12-13,"3,987.53",GBP,6100,Freight
T005495,V0087,INV-92027,2024-11-16,648.04,GBP,6300,Advisory fee
T005496,V0069,INV-32856,03/04/2024,99.16,GBP,6300,Advisory fee
T005497,V0072,INV-40730,24/11/2024,350.23,GBP,6400,Freight
T005498,V0005,INV-14260,13/08/2024,196.99,GBP,6300,Freight
T005499,V0020,INV-44321,13 Mar 2025,£36.10,GBP,6000,Air travel
T005500,V0126,INV-94874,24 Feb 2025,"£2,343.54",GBP,6500,Software licence
T005501,V0076,INV-39114,11 Apr 2025,874.33,GBP,6400,Freight
T005502,V0068,INV-46150,08/05/2024,£725.26,GBP,6300,Software licence
T005503,V0102,INV-59175,25/03/2024,483.93,GBP,6400,Ad spend
T005504,V0167,INV-56059,01/03/2025,£88.22,GBP,6200,Ad spend
T005505,V0120,INV-27219,01 Feb 2025,236.99,GBP,6100,Ad spend
T005506,V0142,INV-18800,01/11/2025,1018.37,GBP,6500,Air travel
T005507,V0178,INV-21420,15/06/2025,126.93,GBP,6200,Freight
T005508,V0192,INV-89813,2024-02-04,24.9,GBP,6000,Office supplies
T005509,V0116,INV-72308,06/19/2024,314.25,GBP,6400,Software licence
T005510,V0003,INV-77767,2024-11-11,345.18,GBP,6200,Software licence
T005511,V0179,INV-69562,2025-01-29,468.30,GBP,6000,Air travel
T005512,V0061,INV-57623,25 Feb 2025,899.08,GBP,6300,Software licence
T005513,V0087,INV-14784,,813.52,GBP,6500,Office supplies
T005514,V0114,INV-44997,11 Mar 2025,536.27,GBP,6400,Freight
T005515,V0063,INV-37692,01/28/2024,"£1,502.80",GBP,6300,Ad spend
T005516,V0166,INV-67675,04 Aug 2024,75.88,GBP,6000,Ad spend
T005517,V0121,INV-25760,18/05/2024,702.78,GBP,6100,Advisory fee
T005518,V0047,INV-65132,2025-02-24,803.67,GBP,6300,Freight
T005519,V0165,INV-46858,24/03/2024,103.18,GBP,6400,Software licence
T005520,V0198,INV-77095,04/07/2025,77.23,GBP,6400,Advisory fee
T005521,V0130,INV-66479,2024-12-02,177.59,GBP,6100,Freight
T005522,V0195,INV-53186,17 Feb 2024,194.86,GBP,6300,Ad spend
T005523,V0193,INV-36902,2025-02-28,924.05,GBP,6100,Air travel
T005524,V0175,INV-32172,11 Jun 2025,205.2,GBP,6500,Freight
T005525,V0129,INV-73121,2025-02-13,£157.28,GBP,6000,Advisory fee
T005526,V0081,INV-93582,11/26/2024,205.86,GBP,6000,Advisory fee
T005527,V0164,INV-49673,05/21/2024,"1,380.91",GBP,6100,Software licence
T005528,V0178,INV-69691,01 Mar 2024,409.26,GBP,6200,Advisory fee
T005529,V0144,INV-65389,20/03/2024,£331.23,GBP,6400,Ad spend
T005530,V0175,INV-68036,2024-01-31,357.45,GBP,6300,Ad spend
T005531,V0053,INV-34486,03/03/2024,1671.15,GBP,6000,Ad spend
T005532,V0196,INV-31346,01/16/2024,176.96,GBP,6300,Office supplies
T005533,V0149,INV-86199,2024-06-30,1714.81,GBP,6400,Freight
T005534,V0021,INV-98198,12 Jun 2024,508.54,GBP,6300,Software licence
T005535,V0144,INV-30174,04 Mar 2025,£338.17,GBP,6500,Air travel
T005536,V0197,INV-36748,26 Aug 2024,"6,316.94",GBP,6300,Software licence
T005537,V0118,INV-10796,2025-03-09,126.32,GBP,6200,Freight
T005538,V0068,INV-32494,2025-02-18,£273.40,GBP,6400,Air travel
T005539,V0041,INV-13959,2024-07-30,103.99,GBP,6500,Advisory fee
T005540,V0152,INV-80197,08/28/2024,"£1,150.22",GBP,6000,Advisory fee
T005541,V9554,INV-41117,30/11/2024,2586.62,GBP,6200,Advisory fee
T005542,V0164,INV-88840,20 Jan 2024,2532.38,GBP,6000,Air travel
T005543,V0092,INV-84131,04 Mar 2025,"1,550.52",GBP,6300,Software licence
T005544,V0098,INV-88487,02 Jul 2024,324.61,GBP,6000,Freight
T005545,V0088,INV-80596,03/25/2025,£269.95,GBP,6100,Software licence
T005546,V0095,INV-43877,15 Jun 2024,64.18,GBP,6200,Office supplies
T005547,V0144,INV-77191,11 Oct 2024,"3,787.50",GBP,6500,Office supplies
T005548,V0014,INV-29228,2024-03-18,675.79,GBP,6300,Advisory fee
T005549,V0138,INV-24633,2025-02-28,234.83,GBP,6300,Freight
T005550,V0002,INV-60641,20/01/2025,"1,738.65",GBP,6500,Air travel
T005551,V0170,INV-39070,04/26/2024,138.37,GBP,6200,Advisory fee
T005552,V0136,INV-86008,23/02/2024,630.99,GBP,6000,Ad spend
T005553,V0167,INV-43108,05/25/2024,333.66,GBP,6500,Freight
T005554,V0024,INV-53066,02 Jan 2024,£814.48,GBP,6100,Ad spend
T005555,V0199,INV-16079,2024-04-27,376.18,GBP,6300,Software licence
T005556,V0154,INV-30457,02/26/2025,81.78,GBP,6500,Air travel
T005557,V0011,INV-68493,19/02/2024,438.4,GBP,6100,Software licence
T005558,V0132,INV-92457,2024-02-02,"1,278.89",GBP,6400,Advisory fee
T005559,V0017,INV-69540,2024-06-12,£390.67,GBP,6300,Office supplies
T005560,V0136,INV-31706,2025-02-28,£946.36,GBP,6400,Office supplies
T005561,V0167,INV-48795,02 Nov 2024,127.73,GBP,6400,Air travel
T005562,V0193,INV-13957,01/20/2024,£391.94,GBP,6300,Office supplies
T005563,V0133,INV-76537,2024-12-13,£202.97,GBP,6400,Office supplies
T005564,V0165,INV-94783,2025-04-23,£917.52,GBP,6500,Air travel
T005565,V0023,INV-19864,03/05/2025,417.65,GBP,6400,Software licence
T005566,V0109,INV-87638,25 Apr 2024,861.85,GBP,6500,Freight
T005567,V0099,INV-24441,24/06/2024,1334.73,GBP,6300,Ad spend
T005568,V0101,INV-27358,16 Jan 2024,863.32,GBP,6400,Software licence
T005569,V0136,INV-27494,01/18/2024,544.81,GBP,6100,Freight
T005570,V0031,INV-69806,28 Feb 2024,134.55,GBP,6500,Office supplies
T005571,V0108,INV-35509,27/09/2024,402.19,GBP,6200,Air travel
T005572,V0056,INV-52737,25/01/2025,224.44,GBP,6500,Advisory fee
T005573,V0048,INV-94138,16 Sep 2024,276.31,GBP,6200,Freight
T005574,V0175,INV-73511,07 Jan 2024,267.20,GBP,6000,Office supplies
T005575,V0003,INV-48697,26 May 2024,137.29,GBP,6200,Office supplies
T005576,V0169,INV-59012,08/08/2024,£46.85,GBP,6300,Freight
T005577,V0005,INV-86751,2024-04-02,£193.45,GBP,6100,Office supplies
T005578,V0118,INV-57740,11 Sep 2024,499.06,GBP,6000,Office supplies
T005579,V0142,INV-44899,04/07/2025,91.56,GBP,6300,Advisory fee
T005580,V0016,INV-42758,2025-01-20,410.45,GBP,6500,Ad spend
T005581,V0001,INV-27283,2024-10-27,3262.65,GBP,6100,Ad spend
T005582,V0082,INV-27427,2024-11-11,1243.10,GBP,6000,Air travel
T005583,V0091,INV-39138,11 Mar 2025,"£2,459.95",GBP,6200,Freight
T005584,V0193,INV-20375,2025-03-26,620.32,GBP,6200,Air travel
T005585,V0174,INV-12132,05/09/2024,"£1,457.18",GBP,6300,Advisory fee
T005586,V0070,INV-76849,30/05/2024,181.93,GBP,6000,Air travel
T005587,V0184,INV-84705,04/07/2025,198.59,GBP,6300,Office supplies
T005588,,INV-58423,10/10/2024,19.83,GBP,6500,Ad spend
T005589,V0106,INV-29958,21 Jul 2024,"£1,487.36",GBP,6100,Office supplies
T005590,V0110,INV-15038,25/01/2025,"2,195.92",GBP,6300,Ad spend
T005591,V0155,INV-91910,21 Feb 2025,£219.53,GBP,6200,Freight
T005592,V0019,INV-26953,16 Jan 2025,305.10,GBP,6400,Air travel
T005593,V0146,INV-73517,06/27/2024,176.05,GBP,6100,Advisory fee
T005594,V0013,INV-43629,2024-07-09,614.57,GBP,6400,Freight
T005595,V0100,INV-34185,2024-06-18,"1,390.51",GBP,6300,Freight
T005596,V0159,INV-26883,12/01/2024,£59.32,GBP,6300,Ad spend
T005597,V0102,INV-19525,09 Apr 2025,£632.94,GBP,6400,Freight
T005598,V0105,INV-33189,2024-07-12,297.57,GBP,6200,Ad spend
T005599,V0157,INV-87333,2024-06-07,457.02,GBP,6400,Advisory fee
T005600,V0155,INV-81848,09/10/2024,668.40,GBP,6100,Air travel
T005601,V0193,INV-82462,05/03/2025,£327.99,GBP,6300,Freight
T005602,V0132,INV-70816,22/05/2025,359.98,GBP,6300,Freight
T005603,V0048,INV-58780,20 Mar 2025,£318.86,GBP,6000,Air travel
T005604,V0032,INV-42382,17 Sep 2024,1173.03,GBP,6400,Office supplies
T005605,V0013,INV-78584,09/14/2024,639.47,GBP,6400,Office supplies
T005606,V0025,INV-52909,2024-07-23,£514.22,GBP,6400,Freight
T005607,V0191,INV-34851,27 Mar 2024,99.68,GBP,6100,Office supplies
T005608,V0104,INV-11290,01/31/2024,266.02,GBP,6000,Software licence
T005609,V0075,INV-48992,02/20/2024,"£1,084.13",GBP,6500,Advisory fee
T005610,V0179,INV-71133,12/02/2025,420.51,GBP,6100,Freight
T005611,V0186,INV-18826,08 Nov 2024,£833.38,GBP,6500,Advisory fee
T005612,V0170,INV-39730,02/04/2024,,GBP,6200,Advisory fee
T005613,V0145,INV-19269,08/10/2024,"1,264.54",GBP,6200,Software licence
T005614,V0005,INV-36755,12 Jun 2025,446.96,GBP,6400,Ad spend
T005615,V0083,INV-29963,04/26/2025,229.96,GBP,6100,Software licence
T005616,V0152,INV-90333,03/21/2025,24.32,GBP,6500,Air travel
T005617,V0172,INV-60298,31/10/2024,£335.22,GBP,6100,Advisory fee
T005618,V0171,INV-27751,2024-10-30,281.85,GBP,6000,Air travel
T005619,V0159,INV-95061,03/06/2024,619.8,GBP,6000,Freight
T005620,V0047,INV-40609,10 Dec 2024,340.60,GBP,6100,Software licence
T005621,V0146,INV-73501,03/12/2025,£283.60,GBP,6300,Freight
T005622,V0027,INV-91577,24/09/2024,56.98,GBP,6400,Freight
T005623,V0103,INV-26397,2024-02-04,143.46,GBP,6500,Air travel
T005624,V0103,INV-79985,2024-05-14,£681.51,GBP,6000,Software licence
T005625,V0122,INV-96360,2025-01-08,2663.77,GBP,6100,Advisory fee
T005626,V0001,INV-68794,2025-02-22,£362.39,GBP,6300,Software licence
T005627,V0135,INV-66441,12/07/2024,578.59,GBP,6300,Office supplies
T005628,V0194,INV-95411,24/10/2024,1150.24,GBP,6000,Air travel
T005629,V0064,INV-50285,17 May 2025,165.34,GBP,6200,Software licence
T005630,V0182,INV-31412,11/21/2024,603.95,GBP,6100,Software licence
T005631,V0169,INV-35450,08 May 2025,178.66,GBP,6500,Freight
T005632,V0081,INV-63045,2024-04-09,"1,044.51",GBP,6000,Software licence
T005633,V0128,INV-74250,2025-05-22,476.54,GBP,6100,Advisory fee
T005634,V0044,INV-19604,23 May 2025,560.2,GBP,6200,Software licence
T005635,V0058,INV-64924,29/03/2024,£170.57,GBP,6400,Advisory fee
T005636,V0046,INV-15896,2024-05-30,878.08,GBP,6500,Air travel
T005637,V0160,INV-86523,13/03/2024,"3,996.54",GBP,6400,Office supplies
T005638,V0133,INV-73475,17/07/2024,133.13,GBP,6100,Ad spend
T005639,V0011,INV-34887,01/11/2024,277.62,GBP,6500,Office supplies
T005640,V0076,INV-50699,2024-10-08,£520.49,GBP,6300,Air travel
T005641,V0141,INV-89814,01 Jan 2024,£958.19,GBP,6200,Ad spend
T005642,V0111,INV-13364,03/30/2025,218.0,GBP,6500,Freight
T005643,V0107,INV-26865,18 Aug 2024,17.88,GBP,6200,Software licence
T005644,V0002,INV-71660,02/27/2025,"£1,799.22",GBP,6200,Software licence
T005645,V0200,INV-89731,14/03/2024,931.28,GBP,6300,Advisory fee
T005646,V0009,INV-83054,31/12/2024,59.31,GBP,6000,Ad spend
T005647,V0178,INV-41312,06/19/2024,206.78,GBP,6400,Freight
T005648,V0089,INV-20283,01/10/2024,,GBP,6200,Ad spend
T005649,V0050,INV-43527,02/07/2024,1983.42,GBP,6400,Software licence
T005650,V0143,INV-56401,06/05/2025,"1,132.86",GBP,6000,Air travel
T005651,V0089,INV-81382,21 Mar 2024,£332.38,GBP,6500,Advisory fee
T005652,V0025,INV-52068,04/07/2025,441.99,GBP,6200,Air travel
T005653,V0184,INV-91153,05 Feb 2025,£349.32,GBP,6500,Air travel
T005654,V0064,INV-88941,29 Apr 2024,1395.58,GBP,6300,Software licence
T005655,V0166,INV-74473,29 Apr 2025,£153.94,GBP,6000,Software licence
T005656,V0073,INV-11482,08/09/2024,166.27,GBP,6000,Advisory fee
T005657,V0080,INV-51803,15 Nov 2024,1225.74,GBP,6000,Freight
T005658,V0071,INV-12408,09/11/2024,384.22,GBP,6400,Advisory fee
T005659,V0140,INV-29609,01 Jul 2024,"£1,837.78",GBP,6000,Freight
T005660,V0007,INV-99256,08/02/2024,192.74,GBP,6400,Ad spend
T005661,V0101,INV-31013,10 Feb 2024,379.84,GBP,6100,Freight
T005662,V0096,INV-81301,2025-02-12,146.25,GBP,6500,Air travel
T005663,V0161,INV-12757,03/31/2025,406.71,GBP,6400,Freight
T005664,V0004,INV-29864,02/05/2025,79.33,GBP,6200,Office supplies
T005665,V0156,INV-54295,02 Apr 2024,235.95,GBP,6300,Air travel
T005666,V0178,INV-67321,07/30/2024,£83.11,GBP,6100,Advisory fee
T005667,V0061,INV-54898,03/03/2025,£865.51,GBP,6100,Office supplies
T005668,V0015,INV-34887,04/24/2025,887.36,GBP,6200,Air travel
T005669,V0006,INV-75947,03 Jun 2025,£60.14,GBP,6000,Ad spend
T005670,V0125,INV-15579,06/01/2025,"£1,749.83",GBP,6500,Freight
T005671,V0143,INV-73303,2024-02-13,"£6,292.77",GBP,6400,Office supplies
T005672,V0011,INV-99063,30/04/2024,424.37,GBP,6400,Advisory fee
T005673,V0158,INV-22144,2024-10-15,199.29,GBP,6100,Software licence
T005674,V0024,INV-36174,2024-05-28,"9,016.07",GBP,6300,Ad spend
T005675,V0026,INV-22615,2024-12-09,94.55,GBP,6400,Air travel
T005676,V0142,INV-54368,18/02/2024,412.45,GBP,6200,Office supplies
T005677,V0103,INV-41584,09 Jul 2024,491.56,GBP,6500,Software licence
T005678,V0029,INV-87856,16 Feb 2025,1771.64,GBP,6000,Air travel
T005679,V0117,INV-99619,11 Jun 2024,599.27,GBP,6100,Software licence
T005680,V0081,INV-39607,04/26/2025,233.11,GBP,6500,Software licence
T005681,V0122,INV-72574,06 Oct 2024,£141.70,GBP,6200,Advisory fee
T005682,V0072,INV-48832,06 May 2025,£276.99,GBP,6500,Advisory fee
T005683,V0015,INV-79707,20/05/2024,£133.27,GBP,6500,Office supplies
T005684,V0021,INV-68168,06/03/2024,425.22,GBP,6200,Ad spend
T005685,V0191,INV-19624,13 Dec 2024,216.89,GBP,6500,Office supplies
T005686,V0148,INV-45690,03/07/2025,77.99,GBP,6300,Ad spend
T005687,V0105,INV-27336,21 Feb 2025,1604.65,GBP,6100,Office supplies
T005688,V0084,INV-85526,19/01/2025,233.35,GBP,6000,Air travel
T005689,V0060,INV-11783,21 May 2024,99.99,GBP,6500,Ad spend
T005690,V0019,INV-80073,04 Nov 2024,£335.26,GBP,6000,Office supplies
T005691,V0096,INV-73722,04 Apr 2025,434.94,GBP,6000,Office supplies
T005692,V0100,INV-77755,02/14/2025,59.08,GBP,6000,Air travel
T005693,V0014,INV-61559,2024-08-30,581.04,GBP,6000,Ad spend
T005694,V0102,INV-41287,20 Mar 2025,127.50,GBP,6000,Air travel
T005695,V0012,INV-26943,2024-03-30,2649.51,GBP,6500,Advisory fee
T005696,V0110,INV-44862,09 Jan 2024,717.92,GBP,6400,Freight
T005697,V0151,INV-25818,12 Jan 2024,259.85,GBP,6100,Freight
T005698,V0012,INV-87642,2024-05-01,£177.74,GBP,6100,Software licence
T005699,V0190,INV-41097,30 Jan 2024,359.44,GBP,6100,Air travel
T005700,V0035,INV-13054,09/25/2024,791.61,GBP,6200,Office supplies
T005701,V0177,INV-36218,16/04/2025,392.27,GBP,6200,Freight
T005702,V0120,INV-88309,10/01/2025,317.71,GBP,6100,Software licence
T005703,V0148,INV-95100,07/10/2024,430.18,GBP,6300,Software licence
T005704,V0013,INV-91694,2025-03-16,£207.63,GBP,6000,Office supplies
T005705,V0119,INV-55720,05/19/2025,£276.57,GBP,6200,Advisory fee
T005706,V0083,INV-43788,06 Oct 2024,40.68,GBP,6500,Freight
T005707,V0036,INV-15746,2024-11-22,"1,177.44",GBP,6200,Advisory fee
T005708,V0143,INV-89295,2024-10-15,560.41,GBP,6500,Air travel
T005709,V0085,INV-39508,2025-06-10,£172.29,GBP,6000,Software licence
T005710,V0143,INV-12135,05/03/2024,3257.15,GBP,6500,Freight
T005711,V0153,INV-61024,2024-12-22,443.95,GBP,6500,Air travel
T005712,V0136,INV-37703,17/10/2024,129.06,GBP,6200,Air travel
T005713,V0102,INV-63234,06/09/2024,"1,035.26",GBP,6100,Freight
T005714,V0176,INV-58627,01 Jun 2024,625.06,GBP,6000,Ad spend
T005715,V0158,INV-74886,23 Feb 2024,622.68,GBP,6200,Advisory fee
T005716,V0105,INV-59792,13 Jan 2024,252.57,GBP,6100,Ad spend
T005717,V0027,INV-65050,22 May 2024,662.19,GBP,6200,Freight
T005718,V0109,INV-13995,03/04/2025,302.5,GBP,6000,Air travel
T005719,V0115,INV-93931,06/06/2024,743.62,GBP,6300,Ad spend
T005720,V0005,INV-27181,2024-07-20,49.63,GBP,6200,Software licence
T005721,V0094,INV-76056,08/01/2025,250.32,GBP,6000,Software licence
T005722,V0096,INV-36089,05/01/2024,2682.14,GBP,6000,Ad spend
T005723,V0059,INV-99049,02/04/2024,"£95,000.00",GBP,6300,Ad spend
T005724,V9802,INV-51423,09 Mar 2025,207.63,GBP,6000,Air travel
T005725,V0135,INV-67676,2024-03-04,246.47,GBP,6200,Office supplies
T005726,V0046,INV-43509,11/05/2024,£106.03,GBP,6000,Office supplies
T005727,V0063,INV-87428,11/30/2024,35.55,GBP,6200,Ad spend
T005728,V0146,INV-44779,2024-02-27,313.05,GBP,6500,Ad spend
T005729,V0068,INV-57889,2024-08-06,468.46,GBP,6000,Advisory fee
T005730,V0082,INV-71281,2024-02-25,380.79,GBP,6200,Advisory fee
T005731,V9183,INV-26136,2024-03-22,90000.00,GBP,6500,Freight
T005732,V0164,INV-85442,02/11/2025,422.99,GBP,6300,Advisory fee
T005733,V0077,INV-63033,08/07/2024,1242.80,GBP,6300,Air travel
T005734,V0100,INV-26129,08/28/2024,£327.18,GBP,6100,Air travel
T005735,V0183,INV-89596,21 May 2025,214.54,GBP,6200,Advisory fee
T005736,V0172,INV-83343,16/04/2025,296.12,GBP,6300,Freight
T005737,V0002,INV-59054,04/24/2025,763.02,GBP,6000,Office supplies
T005738,V0063,INV-72687,2025-04-30,1906.89,GBP,6500,Software licence
T005739,V0139,INV-44781,07 Sep 2024,202.16,GBP,6000,Advisory fee
T005740,V0026,INV-83880,2024-07-09,£449.81,GBP,6100,Software licence
T005741,V0155,INV-57170,18 Mar 2025,585.34,GBP,6300,Office supplies
T005742,V0056,INV-34858,27/05/2024,135.39,GBP,6500,Advisory fee
T005743,V0155,INV-72791,08/05/2024,412.59,GBP,6500,Office supplies
T005744,V0054,INV-84124,2025-02-18,80.46,GBP,6200,Air travel
T005745,V0011,INV-34385,16 May 2024,57.63,GBP,6200,Office supplies
T005746,V0196,INV-31478,08/02/2025,£603.91,GBP,6300,Ad spend
T005747,V0159,INV-87822,07/10/2024,264.47,GBP,6200,Office supplies
T005748,V0113,INV-72049,30 Aug 2024,503.97,GBP,6400,Advisory fee
T005749,V0041,INV-39338,12/12/2024,395.57,GBP,6500,Office supplies
T005750,V0012,INV-27912,01 Sep 2024,137.82,GBP,6500,Office supplies
T005751,V0006,INV-85396,06/04/2024,£383.84,GBP,6200,Advisory fee
T005752,V0001,INV-18553,09 Mar 2025,103.92,GBP,6400,Office supplies
T005753,V0059,INV-32962,06/12/2025,"1,863.24",GBP,6200,Air travel
T005754,V0036,INV-37842,10/31/2024,£90.78,GBP,6300,Advisory fee
T005755,V0019,INV-89252,21/06/2025,£325.26,GBP,6100,Freight
T005756,V0003,INV-98167,05/09/2025,£128.19,GBP,6200,Air travel
T005757,V0022,INV-53025,2024-10-02,£755.56,GBP,6500,Air travel
T005758,V0033,INV-60987,02/28/2024,£280.18,GBP,6300,Air travel
T005759,V0112,INV-84500,2024-03-12,£228.03,GBP,6100,Freight
T005760,V0057,INV-26294,01/31/2024,1031.24,GBP,6000,Advisory fee
T005761,V0101,INV-47269,09/08/2024,416.7,GBP,6100,Advisory fee
T005762,V0040,INV-34157,03/18/2025,712.16,GBP,6500,Advisory fee
T005763,V0200,INV-29732,11 May 2024,£137.08,GBP,6300,Ad spend
T005764,V0120,INV-71192,11 Aug 2024,,GBP,6100,Software licence
T005765,V0107,INV-76352,2024-02-04,453.92,GBP,6300,Ad spend
T005766,V0077,INV-72671,29 Jan 2024,284.08,GBP,6300,Software licence
T005767,V0054,INV-83205,05/01/2025,803.58,GBP,6000,Office supplies
T005768,V0097,INV-14528,2024-12-09,369.48,GBP,6400,Air travel
T005769,V0044,INV-91776,05/30/2025,505.52,GBP,6200,Office supplies
T005770,V0162,INV-47704,27 Mar 2024,£67.65,GBP,6500,Software licence
T005771,V0164,INV-71986,31/10/2024,3220.46,GBP,6500,Software licence
T005772,V0034,INV-75019,2024-10-03,£336.75,GBP,6000,Advisory fee
T005773,V0166,INV-66928,04/29/2025,869.00,GBP,6200,Freight
T005774,V0043,INV-66102,2025-04-09,160.82,GBP,6300,Office supplies
T005775,V0096,INV-84602,2024-01-03,566.12,GBP,6300,Office supplies
T005776,V0004,INV-15244,07 Sep 2024,96.24,GBP,6500,Ad spend
T005777,V0049,INV-76631,31/12/2024,£663.33,GBP,6500,Ad spend
T005778,V0068,INV-63952,,£272.72,GBP,6200,Freight
T005779,V0115,INV-45031,2024-11-18,416.59,GBP,6400,Ad spend
T005780,V0166,INV-86834,01/08/2024,869.37,GBP,6000,Freight
T005781,V0056,INV-86949,05/11/2025,103.98,GBP,6500,Freight
T005782,V0139,INV-46411,2024-03-20,190.01,GBP,6200,Freight
T005783,V0181,INV-76333,13 Mar 2025,667.18,GBP,6000,Freight
T005784,V0190,INV-91293,18 Nov 2024,4056.37,GBP,6200,Software licence
T005785,V0073,INV-88278,07/31/2024,346.58,GBP,6100,Ad spend
T005786,V0199,INV-67215,30 Oct 2024,772.98,GBP,6100,Office supplies
T005787,V0034,INV-39154,2024-09-20,358.64,GBP,6300,Software licence
T005788,V0034,INV-23217,09/06/2024,3416.84,GBP,6500,Freight
T005789,V0150,INV-79948,17 Mar 2024,59.03,GBP,6500,Software licence
T005790,V0085,INV-90729,22 Oct 2024,447.68,GBP,6400,Air travel
T005791,V0059,INV-42961,17 Jan 2024,67.48,GBP,6000,Advisory fee
T005792,V0019,INV-33914,04/06/2025,25.60,GBP,6300,Advisory fee
T005793,V0179,INV-31410,05/20/2024,559.59,GBP,6100,Freight
T005794,V0136,INV-49870,24 May 2025,470.34,GBP,6200,Office supplies
T005795,V0164,INV-31183,15 Dec 2024,294.91,GBP,6300,Advisory fee
T005796,V0119,INV-76062,2025-05-18,358.95,GBP,6000,Freight
T005797,V0199,INV-75691,22/06/2025,12187.05,GBP,6100,Office supplies
T005798,V0053,INV-69015,06/22/2025,303.69,GBP,6500,Freight
T005799,V0167,INV-73318,2024-02-29,707.08,GBP,6200,Advisory fee
T005800,V0140,INV-48027,10/03/2024,£197.49,GBP,6300,Freight
T005801,V0013,INV-60386,2024-03-19,558.22,GBP,6500,Office supplies
T005802,V0179,INV-43478,01/13/2025,310.43,GBP,6300,Air travel
T005803,V0120,INV-85360,04/10/2024,£256.83,GBP,6300,Software licence
T005804,V0193,INV-99056,11/28/2024,2983.31,GBP,6400,Ad spend
T005805,V0176,INV-68172,02/10/2024,1472.77,GBP,6400,Ad spend
T005806,V0050,INV-98902,2024-09-04,468.91,GBP,6000,Freight
T005807,V0114,INV-30206,25/07/2024,31.99,GBP,6300,Software licence
T005808,V0013,INV-81172,01 Mar 2024,271.21,GBP,6400,Office supplies
T005809,V0107,INV-20967,28 Jan 2025,"7,889.83",GBP,6300,Office supplies
T005810,V0002,INV-22970,2025-03-04,£313.02,GBP,6200,Air travel
T005811,V0082,INV-68932,02/06/2025,1357.69,GBP,6300,Air travel
T005812,V0085,INV-75439,19/06/2025,"£1,970.69",GBP,6300,Air travel
T005813,V0084,INV-56985,20 May 2025,513.30,GBP,6200,Software licence
T005814,V0045,INV-43392,26 Apr 2025,159.81,GBP,6300,Air travel
T005815,V0002,INV-10897,23/02/2024,27.69,GBP,6300,Freight
T005816,V0115,INV-54247,17/06/2025,856.26,GBP,6300,Freight
T005817,V0034,INV-48164,28/02/2024,164.64,GBP,6200,Software licence
T005818,V0107,INV-60150,27 Dec 2024,489.69,GBP,6200,Air travel
T005819,V0028,INV-30172,2024-06-28,102.02,GBP,6200,Air travel
T005820,V0067,INV-19006,08/06/2025,£301.34,GBP,6400,Freight
T005821,V0121,INV-48811,06 Jan 2024,418.67,GBP,6100,Office supplies
T005822,V0052,INV-79374,20 Feb 2025,542.10,GBP,6400,Ad spend
T005823,V0005,INV-77182,26 Aug 2024,118.36,GBP,6200,Ad spend
T005824,V0011,INV-18326,04/08/2025,"£1,505.08",GBP,6000,Office supplies
T005825,V0105,INV-35426,2024-02-16,209.23,GBP,6400,Air travel
T005826,V0069,INV-30169,2024-08-05,63.95,GBP,6400,Advisory fee
T005827,V0106,INV-17964,06/26/2024,£357.84,GBP,6000,Advisory fee
T005828,V0086,INV-16358,16/08/2024,£418.98,GBP,6000,Freight
T005829,V0199,INV-46435,03/11/2024,481.38,GBP,6100,Air travel
T005830,V0172,INV-85810,13 Jan 2024,"£1,805.05",GBP,6400,Ad spend
T005831,V0164,INV-18678,02/05/2025,311.04,GBP,6400,Ad spend
T005832,V0148,INV-73829,18 May 2024,£353.69,GBP,6200,Air travel
T005833,V0040,INV-82776,2024-10-02,119.88,GBP,6000,Office supplies
T005834,V0093,INV-61018,03 Oct 2024,994.87,GBP,6400,Software licence
T005835,V0077,INV-51651,13/02/2024,494.10,GBP,6300,Office supplies
T005836,V0091,INV-59498,05/18/2025,254.16,GBP,6200,Freight
T005837,V0004,INV-85109,25/11/2024,£49.64,GBP,6300,Advisory fee
T005838,V0164,INV-39199,14/09/2024,1976.05,GBP,6500,Software licence
T005839,V0087,INV-86608,02/16/2024,104.54,GBP,6100,Advisory fee
T005840,V0111,INV-10142,2024-06-21,210.52,GBP,6500,Freight
T005841,V0065,INV-45424,30/05/2024,£598.35,GBP,6500,Software licence
T005842,V0060,INV-21799,28/12/2024,£108.18,GBP,6400,Freight
T005843,V0196,INV-28338,2024-12-06,78.03,GBP,6400,Air travel
T005844,V0157,INV-12301,04/24/2025,39.0,GBP,6100,Air travel
T005845,V0040,INV-15356,20 Aug 2024,891.67,GBP,6000,Freight
T005846,V0191,INV-67674,2025-04-15,221.47,GBP,6300,Air travel
T005847,V0137,INV-67250,16/04/2025,10097.04,GBP,6200,Freight
T005848,V0094,INV-24900,2024-11-12,£135.13,GBP,6000,Freight
T005849,V0109,INV-45036,2025-06-19,146.41,GBP,6500,Office supplies
T005850,V0052,INV-10484,05/27/2025,216.60,GBP,6400,Advisory fee
T005851,V0034,INV-89478,2024-11-23,527.13,GBP,6500,Freight
T005852,V0102,INV-77410,10/10/2024,240.51,GBP,6000,Freight
T005853,V0108,INV-30863,09/07/2024,791.21,GBP,6500,Office supplies
T005854,V0044,INV-66277,01/02/2024,137.49,GBP,6500,Advisory fee
T005855,V0093,INV-81910,20 Jan 2025,88.26,GBP,6500,Freight
T005856,V0194,INV-46693,18 Jun 2024,55.81,GBP,6300,Ad spend
T005857,V0124,INV-48343,12/06/2025,34.96,GBP,6100,Software licence
T005858,V0114,INV-35227,03/01/2024,228.18,GBP,6300,Ad spend
T005859,V0047,INV-87379,06 Aug 2024,289.72,GBP,6500,Advisory fee
T005860,V0175,INV-21331,01/15/2025,201.43,GBP,6000,Freight
T005861,V0196,INV-21839,2025-04-24,"£1,584.06",GBP,6400,Freight
T005862,V0039,INV-48653,30/05/2024,"£1,557.49",GBP,6300,Air travel
T005863,V0088,INV-83810,11/15/2024,279.14,GBP,6300,Freight
T005864,V0141,INV-87820,24/01/2024,56.07,GBP,6300,Office supplies
T005865,V0061,INV-27500,16/04/2025,216.29,GBP,6500,Office supplies
T005866,V0057,INV-95690,30 Apr 2025,£208.55,GBP,6000,Ad spend
T005867,V0160,INV-75875,01/28/2024,£195.81,GBP,6100,Office supplies
T005868,V0059,INV-71803,27 Feb 2024,187.26,GBP,6000,Advisory fee
T005869,V0196,INV-66152,2024-11-19,196.60,GBP,6200,Advisory fee
T005870,V0139,INV-92272,04/03/2025,263.70,GBP,6000,Advisory fee
T005871,V0142,INV-46774,22/04/2025,£200.52,GBP,6300,Freight
T005872,V0083,INV-44011,03/13/2024,£507.33,GBP,6500,Ad spend
T005873,V0108,INV-75064,2024-11-17,599.69,GBP,6200,Office supplies
T005874,V0152,INV-78790,20/03/2024,£148.16,GBP,6400,Freight
T005875,V0160,INV-99848,10 Feb 2024,"1,633.00",GBP,6300,Advisory fee
T005876,V0054,INV-70656,10/06/2025,137.27,GBP,6000,Air travel
T005877,V0150,INV-18493,2024-11-24,68.06,GBP,6300,Freight
T005878,V0015,INV-83115,05 Nov 2024,613.3,GBP,6200,Freight
T005879,V0156,INV-92206,2025-02-03,164.16,GBP,6100,Ad spend
T005880,V0141,INV-37537,01 Jun 2025,574.45,GBP,6200,Freight
T005881,V0132,INV-68103,24/02/2025,90000.0,GBP,6100,Freight
T005882,V0006,INV-30388,18 Jan 2024,"1,866.28",GBP,6500,Ad spend
T005883,V0103,INV-20390,2024-06-03,£845.16,GBP,6100,Freight
T005884,V0103,INV-99293,04/21/2024,77.44,GBP,6100,Software licence
T005885,V0162,INV-97543,29/01/2024,£79.31,GBP,6500,Air travel
T005886,V0189,INV-21562,12/04/2024,2538.92,GBP,6100,Freight
T005887,V0166,INV-80781,06/19/2025,179.27,GBP,6500,Ad spend
T005888,V0168,INV-22883,07 Jun 2025,,GBP,6100,Software licence
T005889,V0167,INV-74022,2024-01-08,33.36,GBP,6300,Ad spend
T005890,V0184,INV-88117,07 Feb 2024,,GBP,6000,Software licence
T005891,V0117,INV-86826,15 May 2024,£314.04,GBP,6100,Ad spend
T005892,V0200,INV-29232,27 May 2024,886.29,GBP,6300,Freight
T005893,V0156,INV-40273,17/08/2024,86.58,GBP,6200,Advisory fee
T005894,V0131,INV-96868,03/23/2025,75.77,GBP,6500,Air travel
T005895,V0156,INV-69522,2024-02-17,£662.53,GBP,6100,Advisory fee
T005896,V0081,INV-15798,06/03/2025,"1,220.97",GBP,6300,Air travel
T005897,V0118,INV-76982,27/02/2025,71.65,GBP,6400,Advisory fee
T005898,V0058,INV-35035,12 Dec 2024,1325.66,GBP,6200,Advisory fee
T005899,V0115,INV-11739,13 May 2025,420.44,GBP,6300,Office supplies
T005900,V0190,INV-23311,06/23/2024,"£1,340.75",GBP,6500,Office supplies
T005901,V0026,INV-52323,03/12/2024,373.44,GBP,6200,Advisory fee
T005902,V0011,INV-99305,21/11/2024,£25.17,GBP,6300,Advisory fee
T005903,V0009,INV-56855,10 May 2024,341.33,GBP,6500,Software licence
T005904,V0135,INV-72710,2024-08-15,1294.86,GBP,6400,Air travel
T005905,V0182,INV-46720,26 Sep 2024,£150.94,GBP,6000,Air travel
T005906,V0095,INV-76728,02 Aug 2024,263.29,GBP,6000,Software licence
T005907,V0080,INV-18374,11/11/2024,332.37,GBP,6300,Software licence
T005908,V0167,INV-23422,2024-06-05,£16.62,GBP,6100,Advisory fee
T005909,V0083,INV-16451,07/22/2024,"2,536.35",GBP,6300,Freight
T005910,V0114,INV-24920,2024-11-28,£149.68,GBP,6500,Ad spend
T005911,V0199,INV-79968,2024-03-17,703.67,GBP,6500,Software licence
T005912,V0150,INV-93737,24/03/2025,366.73,GBP,6300,Freight
T005913,V0115,INV-80480,2024-02-24,1609.02,GBP,6100,Office supplies
T005914,V0164,INV-49656,2024-09-30,630.59,GBP,6200,Ad spend
T005915,V0132,INV-48262,26 Sep 2024,311.56,GBP,6300,Ad spend
T005916,V0148,INV-48462,26 Jan 2024,£150.98,GBP,6100,Ad spend
T005917,V0186,INV-66003,01/11/2024,970.33,GBP,6000,Software licence
T005918,V0111,INV-38564,05/17/2024,£51.38,GBP,6400,Air travel
T005919,V0123,INV-38656,25 May 2025,820.96,GBP,6400,Advisory fee
T005920,V0054,INV-25600,29/12/2024,120.43,GBP,6400,Ad spend
T005921,V0094,INV-69376,13/06/2024,1599.61,GBP,6400,Advisory fee
T005922,V0172,INV-29307,25 Mar 2025,481.75,GBP,6100,Software licence
T005923,V0131,INV-61577,2024-08-01,819.37,GBP,6500,Software licence
T005924,V0035,INV-84047,03/31/2024,441.50,GBP,6200,Freight
T005925,V0095,INV-96755,2024-11-07,£58.70,GBP,6500,Office supplies
T005926,V0059,INV-39706,28 Jun 2024,£156.52,GBP,6200,Software licence
T005927,V0097,INV-58869,03/11/2024,£845.25,GBP,6400,Air travel
T005928,V0161,INV-43330,10/09/2024,484.6,GBP,6400,Ad spend
T005929,V0100,INV-13141,22/04/2025,1478.95,GBP,6100,Air travel
T005930,V0075,INV-60371,27 Apr 2025,628.67,GBP,6500,Air travel
T005931,V0100,INV-33158,05 May 2024,139.3,GBP,6200,Advisory fee
T005932,V0162,INV-85012,31 Dec 2024,168.06,GBP,6400,Air travel
T005933,V0167,INV-20791,05/13/2025,451.79,GBP,6200,Advisory fee
T005934,V0157,INV-25060,10/03/2025,31.64,GBP,6000,Ad spend
T005935,V0001,INV-54128,14 Jan 2024,2542.20,GBP,6100,Office supplies
T005936,V0020,INV-77321,2024-04-06,655.84,GBP,6300,Freight
T005937,V0142,INV-19411,20/10/2024,1555.79,GBP,6000,Office supplies
T005938,V0196,INV-49302,07 Oct 2024,£70.90,GBP,6500,Ad spend
T005939,V0099,INV-17677,18/09/2024,"1,586.08",GBP,6400,Office supplies
T005940,V0178,INV-73812,04/05/2025,"4,696.86",GBP,6200,Software licence
T005941,V0189,INV-26837,08 May 2024,94.35,GBP,6400,Ad spend
T005942,V0074,INV-97089,09/04/2024,942.51,GBP,6100,Software licence
T005943,V0039,INV-65673,2024-12-22,£403.92,GBP,6500,Software licence
T005944,V0148,INV-94647,2025-01-28,73.78,GBP,6500,Office supplies
T005945,V0030,INV-83115,12 Jul 2024,693.79,GBP,6300,Ad spend
T005946,V0116,INV-70251,06 May 2024,1009.25,GBP,6400,Advisory fee
T005947,V0097,INV-64458,02/27/2025,208.25,GBP,6300,Software licence
T005948,V0001,INV-28291,16/11/2024,1454.63,GBP,6500,Ad spend
T005949,V0062,INV-46422,27/06/2024,64.49,GBP,6000,Office supplies
T005950,V0033,INV-27516,2024-08-13,77.93,GBP,6200,Freight
T005951,V0151,INV-81331,02/10/2024,468.84,GBP,6000,Office supplies
T005952,V0186,INV-67372,09/03/2025,414.85,GBP,6400,Office supplies
T005953,V0108,INV-73992,01/01/2025,£183.42,GBP,6400,Advisory fee
T005954,V0005,INV-22292,04/30/2025,982.95,GBP,6300,Freight
T005955,V0019,INV-52912,2024-06-02,£723.42,GBP,6500,Air travel
T005956,V0071,INV-62901,03 May 2024,1036.86,GBP,6200,Air travel
T005957,V0007,INV-90842,2024-06-17,352.32,GBP,6100,Office supplies
T005958,V0199,INV-55935,05 Mar 2024,782.77,GBP,6300,Air travel
T005959,V0102,INV-57250,20 Mar 2025,247.10,GBP,6200,Office supplies
T005960,V0097,INV-16887,04/22/2024,3863.00,GBP,6400,Ad spend
T005961,V0064,INV-74174,11 May 2024,165.04,GBP,6300,Office supplies
T005962,V0018,INV-84397,2024-12-31,4088.07,GBP,6500,Advisory fee
T005963,V0098,INV-90260,2024-12-08,419.21,GBP,6200,Freight
T005964,V0195,INV-30702,07/06/2024,88.85,GBP,6300,Advisory fee
T005965,V0113,INV-59234,26 Sep 2024,"1,816.90",GBP,6000,Air travel
T005966,V0156,INV-15895,2024-01-27,463.35,GBP,6100,Freight
T005967,,INV-10325,02 Jul 2024,1028.89,GBP,6500,Air travel
T005968,V0088,INV-18329,,1550.36,GBP,6200,Air travel
T005969,V0175,INV-43530,02/12/2025,585.08,GBP,6300,Office supplies
T005970,V0047,INV-79919,08/22/2024,£210.30,GBP,6400,Software licence
T005971,V0077,INV-71449,03 Sep 2024,1180.02,GBP,6100,Software licence
T005972,V0065,INV-57342,09 Oct 2024,403.76,GBP,6300,Advisory fee
T005973,V0190,INV-20969,2025-01-17,£857.86,GBP,6500,Ad spend
T005974,V0075,INV-86055,07/21/2024,37.75,GBP,6100,Air travel
T005975,V0024,INV-25002,23 Sep 2024,659.63,GBP,6500,Freight
T005976,V0118,INV-78941,06/13/2025,£199.85,GBP,6300,Freight
T005977,V0082,INV-38004,03/06/2024,2486.52,GBP,6100,Advisory fee
T005978,V0003,INV-47947,15/01/2024,800.63,GBP,6400,Air travel
T005979,V0074,INV-41963,27/03/2025,525.23,GBP,6300,Advisory fee
T005980,V0112,INV-65695,07/04/2024,688.79,GBP,6400,Office supplies
T005981,V0014,INV-79250,,134.52,GBP,6400,Software licence
T005982,V0016,INV-23094,06/05/2025,2405.67,GBP,6100,Software licence
T005983,V0080,INV-37017,27 Mar 2024,"£3,606.55",GBP,6200,Software licence
T005984,V0017,INV-42790,22/08/2024,£621.54,GBP,6300,Ad spend
T005985,V0137,INV-64074,2024-06-23,2320.28,GBP,6500,Software licence
T005986,V0004,INV-73685,20 Mar 2024,215.71,GBP,6400,Ad spend
T005987,V0025,INV-15942,19/02/2025,167.87,GBP,6500,Freight
T005988,V0082,INV-65475,2024-11-04,422.01,GBP,6100,Air travel
T005989,V0195,INV-69525,2024-02-24,650.95,GBP,6300,Advisory fee
T005990,V0141,INV-95419,01/03/2024,£261.55,GBP,6100,Ad spend
T005991,V0149,INV-96054,21/07/2024,728.91,GBP,6100,Advisory fee
T005992,V0019,INV-58796,2024-09-26,565.11,GBP,6100,Advisory fee
T005993,V0191,INV-35713,2024-01-13,134.54,GBP,6300,Software licence
T005994,V0014,INV-34207,2024-07-18,£713.85,GBP,6000,Office supplies
T005995,V0129,INV-66588,12/09/2024,"1,043.03",GBP,6500,Advisory fee
T005996,V0086,INV-12472,11/30/2024,487.17,GBP,6100,Office supplies
T005997,V0074,INV-22527,2024-04-08,"£1,433.56",GBP,6200,Office supplies
T005998,V0007,INV-62915,22/02/2025,105.73,GBP,6300,Software licence
T005999,V0027,INV-51292,03/18/2024,675.02,GBP,6200,Air travel
T006000,V0190,INV-87178,25/05/2024,111.35,GBP,6000,Software licence
T006001,V0103,INV-65628,12 Sep 2024,118.45,GBP,6100,Advisory fee
T006002,V0133,INV-28435,2024-05-11,£201.54,GBP,6100,Office supplies
T006003,V0072,INV-14896,2024-02-02,143.13,GBP,6200,Office supplies
T006004,V9748,INV-27103,07 Jul 2024,£220.79,GBP,6500,Office supplies
T006005,V0013,INV-58816,21/01/2025,318.76,GBP,6100,Advisory fee
T006006,V0008,INV-22531,2024-02-17,1013.2,GBP,6000,Software licence
T006007,V0195,INV-37228,19/09/2024,283.36,GBP,6400,Air travel
T006008,V0054,INV-39311,04/13/2024,£70.51,GBP,6100,Office supplies
T006009,V0165,INV-32847,2025-01-07,1413.85,GBP,6100,Freight
T006010,V0097,INV-25301,07/08/2024,160.65,GBP,6100,Office supplies
T006011,V0188,INV-88342,17/09/2024,378.19,GBP,6200,Ad spend
T006012,V0174,INV-47133,07/12/2024,£659.31,GBP,6100,Office supplies
T006013,V0078,INV-34336,27/05/2025,502.49,GBP,6300,Air travel
T006014,V0198,INV-49052,03/29/2025,"1,344.26",GBP,6300,Software licence
T006015,V0045,INV-44564,2025-06-08,683.28,GBP,6300,Ad spend
T006016,V0050,INV-45077,27 Jun 2024,156.42,GBP,6500,Software licence
T006017,V0187,INV-86459,2024-12-31,4431.17,GBP,6100,Ad spend
T006018,V0193,INV-69482,29/04/2025,499.58,GBP,6500,Office supplies
T006019,V0071,INV-96752,04 Jan 2025,£343.07,GBP,6100,Freight
T006020,V0121,INV-40415,30 Dec 2024,"1,164.82",GBP,6300,Software licence
T006021,V0086,INV-33273,27 Jan 2025,530.81,GBP,6300,Air travel
T006022,V0086,INV-83756,08/03/2024,625.88,GBP,6200,Ad spend
T006023,V0196,INV-61129,10/06/2024,6256.66,GBP,6200,Office supplies
T006024,V0164,INV-76964,03 Mar 2024,£298.08,GBP,6400,Ad spend
T006025,V0107,INV-49340,17/04/2024,£284.42,GBP,6200,Ad spend
T006026,V0095,INV-38727,12/09/2024,458.63,GBP,6300,Freight
T006027,V0179,INV-58610,12 Jun 2024,1311.16,GBP,6200,Ad spend
T006028,V0200,INV-45493,07/02/2025,76.92,GBP,6300,Advisory fee
T006029,V0082,INV-97414,2024-08-26,46.43,GBP,6200,Office supplies
T006030,V0144,INV-86095,21/02/2025,211.49,GBP,6100,Advisory fee
T006031,V0197,INV-85574,13/12/2024,66.87,GBP,6500,Office supplies
T006032,V0040,INV-47963,26/07/2024,£252.82,GBP,6500,Ad spend
T006033,V0127,INV-87645,2024-06-03,701.17,GBP,6200,Software licence
T006034,V0087,INV-72235,2024-03-24,151.44,GBP,6100,Advisory fee
T006035,V0118,INV-94523,2025-03-04,83.97,GBP,6100,Advisory fee
T006036,V0161,INV-81703,2024-08-17,£435.40,GBP,6200,Air travel
T006037,V0055,INV-96422,20/10/2024,1041.9,GBP,6300,Freight
T006038,V9673,INV-75563,15/03/2025,£62.52,GBP,6100,Advisory fee
T006039,V0148,INV-13425,02/26/2025,994.52,GBP,6000,Ad spend
T006040,V0188,INV-80569,30/05/2024,991.32,GBP,6200,Freight
T006041,V0121,INV-87363,30/08/2024,1152.28,GBP,6400,Freight
T006042,V0193,INV-81614,20 Mar 2024,"£1,541.22",GBP,6300,Software licence
T006043,V0091,INV-39439,27/05/2025,4546.97,GBP,6000,Software licence
T006044,V0101,INV-77537,20 Jul 2024,272.68,GBP,6500,Ad spend
T006045,V0023,INV-13830,2024-09-07,455.11,GBP,6000,Ad spend
T006046,V0054,INV-72126,05/13/2024,£255.17,GBP,6300,Software licence
T006047,V0121,INV-31764,2024-01-05,404.31,GBP,6000,Air travel
T006048,V0138,INV-90418,09/03/2025,"2,178.00",GBP,6300,Freight
T006049,V0183,INV-12503,23 May 2024,91.88,GBP,6300,Advisory fee
T006050,V0071,INV-85214,31/07/2024,£156.47,GBP,6000,Office supplies
T006051,V0032,INV-47417,11/02/2025,"£1,835.18",GBP,6100,Freight
T006052,V0197,INV-49039,28 Mar 2025,1238.98,GBP,6300,Office supplies
T006053,V0083,INV-94206,10/11/2024,270.58,GBP,6100,Advisory fee
T006054,V0149,INV-92946,2024-06-17,1032.61,GBP,6300,Advisory fee
T006055,V0076,INV-55150,02/19/2025,587.18,GBP,6100,Office supplies
T006056,V0154,INV-24271,04/16/2025,"£2,101.28",GBP,6100,Advisory fee
T006057,V0150,INV-87153,03/11/2024,437.89,GBP,6000,Office supplies
T006058,V0102,INV-85059,25 Sep 2024,1246.63,GBP,6400,Advisory fee
T006059,V0021,INV-97525,22 Apr 2024,7377.67,GBP,6100,Advisory fee
T006060,V0106,INV-60235,10/26/2024,"£95,000.00",GBP,6400,Ad spend
T006061,V0023,INV-91319,02/23/2025,425.92,GBP,6300,Advisory fee
T006062,V0007,INV-63961,08/17/2024,893.09,GBP,6100,Air travel
T006063,V0057,INV-88653,23 Apr 2024,269.94,GBP,6000,Software licence
T006064,V0100,INV-24081,2024-06-22,"£5,579.00",GBP,6200,Freight
T006065,V0008,INV-24888,02/14/2025,491.8,GBP,6500,Office supplies
T006066,V0146,INV-88857,10/05/2024,298.80,GBP,6500,Freight
T006067,V0009,INV-20656,18 Jul 2024,160.89,GBP,6100,Office supplies
T006068,V0070,INV-45638,08/08/2024,1348.76,GBP,6300,Advisory fee
T006069,V0108,INV-73180,07/29/2024,"1,047.23",GBP,6500,Air travel
T006070,V0137,INV-23158,2024-10-15,233.44,GBP,6000,Freight
T006071,V0140,INV-44773,31 Mar 2024,760.59,GBP,6500,Software licence
T006072,V0019,INV-66906,2025-05-20,£76.75,GBP,6400,Office supplies
T006073,V0010,INV-19687,14/09/2024,494.46,GBP,6400,Software licence
T006074,V0027,INV-62488,2024-01-11,663.83,GBP,6200,Freight
T006075,V0168,INV-87373,03/26/2024,"£2,638.76",GBP,6000,Software licence
T006076,V0080,INV-96003,2024-06-14,172.79,GBP,6000,Office supplies
T006077,V0136,INV-83639,2025-03-03,98.87,GBP,6300,Software licence
T006078,V0104,INV-81341,02/03/2024,£150.66,GBP,6500,Software licence
T006079,V0159,INV-88934,10/02/2024,£92.74,GBP,6100,Air travel
T006080,V0037,INV-25989,24/07/2024,1755.17,GBP,6200,Freight
T006081,V0191,INV-53139,11/05/2024,2216.10,GBP,6400,Air travel
T006082,V0040,INV-17853,2024-08-02,573.78,GBP,6200,Office supplies
T006083,V0020,INV-65766,03/03/2024,1546.0,GBP,6500,Ad spend
T006084,V0145,INV-97988,04/08/2024,467.48,GBP,6300,Freight
T006085,V0026,INV-36923,26/01/2025,363.35,GBP,6000,Software licence
T006086,V0083,INV-72986,2024-04-11,"£95,000.00",GBP,6500,Software licence
T006087,V0127,INV-25205,27 Jul 2024,286.74,GBP,6100,Advisory fee
T006088,V0026,INV-86410,11/12/2024,73.51,GBP,6000,Office supplies
T006089,V0078,INV-70808,01/05/2024,539.52,GBP,6100,Freight
T006090,V0143,INV-95878,31/03/2024,385.92,GBP,6200,Software licence
T006091,V0031,INV-27369,04/15/2025,915.89,GBP,6500,Air travel
T006092,V0082,INV-27919,2025-05-11,447.14,GBP,6500,Software licence
T006093,V0198,INV-89635,08/06/2024,337.32,GBP,6300,Ad spend
T006094,V0131,INV-58300,17/05/2025,154.73,GBP,6300,Air travel
T006095,V0110,INV-34578,03/14/2024,436.75,GBP,6100,Freight
T006096,V0021,INV-14916,26/05/2025,£908.74,GBP,6200,Freight
T006097,V0029,INV-96195,23/01/2025,114.7,GBP,6000,Freight
T006098,V0074,INV-32193,12 Sep 2024,£444.18,GBP,6500,Office supplies
T006099,V0031,INV-55659,17 Oct 2024,521.31,GBP,6000,Software licence
T006100,V0182,INV-41125,03/25/2024,183.12,GBP,6200,Office supplies
T006101,V0085,INV-16736,02/24/2025,211.32,GBP,6400,Advisory fee
T006102,V0111,INV-96755,07/08/2024,519.92,GBP,6300,Software licence
T006103,V0105,INV-81810,16/09/2024,115.96,GBP,6200,Air travel
T006104,V0043,INV-52359,28/06/2024,592.83,GBP,6500,Ad spend
T006105,V0190,INV-50879,17 Mar 2024,150.67,GBP,6000,Office supplies
T006106,V0163,INV-57616,16/10/2024,"1,298.73",GBP,6300,Advisory fee
T006107,V0017,INV-71150,09/10/2024,"5,279.63",GBP,6400,Freight
T006108,V0092,INV-65826,2025-02-03,156.52,GBP,6400,Air travel
T006109,V0130,INV-84738,14 Aug 2024,726.06,GBP,6000,Software licence
T006110,V0095,INV-23889,12/14/2024,181.38,GBP,6300,Ad spend
T006111,V0090,INV-96954,15/02/2025,"£1,267.81",GBP,6100,Air travel
T006112,V0094,INV-76173,30/10/2024,£100.31,GBP,6100,Office supplies
T006113,V0115,INV-93643,29/03/2024,684.47,GBP,6300,Office supplies
T006114,V0100,INV-62980,16/05/2024,154.43,GBP,6500,Air travel
T006115,V0104,INV-58097,27/01/2024,321.28,GBP,6200,Ad spend
T006116,V0003,INV-72444,24/01/2024,129.78,GBP,6500,Software licence
T006117,V0022,INV-48543,08/10/2024,996.84,GBP,6000,Office supplies
T006118,V0002,INV-59554,2025-06-05,160.67,GBP,6500,Ad spend
T006119,V0047,INV-44167,11/02/2024,£740.38,GBP,6500,Freight
T006120,V0114,INV-23448,06 Jan 2024,£276.30,GBP,6000,Advisory fee
T006121,V0106,INV-63631,01/03/2024,355.70,GBP,6500,Air travel
T006122,V0195,INV-23145,12/05/2025,474.63,GBP,6100,Freight
T006123,V0037,INV-11010,28/04/2025,174.51,GBP,6300,Office supplies
T006124,V0050,INV-75732,23 Apr 2024,508.47,GBP,6000,Air travel
T006125,V0169,INV-31146,2024-05-23,2171.92,GBP,6100,Office supplies
T006126,V0142,INV-29409,07/04/2024,£171.42,GBP,6100,Freight
T006127,V0040,INV-47212,14/01/2024,"£1,464.09",GBP,6400,Air travel
T006128,V0121,INV-52826,06/08/2024,2096.25,GBP,6400,Office supplies
T006129,V0092,INV-89429,2024-10-31,164.39,GBP,6000,Software licence
T006130,V0070,INV-22093,09 Feb 2024,81.41,GBP,6500,Freight
T006131,V0069,INV-69293,2024-04-28,"9,500.00",GBP,6100,Air travel
T006132,V0027,INV-25133,2024-09-09,£220.93,GBP,6200,Advisory fee
T006133,V0008,INV-51211,17 Jul 2024,"£3,150.96",GBP,6200,Ad spend
T006134,V0038,INV-31591,14 May 2024,419.17,GBP,6000,Ad spend
T006135,V0075,INV-25421,2025-01-03,166.93,GBP,6300,Freight
T006136,V0011,INV-88485,20/04/2025,114.22,GBP,6400,Office supplies
T006137,V0008,INV-26728,18 Jan 2024,"1,337.95",GBP,6000,Software licence
T006138,V0077,INV-23412,21 Oct 2024,£215.23,GBP,6500,Air travel
T006139,V0063,INV-49489,20/03/2024,423.36,GBP,6400,Air travel
T006140,V0195,INV-26547,06/06/2025,1154.45,GBP,6000,Advisory fee
T006141,V0068,INV-47737,25/04/2025,236.82,GBP,6400,Ad spend
T006142,V0117,INV-47727,11 May 2024,£383.55,GBP,6400,Software licence
T006143,V0045,INV-21141,06 Jun 2025,396.14,GBP,6500,Freight
T006144,V0157,INV-39264,01/24/2024,855.48,GBP,6300,Office supplies
T006145,V0194,INV-55135,05/24/2025,772.64,GBP,6400,Advisory fee
T006146,V0182,INV-13268,2024-08-20,316.67,GBP,6300,Freight
T006147,V0150,INV-25126,29/05/2024,432.69,GBP,6000,Office supplies
T006148,V0170,INV-91338,31/03/2025,268.02,GBP,6200,Office supplies
T006149,V0185,INV-62756,15 Jan 2024,79.41,GBP,6200,Air travel
T006150,V0142,INV-52357,2024-12-18,535.59,GBP,6300,Air travel
T006151,V0152,INV-84994,09 Nov 2024,3233.79,GBP,6500,Software licence
T006152,V0140,INV-46471,07/10/2024,152.61,GBP,6400,Advisory fee
T006153,V0001,INV-64932,16/03/2025,172.37,GBP,6400,Advisory fee
T006154,V0013,INV-49064,02/01/2025,154.81,GBP,6100,Freight
T006155,V0156,INV-81201,15/03/2025,895.20,GBP,6000,Ad spend
T006156,V0018,INV-16353,02/01/2025,£660.72,GBP,6200,Ad spend
T006157,V0118,INV-41534,27 Aug 2024,338.87,GBP,6300,Air travel
T006158,V0096,INV-68202,2024-02-14,146.96,GBP,6000,Ad spend
T006159,V0082,INV-28861,30 Mar 2025,446.58,GBP,6300,Software licence
T006160,V0058,INV-64821,11/03/2024,72.16,GBP,6200,Freight
T006161,V0142,INV-17679,23 May 2024,472.37,GBP,6200,Office supplies
T006162,V0163,INV-12686,08/06/2025,1052.24,GBP,6200,Office supplies
T006163,V0123,INV-62228,13/06/2024,101.87,GBP,6500,Freight
T006164,V0102,INV-48765,10/02/2024,74.76,GBP,6200,Ad spend
T006165,V0199,INV-75391,03 Jul 2024,"£2,292.46",GBP,6200,Software licence
T006166,V0137,INV-46960,2024-07-07,205.83,GBP,6100,Advisory fee
T006167,V0037,INV-42837,2024-06-27,1407.46,GBP,6100,Air travel
T006168,V0132,INV-10624,02 Feb 2024,340.56,GBP,6200,Software licence
T006169,V0117,INV-26517,11/11/2024,337.60,GBP,6000,Advisory fee
T006170,V0085,INV-54827,2024-09-09,653.44,GBP,6300,Freight
T006171,V0028,INV-52942,12 Dec 2024,152.57,GBP,6200,Ad spend
T006172,V0073,INV-86671,30 Jan 2024,466.73,GBP,6300,Office supplies
T006173,V0128,INV-83806,01/22/2025,265.17,GBP,6000,Office supplies
T006174,V0072,INV-31566,12 Jan 2025,£94.39,GBP,6300,Software licence
T006175,V0062,INV-37904,14 Aug 2024,£584.78,GBP,6500,Office supplies
T006176,V0159,INV-54294,2024-10-25,£301.98,GBP,6200,Office supplies
T006177,V0057,INV-20822,25/11/2024,£339.43,GBP,6500,Freight
T006178,V0036,INV-78860,31 Jan 2025,106.57,GBP,6100,Software licence
T006179,V0072,INV-12654,05/23/2024,"£2,322.83",GBP,6400,Ad spend
T006180,V0101,INV-34093,02/04/2024,"£1,058.26",GBP,6300,Office supplies
T006181,V0026,INV-73618,29/10/2024,"£1,165.11",GBP,6100,Freight
T006182,V0036,INV-27173,28/01/2024,£288.30,GBP,6200,Software licence
T006183,V0105,INV-70818,30/06/2024,60.21,GBP,6000,Air travel
T006184,V0176,INV-41554,2024-06-29,"3,457.18",GBP,6300,Ad spend
T006185,V0155,INV-37514,2025-05-01,377.21,GBP,6000,Ad spend
T006186,V0057,INV-26541,12/29/2024,177.03,GBP,6000,Office supplies
T006187,V0032,INV-40228,2024-06-09,638.09,GBP,6400,Software licence
T006188,V0078,INV-79682,01/01/2025,"£1,456.56",GBP,6000,Office supplies
T006189,V0039,INV-15909,2025-03-04,393.33,GBP,6000,Advisory fee
T006190,V0150,INV-16389,04/18/2024,"£1,646.54",GBP,6400,Office supplies
T006191,V0165,INV-41918,04 Aug 2024,1327.83,GBP,6200,Freight
T006192,V0058,INV-74147,13 May 2025,123.47,GBP,6000,Freight
T006193,V0016,INV-10270,02/29/2024,192.26,GBP,6500,Software licence
T006194,V0048,INV-86253,12/15/2024,"£1,156.66",GBP,6300,Software licence
T006195,V0097,INV-29165,07 Jul 2024,20.41,GBP,6200,Ad spend
T006196,V0184,INV-98737,10/14/2024,342.27,GBP,6500,Ad spend
T006197,V0017,INV-77387,12 Jan 2025,83.6,GBP,6200,Freight
T006198,V0080,INV-10322,05/04/2025,238.84,GBP,6400,Freight
T006199,V0037,INV-39740,2024-01-01,290.41,GBP,6200,Air travel
T006200,V0187,INV-38468,19 May 2024,272.04,GBP,6500,Office supplies
T006201,V0022,INV-60471,24/04/2025,"£9,500.00",GBP,6300,Freight
T006202,V0197,INV-19891,18 Oct 2024,120.68,GBP,6200,Ad spend
T006203,V0075,INV-67814,10/21/2024,5019.58,GBP,6100,Ad spend
T006204,V0004,INV-25501,29 Oct 2024,"3,147.01",GBP,6200,Office supplies
T006205,V0174,INV-90514,2024-04-16,112.36,GBP,6000,Advisory fee
T006206,V0116,INV-75398,03/14/2025,"£2,299.23",GBP,6300,Advisory fee
T006207,V0110,INV-54562,29/02/2024,£259.98,GBP,6200,Office supplies
T006208,V0169,INV-71725,04/03/2025,465.03,GBP,6000,Office supplies
T006209,V0007,INV-85431,06/12/2024,376.30,GBP,6400,Software licence
T006210,V0180,INV-94935,2024-11-24,£195.25,GBP,6300,Freight
T006211,V0015,INV-63317,16/03/2024,1190.63,GBP,6500,Freight
T006212,V0016,INV-30431,15 May 2024,463.35,GBP,6100,Software licence
T006213,V0173,INV-24926,04/02/2025,238.84,GBP,6300,Advisory fee
T006214,V0141,INV-99096,28 Mar 2025,96.06,GBP,6000,Ad spend
T006215,V0162,INV-72629,13 Mar 2025,150.96,GBP,6100,Air travel
T006216,V0063,INV-27758,2024-06-03,66.32,GBP,6100,Advisory fee
T006217,V0125,INV-26135,2024-12-30,408.89,GBP,6400,Office supplies
T006218,V0019,INV-28095,2025-01-22,108.17,GBP,6500,Freight
T006219,V0185,INV-47287,08 Jun 2025,£301.23,GBP,6200,Ad spend
T006220,V0057,INV-75271,26 Mar 2024,1820.95,GBP,6000,Air travel
T006221,V0039,INV-89465,11/15/2024,1509.04,GBP,6100,Software licence
T006222,V0011,INV-13790,07/09/2024,389.36,GBP,6300,Air travel
T006223,V0198,INV-42198,01 Jun 2024,£366.58,GBP,6100,Advisory fee
T006224,V0179,INV-19587,2024-07-31,3190.27,GBP,6100,Air travel
T006225,V0112,INV-55164,29/05/2025,715.39,GBP,6300,Ad spend
T006226,V0157,INV-37353,05/09/2024,281.30,GBP,6300,Freight
T006227,V0183,INV-43797,04/15/2024,84.05,GBP,6300,Advisory fee
T006228,V0142,INV-36437,05/23/2025,622.20,GBP,6300,Air travel
T006229,V0146,INV-19381,12/15/2024,"1,004.51",GBP,6100,Freight
T006230,V0036,INV-15405,2024-04-06,£201.38,GBP,6000,Air travel
T006231,V0171,INV-13975,01 Feb 2025,£555.75,GBP,6200,Office supplies
T006232,V0180,INV-66094,2025-02-06,£270.45,GBP,6200,Office supplies
T006233,V0111,INV-68342,13 Aug 2024,329.5,GBP,6200,Software licence
T006234,V0037,INV-73943,07/06/2024,£26.14,GBP,6200,Air travel
T006235,V0089,INV-38915,11 Sep 2024,£316.09,GBP,6300,Air travel
T006236,V0173,INV-61413,11/17/2024,1171.81,GBP,6300,Freight
T006237,V0121,INV-63835,2024-09-23,201.43,GBP,6400,Ad spend
T006238,V0131,INV-48470,12/03/2025,427.43,GBP,6100,Office supplies
T006239,V0072,INV-85727,21/10/2024,175.64,GBP,6500,Air travel
T006240,V0031,INV-12841,11/10/2024,599.73,GBP,6300,Advisory fee
T006241,V0036,INV-51274,06 Jan 2024,£317.93,GBP,6300,Freight
T006242,V0034,INV-84381,04/03/2025,143.57,GBP,6200,Ad spend
T006243,V0137,INV-53752,22 Apr 2024,1747.26,GBP,6100,Advisory fee
T006244,V9286,INV-65273,09 May 2024,1120.83,GBP,6300,Ad spend
T006245,V0183,INV-74512,02/07/2024,207.39,GBP,6400,Office supplies
T006246,V0190,INV-51887,23/01/2024,£697.55,GBP,6400,Ad spend
T006247,V0150,INV-38247,2024-09-20,728.62,GBP,6500,Air travel
T006248,V0036,INV-19561,05/14/2024,817.73,GBP,6400,Software licence
T006249,V0078,INV-67289,15 Jan 2025,£62.57,GBP,6000,Office supplies
T006250,V0038,INV-35674,26 Oct 2024,1220.81,GBP,6300,Ad spend
T006251,V0141,INV-97573,07/01/2024,215.58,GBP,6200,Air travel
T006252,V0127,INV-84348,19/04/2025,£272.16,GBP,6100,Air travel
T006253,V0030,INV-78124,10/25/2024,"7,344.23",GBP,6500,Advisory fee
T006254,V0014,INV-70156,2024-01-25,562.31,GBP,6100,Office supplies
T006255,V0167,INV-90080,17 May 2024,263.76,GBP,6000,Air travel
T006256,V0116,INV-82810,27/05/2024,£35.67,GBP,6100,Office supplies
T006257,V0114,INV-94555,08 Jun 2024,1860.76,GBP,6500,Software licence
T006258,V0146,INV-45353,2024-11-20,91.86,GBP,6000,Advisory fee
T006259,V0102,INV-73994,13/02/2025,133.78,GBP,6500,Ad spend
T006260,V0004,INV-61829,07/20/2024,280.2,GBP,6300,Advisory fee
T006261,V0057,INV-97936,2024-05-23,1916.11,GBP,6400,Ad spend
T006262,V0052,INV-10569,25 Apr 2024,944.41,GBP,6000,Office supplies
T006263,V0039,INV-13547,20/02/2024,£339.13,GBP,6500,Advisory fee
T006264,V0133,INV-48296,30 May 2025,566.3,GBP,6200,Office supplies
T006265,V0100,INV-43177,27/07/2024,208.42,GBP,6100,Office supplies
T006266,V0109,INV-69160,2025-01-25,£470.42,GBP,6000,Freight
T006267,V0043,INV-80812,2025-02-19,£437.32,GBP,6300,Advisory fee
T006268,V0190,INV-93641,2024-03-28,"1,171.04",GBP,6500,Office supplies
T006269,V0098,INV-11143,09 Dec 2024,1168.99,GBP,6500,Advisory fee
T006270,V0065,INV-89506,10/19/2024,694.63,GBP,6300,Freight
T006271,V0035,INV-13149,14/01/2025,£270.81,GBP,6300,Air travel
T006272,V0146,INV-16815,2024-04-26,912.33,GBP,6100,Office supplies
T006273,V0067,INV-91478,13 Jan 2025,£364.61,GBP,6000,Freight
T006274,V0056,INV-59047,21/02/2024,122.72,GBP,6500,Software licence
T006275,V0020,INV-24192,2024-12-05,258.88,GBP,6200,Ad spend
T006276,V0029,INV-72284,19/12/2024,442.74,GBP,6400,Advisory fee
T006277,V0177,INV-94185,02/03/2024,1097.99,GBP,6400,Software licence
T006278,V0056,INV-78671,05 Jun 2025,329.68,GBP,6400,Advisory fee
T006279,V0194,INV-14682,19/10/2024,106.69,GBP,6200,Advisory fee
T006280,V0018,INV-18028,10/15/2024,429.41,GBP,6000,Air travel
T006281,V0062,INV-18372,22 Dec 2024,457.05,GBP,6300,Ad spend
T006282,V0131,INV-54555,03/18/2024,494.93,GBP,6500,Office supplies
T006283,V0085,INV-35025,18 Jun 2025,1109.72,GBP,6500,Advisory fee
T006284,V0027,INV-45971,06/11/2025,1237.46,GBP,6500,Office supplies
T006285,V0123,INV-50670,04/14/2025,£209.84,GBP,6200,Air travel
T006286,V0130,INV-16545,2024-07-20,204.84,GBP,6000,Freight
T006287,V0164,INV-11575,04/15/2024,128.48,GBP,6300,Freight
T006288,V0082,INV-59995,10/15/2024,870.18,GBP,6300,Software licence
T006289,V0125,INV-69087,09/25/2024,"1,985.65",GBP,6000,Software licence
T006290,V0156,INV-14876,07 Jun 2024,285.26,GBP,6300,Advisory fee
T006291,V0027,INV-63057,23 Jun 2025,309.34,GBP,6500,Freight
T006292,V0166,INV-36765,10/05/2025,2025.28,GBP,6500,Software licence
T006293,V0112,INV-22243,04/19/2024,£703.53,GBP,6200,Freight
T006294,V0100,INV-65612,13/06/2025,£651.88,GBP,6300,Software licence
T006295,V0022,INV-84547,2025-04-26,108.85,GBP,6300,Ad spend
T006296,V0092,INV-85909,06/17/2025,£851.16,GBP,6100,Advisory fee
T006297,V0051,INV-30949,2025-02-27,£145.18,GBP,6000,Ad spend
T006298,V0011,INV-52054,01/29/2024,115.88,GBP,6200,Freight
T006299,V0054,INV-59142,2024-07-13,275.49,GBP,6200,Air travel
T006300,V0165,INV-80663,2024-03-09,211.80,GBP,6400,Air travel
T006301,V0109,INV-52880,2025-03-26,316.16,GBP,6500,Office supplies
T006302,V0140,INV-58446,2024-09-09,82.68,GBP,6200,Office supplies
T006303,V0064,INV-85825,2025-06-05,1158.29,GBP,6100,Air travel
T006304,V0041,INV-60842,13/02/2025,1394.73,GBP,6500,Office supplies
T006305,V0025,INV-71358,08 May 2025,47.37,GBP,6200,Freight
T006306,V0012,INV-18720,04 Dec 2024,"£1,183.59",GBP,6400,Air travel
T006307,V0109,INV-66066,2025-05-11,£165.41,GBP,6400,Office supplies
T006308,V0002,INV-36528,07 Jan 2024,1035.53,GBP,6100,Freight
T006309,V0088,INV-36805,06/10/2024,374.17,GBP,6300,Office supplies
T006310,V0123,INV-60364,16 Mar 2025,416.40,GBP,6400,Freight
T006311,V0166,INV-39095,18/09/2024,329.11,GBP,6200,Software licence
T006312,V0164,INV-58624,2024-03-03,"£1,530.49",GBP,6100,Air travel
T006313,V0033,INV-77876,2025-01-14,103.18,GBP,6200,Ad spend
T006314,V0028,INV-41267,01/05/2024,787.31,GBP,6400,Ad spend
T006315,V0049,INV-11003,28 Apr 2025,1354.87,GBP,6100,Advisory fee
T006316,V0003,INV-93743,2025-04-12,887.11,GBP,6100,Freight
T006317,V0184,INV-31878,2025-05-10,"£5,203.93",GBP,6300,Ad spend
T006318,V0117,INV-25198,03 May 2024,225.46,GBP,6400,Air travel
T006319,V0036,INV-51817,11 May 2024,1156.36,GBP,6500,Advisory fee
T006320,V0124,INV-95520,2025-05-31,358.99,GBP,6300,Office supplies
T006321,V0001,INV-88976,2024-03-03,"£1,566.73",GBP,6000,Ad spend
T006322,V0022,INV-29192,2024-03-15,£400.03,GBP,6000,Office supplies
T006323,V0184,INV-46524,05/24/2024,263.31,GBP,6100,Air travel
T006324,V0173,INV-48045,15/05/2025,"£1,697.11",GBP,6100,Advisory fee
T006325,V0014,INV-55717,10/05/2025,234.93,GBP,6500,Advisory fee
T006326,V0115,INV-71558,2024-04-06,85.29,GBP,6400,Advisory fee
T006327,V0110,INV-25769,01 May 2025,£228.48,GBP,6000,Ad spend
T006328,,INV-89942,20/03/2025,797.07,GBP,6200,Ad spend
T006329,V0104,INV-69671,2025-02-20,"£1,865.42",GBP,6200,Software licence
T006330,V0156,INV-89875,21 Jan 2025,455.89,GBP,6400,Office supplies
T006331,V0050,INV-47692,29/09/2024,1719.89,GBP,6000,Software licence
T006332,V0158,INV-58056,2024-06-04,£90.56,GBP,6100,Air travel
T006333,V0036,INV-98403,01/23/2025,247.75,GBP,6500,Advisory fee
T006334,V0094,INV-35726,14 Apr 2025,293.70,GBP,6400,Office supplies
T006335,V0178,INV-33894,2024-05-10,£355.66,GBP,6000,Freight
T006336,V0020,INV-43865,06 Sep 2024,442.53,GBP,6400,Advisory fee
T006337,V0004,INV-70116,2024-01-22,£862.64,GBP,6200,Advisory fee
T006338,V0073,INV-72683,06/09/2024,£247.33,GBP,6300,Software licence
T006339,V0196,INV-24944,2024-12-08,£470.09,GBP,6300,Advisory fee
T006340,V0151,INV-24980,2024-03-25,383.89,GBP,6200,Software licence
T006341,V0191,INV-22606,02/14/2024,145.7,GBP,6000,Ad spend
T006342,V0182,INV-29843,2025-03-05,356.01,GBP,6000,Software licence
T006343,V0130,INV-14285,17 May 2024,344.46,GBP,6300,Air travel
T006344,V0144,INV-84949,01/08/2024,336.44,GBP,6500,Air travel
T006345,V0120,INV-54074,2025-04-11,417.77,GBP,6400,Office supplies
T006346,V0057,INV-51765,2024-10-22,£438.45,GBP,6400,Freight
T006347,V0183,INV-37134,01 Jan 2025,£250.75,GBP,6300,Software licence
T006348,V0154,INV-34496,20 Apr 2024,"£1,635.96",GBP,6200,Freight
T006349,V0104,INV-71865,2024-04-03,111.45,GBP,6200,Ad spend
T006350,V0063,INV-76238,27/02/2025,182.53,GBP,6500,Ad spend
T006351,V0073,INV-98968,2024-09-02,8586.62,GBP,6100,Software licence
T006352,V0054,INV-22008,21 May 2025,128.79,GBP,6500,Office supplies
T006353,V0169,INV-63433,03/09/2025,91.00,GBP,6200,Office supplies
T006354,V0200,INV-77953,25 May 2024,904.99,GBP,6200,Ad spend
T006355,V0138,INV-53656,2024-09-27,41.07,GBP,6400,Office supplies
T006356,V0185,INV-75281,05/11/2024,311.44,GBP,6200,Software licence
T006357,V0011,INV-14506,05/24/2024,4274.44,GBP,6000,Freight
T006358,V0101,INV-97041,2024-02-20,73.74,GBP,6000,Air travel
T006359,V0171,INV-59412,01/18/2024,45.60,GBP,6200,Software licence
T006360,V0151,INV-13157,12/12/2024,77.55,GBP,6200,Office supplies
T006361,V0037,INV-74947,27 Apr 2024,"£1,083.76",GBP,6300,Advisory fee
T006362,V0052,INV-17473,2024-07-21,1390.27,GBP,6100,Air travel
T006363,V0108,INV-95911,10 Aug 2024,229.56,GBP,6300,Freight
T006364,V0183,INV-36315,2024-01-14,855.37,GBP,6000,Software licence
T006365,V0015,INV-14943,23 Feb 2024,"£1,861.77",GBP,6400,Freight
T006366,V0151,INV-40775,08/03/2024,2881.54,GBP,6400,Ad spend
T006367,V0134,INV-24936,04 Jan 2024,£307.67,GBP,6200,Freight
T006368,V0012,INV-32739,2025-06-23,£32.08,GBP,6500,Office supplies
T006369,V0086,INV-46527,07 Mar 2024,163.54,GBP,6200,Freight
T006370,V0154,INV-33555,02/21/2024,252.27,GBP,6400,Advisory fee
T006371,V0059,INV-16470,2024-09-25,303.43,GBP,6500,Office supplies
T006372,V0163,INV-68128,03 Mar 2025,328.11,GBP,6300,Software licence
T006373,V0063,INV-64720,2025-02-07,"9,999.00",GBP,6100,Freight
T006374,V0165,INV-13241,08 Jun 2025,"1,639.05",GBP,6000,Office supplies
T006375,V0036,INV-98392,15/03/2025,334.01,GBP,6400,Software licence
T006376,V0090,INV-84983,11/06/2024,"£1,350.64",GBP,6300,Advisory fee
T006377,V0066,INV-70030,01/04/2024,597.9,GBP,6200,Advisory fee
T006378,V0057,INV-19653,2024-03-31,£433.09,GBP,6000,Air travel
T006379,V0175,INV-81890,05/08/2024,1093.57,GBP,6500,Advisory fee
T006380,V0063,INV-11096,2025-03-19,436.80,GBP,6300,Office supplies
T006381,V0155,INV-68702,30 May 2025,3880.01,GBP,6200,Office supplies
T006382,V0025,INV-83098,07/05/2024,82.91,GBP,6500,Air travel
T006383,V0036,INV-97459,03/08/2025,228.91,GBP,6400,Office supplies
T006384,V0122,INV-63502,2024-12-30,351.02,GBP,6500,Software licence
T006385,V0194,INV-23611,2025-02-19,654.19,GBP,6300,Ad spend
T006386,V0123,INV-22883,05 Jun 2025,1627.43,GBP,6300,Ad spend
T006387,V0102,INV-26418,2024-08-09,£392.75,GBP,6300,Office supplies
T006388,V0111,INV-81401,2025-06-22,84.4,GBP,6500,Advisory fee
T006389,V0092,INV-13221,2024-03-30,1019.19,GBP,6500,Advisory fee
T006390,V0102,INV-93870,06/14/2024,925.61,GBP,6300,Ad spend
T006391,V0045,INV-87610,11/06/2024,£47.65,GBP,6100,Ad spend
T006392,V0111,INV-67013,03/30/2025,401.74,GBP,6400,Advisory fee
T006393,V0132,INV-11467,2024-07-18,70.16,GBP,6300,Advisory fee
T006394,V0102,INV-21223,08 Feb 2025,194.2,GBP,6200,Office supplies
T006395,V0048,INV-82128,01/01/2024,£149.44,GBP,6300,Air travel
T006396,V0149,INV-86510,04 Sep 2024,£982.59,GBP,6200,Freight
T006397,V0138,INV-23916,18/05/2024,458.75,GBP,6200,Air travel
T006398,V0160,INV-72471,06 May 2025,98.09,GBP,6300,Office supplies
T006399,V0112,INV-52299,2025-05-22,"£1,062.17",GBP,6300,Air travel
T006400,V0007,INV-81964,2024-07-11,83.33,GBP,6400,Air travel
T006401,V0190,INV-79756,01/26/2024,580.06,GBP,6200,Software licence
T006402,V0019,INV-48129,2024-05-07,164.78,GBP,6300,Software licence
T006403,V0200,INV-60794,12/03/2024,269.82,GBP,6300,Freight
T006404,V0150,INV-34703,12 Mar 2024,702.54,GBP,6100,Freight
T006405,V0091,INV-61967,2024-12-25,715.94,GBP,6000,Freight
T006406,V0137,INV-67855,23 Mar 2024,1755.78,GBP,6500,Software licence
T006407,V0079,INV-78889,03/14/2025,368.53,GBP,6000,Software licence
T006408,V0167,INV-57324,14/02/2024,565.15,GBP,6000,Advisory fee
T006409,V0155,INV-34069,25 Sep 2024,249.26,GBP,6200,Freight
T006410,V9399,INV-93702,04 Jul 2024,492.84,GBP,6400,Ad spend
T006411,V0144,INV-74392,23/12/2024,654.21,GBP,6500,Ad spend
T006412,V0013,INV-92111,2024-08-26,362.08,GBP,6500,Software licence
T006413,V0199,INV-28519,2024-07-19,55.47,GBP,6000,Software licence
T006414,V0027,INV-29651,12/14/2024,580.92,GBP,6500,Software licence
T006415,V0017,INV-94377,03/06/2025,602.46,GBP,6300,Advisory fee
T006416,V0010,INV-74671,10/08/2024,190.91,GBP,6100,Freight
T006417,V0194,INV-13009,2025-02-15,98.22,GBP,6500,Advisory fee
T006418,V0154,INV-55171,01/06/2024,2045.64,GBP,6100,Office supplies
T006419,V0059,INV-34776,21/02/2025,£692.70,GBP,6400,Office supplies
T006420,V0031,INV-93098,2024-01-17,313.57,GBP,6300,Office supplies
T006421,V0011,INV-11787,05/25/2025,115.50,GBP,6500,Office supplies
T006422,V0006,INV-27839,24/09/2024,163.37,GBP,6100,Ad spend
T006423,V0167,INV-65505,22 May 2024,"1,690.62",GBP,6200,Advisory fee
T006424,V0147,INV-69143,2025-01-07,469.39,GBP,6100,Ad spend
T006425,V0189,INV-93238,22 Oct 2024,220.16,GBP,6000,Advisory fee
T006426,V0084,INV-74856,04 Apr 2024,706.74,GBP,6500,Air travel
T006427,V0079,INV-61252,11/01/2025,164.71,GBP,6300,Advisory fee
T006428,V0199,INV-75016,18 Sep 2024,"£2,102.59",GBP,6000,Advisory fee
T006429,V0098,INV-81139,2025-05-19,"£1,786.62",GBP,6100,Air travel
T006430,V0166,INV-49836,09/16/2024,241.48,GBP,6200,Office supplies
T006431,V0066,INV-53293,2024-03-08,202.04,GBP,6200,Ad spend
T006432,V0168,INV-66247,03/04/2025,22.65,GBP,6200,Freight
T006433,V0051,INV-97327,01/10/2024,79.06,GBP,6400,Office supplies
T006434,V0076,INV-83605,22 Aug 2024,92.44,GBP,6500,Air travel
T006435,V0168,INV-81700,15/03/2025,468.11,GBP,6500,Office supplies
T006436,V0107,INV-74818,09/08/2024,£281.78,GBP,6300,Ad spend
T006437,V0077,INV-77840,11/16/2024,91.85,GBP,6100,Office supplies
T006438,V0008,INV-96900,2025-04-16,£296.11,GBP,6300,Air travel
T006439,V0135,INV-71734,2024-01-05,703.36,GBP,6400,Freight
T006440,V0075,INV-41942,2024-06-11,720.99,GBP,6500,Ad spend
T006441,V0198,INV-89964,11/08/2024,£49.92,GBP,6500,Advisory fee
T006442,V0065,INV-49422,2024-09-06,350.34,GBP,6500,Ad spend
T006443,V0153,INV-54199,2024-02-02,88.09,GBP,6200,Software licence
T006444,V0196,INV-50055,22 Nov 2024,"£1,087.79",GBP,6000,Air travel
T006445,V0185,INV-14178,2024-06-28,955.81,GBP,6400,Air travel
T006446,V0103,INV-70749,2024-06-18,150.23,GBP,6500,Software licence
T006447,V0014,INV-70015,2024-07-20,£173.70,GBP,6200,Office supplies
T006448,V0195,INV-89103,19/07/2024,£242.89,GBP,6400,Software licence
T006449,V0179,INV-71268,04/02/2025,£33.85,GBP,6100,Advisory fee
T006450,V0126,INV-28596,2024-11-18,£583.80,GBP,6200,Advisory fee
T006451,V0089,INV-97419,05/01/2024,298.83,GBP,6100,Freight
T006452,V0008,INV-18314,07/03/2025,1172.85,GBP,6100,Air travel
T006453,V0144,INV-56027,04/22/2024,120.51,GBP,6200,Software licence
T006454,V0174,INV-27387,05 Jan 2024,204.17,GBP,6200,Air travel
T006455,V0006,INV-96236,2024-07-08,£76.92,GBP,6400,Software licence
T006456,V0080,INV-37488,17 Dec 2024,133.66,GBP,6100,Software licence
T006457,V0036,INV-70816,28 Sep 2024,£109.93,GBP,6500,Advisory fee
T006458,V0173,INV-99724,26/08/2024,"£1,206.61",GBP,6100,Ad spend
T006459,V0159,INV-53333,11 Jul 2024,187.15,GBP,6000,Advisory fee
T006460,V0186,INV-23181,24 Apr 2024,462.48,GBP,6100,Office supplies
T006461,V0169,INV-56215,30/01/2024,£265.38,GBP,6200,Office supplies
T006462,V0103,INV-56919,08 Jul 2024,99.84,GBP,6300,Air travel
T006463,V0039,INV-82267,20 Mar 2025,£335.25,GBP,6500,Ad spend
T006464,V0047,INV-97534,2024-12-18,£779.78,GBP,6000,Advisory fee
T006465,V0014,INV-78625,07/01/2025,106.85,GBP,6300,Office supplies
T006466,V0136,INV-35223,12/24/2024,982.43,GBP,6200,Air travel
T006467,V0088,INV-20518,09/22/2024,158.43,GBP,6500,Ad spend
T006468,V0011,INV-89118,23 Mar 2024,237.16,GBP,6400,Office supplies
T006469,V0083,INV-22290,21/03/2024,723.25,GBP,6300,Advisory fee
T006470,V0078,INV-55091,01/01/2025,194.46,GBP,6200,Advisory fee
T006471,V0057,INV-69474,02/02/2024,420.45,GBP,6300,Office supplies
T006472,V0122,INV-34441,04/20/2024,285.39,GBP,6300,Ad spend
T006473,V0052,INV-42433,03/28/2025,465.12,GBP,6200,Ad spend
T006474,V0025,INV-28402,03/29/2024,29.41,GBP,6500,Air travel
T006475,V0122,INV-59093,09 Mar 2025,53.91,GBP,6500,Advisory fee
T006476,V0196,INV-31860,2025-03-11,794.38,GBP,6200,Software licence
T006477,V0045,INV-65615,2024-01-30,1262.56,GBP,6400,Air travel
T006478,V0135,INV-25535,2025-06-07,148.19,GBP,6500,Ad spend
T006479,V0101,INV-30943,15 Jan 2024,308.45,GBP,6400,Freight
T006480,V0016,INV-65560,2024-08-27,557.91,GBP,6000,Freight
T006481,V0111,INV-41522,21/01/2024,864.84,GBP,6100,Freight
T006482,V0154,INV-54043,16/03/2024,43.36,GBP,6300,Advisory fee
T006483,V0127,INV-17774,11/14/2024,152.22,GBP,6200,Software licence
T006484,V0183,INV-53244,26/05/2024,9000.00,GBP,6100,Advisory fee
T006485,V0181,INV-64889,27 Mar 2025,874.33,GBP,6100,Advisory fee
T006486,V0026,INV-32707,08/08/2024,"6,299.80",GBP,6200,Office supplies
T006487,V0199,INV-79601,2024-02-09,313.94,GBP,6200,Freight
T006488,V9818,INV-21855,10/25/2024,85.83,GBP,6500,Office supplies
T006489,V0015,INV-29038,01/13/2025,627.97,GBP,6400,Office supplies
T006490,V0103,INV-49030,01/10/2025,1725.20,GBP,6000,Advisory fee
T006491,V0038,INV-82479,06/28/2024,£454.33,GBP,6500,Office supplies
T006492,V0028,INV-42285,18/09/2024,£148.81,GBP,6100,Ad spend
T006493,V0093,INV-58638,03/28/2025,"1,157.24",GBP,6300,Ad spend
T006494,V0048,INV-89479,03/06/2024,837.06,GBP,6000,Advisory fee
T006495,V0085,INV-48378,01/25/2024,130.49,GBP,6500,Air travel
T006496,V0161,INV-43916,2024-07-17,613.74,GBP,6000,Freight
T006497,V0182,INV-36623,2024-11-02,1208.33,GBP,6100,Ad spend
T006498,V0158,INV-58825,08/18/2024,1480.42,GBP,6000,Software licence
T006499,V0176,INV-95612,2024-06-09,374.99,GBP,6500,Freight
T006500,V0124,INV-73392,01/05/2024,272.08,GBP,6500,Advisory fee
T006501,V0028,INV-52033,17 Jan 2024,"1,556.20",GBP,6300,Office supplies
T006502,V0175,INV-86617,2024-04-27,106.57,GBP,6500,Ad spend
T006503,V0155,INV-26581,03/02/2025,653.56,GBP,6200,Software licence
T006504,V0116,INV-38000,14 Jun 2024,£89.39,GBP,6400,Software licence
T006505,V0110,INV-28514,2024-03-26,1302.33,GBP,6500,Software licence
T006506,V0188,INV-75984,15/05/2025,303.73,GBP,6100,Freight
T006507,V0040,INV-30543,10/04/2024,"£1,628.54",GBP,6400,Freight
T006508,V0064,INV-62044,2024-03-18,692.67,GBP,6200,Ad spend
T006509,V0056,INV-99049,16 Apr 2025,105.05,GBP,6300,Ad spend
T006510,V0030,INV-13526,01/02/2025,"1,933.51",GBP,6100,Freight
T006511,V0132,INV-99449,07/04/2025,"£2,222.46",GBP,6300,Software licence
T006512,V0114,INV-94340,2024-10-26,1064.77,GBP,6200,Freight
T006513,V0190,INV-91100,23/03/2024,174.56,GBP,6200,Office supplies
T006514,V0015,INV-43331,07/10/2024,£288.12,GBP,6200,Software licence
T006515,V0003,INV-33275,01/07/2024,473.41,GBP,6100,Advisory fee
T006516,V0097,INV-78254,09/06/2024,186.03,GBP,6400,Ad spend
T006517,V0143,INV-90336,2024-02-05,"£2,595.62",GBP,6100,Advisory fee
T006518,V0080,INV-93617,12/20/2024,472.84,GBP,6000,Office supplies
T006519,V0153,INV-51446,30/05/2025,20.62,GBP,6300,Ad spend
T006520,V0195,INV-61983,2024-02-18,585.98,GBP,6100,Advisory fee
T006521,V0200,INV-16229,2024-10-05,275.07,GBP,6000,Freight
T006522,V0200,INV-36963,10/06/2024,371.51,GBP,6300,Advisory fee
T006523,V0177,INV-70193,22/12/2024,268.95,GBP,6200,Advisory fee
T006524,V0018,INV-80316,29 May 2024,£980.19,GBP,6100,Ad spend
T006525,V0139,INV-76189,2024-04-08,"1,382.51",GBP,6000,Software licence
T006526,V0063,INV-82018,15/05/2024,550.79,GBP,6300,Office supplies
T006527,V0019,INV-16352,11/17/2024,£277.76,GBP,6000,Office supplies
T006528,V0063,INV-46807,01/19/2025,385.50,GBP,6000,Software licence
T006529,V0140,INV-50698,2024-06-12,412.22,GBP,6100,Software licence
T006530,V0026,INV-40804,06/22/2024,166.89,GBP,6200,Office supplies
T006531,V0045,INV-14132,07/20/2024,762.67,GBP,6500,Advisory fee
T006532,V0020,INV-98095,2025-01-31,669.18,GBP,6400,Software licence
T006533,V0186,INV-93515,2025-02-24,"2,196.20",GBP,6100,Ad spend
T006534,V0003,INV-41137,2024-03-29,"1,605.01",GBP,6500,Advisory fee
T006535,V0123,INV-42182,24 Jan 2025,£189.76,GBP,6400,Software licence
T006536,V0120,INV-76883,2024-11-09,994.59,GBP,6500,Ad spend
T006537,V0110,INV-73195,07/07/2024,141.73,GBP,6000,Software licence
T006538,V0006,INV-56345,2024-05-12,867.42,GBP,6000,Air travel
T006539,V0179,INV-23070,21/02/2024,228.54,GBP,6300,Software licence
T006540,V0117,INV-24960,03/20/2025,130.90,GBP,6100,Air travel
T006541,V0144,INV-57865,01/29/2024,548.97,GBP,6500,Advisory fee
T006542,V0137,INV-89515,11/24/2024,21.28,GBP,6000,Office supplies
T006543,V0056,INV-70132,07/01/2024,58.79,GBP,6400,Air travel
T006544,V0021,INV-24434,03/23/2024,331.88,GBP,6400,Air travel
T006545,V0165,INV-49837,2025-01-05,441.72,GBP,6200,Air travel
T006546,V0108,INV-89365,04/28/2025,268.74,GBP,6100,Freight
T006547,V0102,INV-55104,12/12/2024,71.00,GBP,6300,Software licence
T006548,V0154,INV-34387,09/04/2025,£164.07,GBP,6300,Ad spend
T006549,V0021,INV-40975,25/03/2025,620.38,GBP,6300,Advisory fee
T006550,V0176,INV-25247,28 May 2025,765.06,GBP,6400,Ad spend
T006551,V0193,INV-28529,2025-03-11,396.29,GBP,6100,Freight
T006552,V0091,INV-62532,04/19/2024,"1,440.17",GBP,6100,Advisory fee
T006553,V0103,INV-60027,03/27/2025,624.62,GBP,6400,Office supplies
T006554,V0007,INV-58792,01/07/2025,177.29,GBP,6300,Office supplies
T006555,V0118,INV-22903,07/19/2024,296.32,GBP,6400,Freight
T006556,V0123,INV-47551,02/17/2024,86.22,GBP,6100,Advisory fee
T006557,V0036,INV-38497,2024-10-22,358.18,GBP,6500,Ad spend
T006558,V0018,INV-49574,31 Oct 2024,"£1,371.02",GBP,6300,Ad spend
T006559,V0046,INV-74780,10 Mar 2025,857.33,GBP,6100,Advisory fee
T006560,V0056,INV-10111,2024-10-30,1885.99,GBP,6500,Software licence
T006561,V0019,INV-69910,2025-03-02,289.12,GBP,6000,Advisory fee
T006562,V0077,INV-32821,2024-04-14,"£1,773.50",GBP,6200,Office supplies
T006563,V0076,INV-77024,20 Aug 2024,326.15,GBP,6000,Freight
T006564,V0102,INV-79712,2025-03-07,2036.0,GBP,6100,Ad spend
T006565,V0068,INV-72809,2024-01-28,393.85,GBP,6200,Ad spend
T006566,V0081,INV-59428,31/01/2025,£878.27,GBP,6400,Freight
T006567,V0124,INV-12863,2024-08-09,2043.92,GBP,6300,Freight
T006568,V0144,INV-40320,01/04/2024,326.11,GBP,6000,Air travel
T006569,V0139,INV-38821,13/05/2025,512.98,GBP,6500,Freight
T006570,V0165,INV-39863,15 Feb 2025,"1,665.28",GBP,6500,Office supplies
T006571,V0177,INV-20322,2024-12-18,348.52,GBP,6400,Office supplies
T006572,V0192,INV-29001,2024-04-26,94.35,GBP,6500,Advisory fee
T006573,V0043,INV-73249,29 Feb 2024,4261.21,GBP,6300,Air travel
T006574,V0154,INV-39236,13 Oct 2024,£240.63,GBP,6000,Software licence
T006575,V0068,INV-16537,01/21/2025,£480.41,GBP,6500,Advisory fee
T006576,V0038,INV-85891,06 Apr 2024,1438.86,GBP,6000,Freight
T006577,V0116,INV-32326,11 May 2024,206.57,GBP,6400,Office supplies
T006578,V0072,INV-72890,2024-05-07,£133.13,GBP,6400,Office supplies
T006579,V0006,INV-21469,26 Apr 2024,533.31,GBP,6300,Advisory fee
T006580,V0150,INV-62491,2024-02-24,56.13,GBP,6300,Air travel
T006581,V0174,INV-68746,22/06/2025,£293.92,GBP,6400,Advisory fee
T006582,V0187,INV-78241,15 Sep 2024,£528.24,GBP,6400,Ad spend
T006583,V0073,INV-86236,04/04/2025,299.78,GBP,6400,Freight
T006584,V0015,INV-51382,06/14/2024,73.86,GBP,6100,Software licence
T006585,V0126,INV-26284,2024-04-23,2329.94,GBP,6200,Freight
T006586,V0105,INV-54007,03/03/2025,£452.09,GBP,6200,Freight
T006587,V0189,INV-22441,2024-04-14,"£1,947.43",GBP,6000,Ad spend
T006588,V0020,INV-74555,04 Aug 2024,303.07,GBP,6500,Advisory fee
T006589,V0181,INV-51075,2025-02-20,153.24,GBP,6100,Software licence
T006590,V0105,INV-36229,06/04/2024,£542.45,GBP,6100,Freight
T006591,V0119,INV-58040,2024-12-26,318.19,GBP,6300,Office supplies
T006592,V0191,INV-64318,04/15/2024,110.44,GBP,6300,Freight
T006593,V0079,INV-89796,02/24/2025,"£2,031.97",GBP,6100,Ad spend
T006594,V0144,INV-76468,2024-03-13,£203.47,GBP,6000,Freight
T006595,V0055,INV-78885,2024-02-24,53.29,GBP,6300,Freight
T006596,V0043,INV-16207,2024-04-26,"£1,738.86",GBP,6100,Advisory fee
T006597,V0004,INV-75482,19 Mar 2024,£231.66,GBP,6300,Ad spend
T006598,V0090,INV-34710,24/06/2024,206.73,GBP,6000,Ad spend
T006599,V0057,INV-35489,03/07/2025,£57.86,GBP,6000,Office supplies
T006600,V0020,INV-71630,06/23/2025,2738.14,GBP,6200,Air travel
T006601,V0149,INV-14801,16 Feb 2024,97.67,GBP,6200,Advisory fee
T006602,V0155,INV-17377,2024-09-05,430.22,GBP,6300,Advisory fee
T006603,V0042,INV-88823,31/12/2024,"£1,100.90",GBP,6500,Air travel
T006604,V0096,INV-77618,06/12/2024,£641.55,GBP,6400,Office supplies
T006605,V0088,INV-65194,2024-08-28,377.81,GBP,6500,Freight
T006606,V0151,INV-81848,05/06/2024,62.06,GBP,6100,Ad spend
T006607,V0072,INV-38551,06/06/2024,165.55,GBP,6100,Air travel
T006608,V0199,INV-54829,18 Apr 2024,£496.00,GBP,6300,Air travel
T006609,V0018,INV-88669,2024-07-07,169.71,GBP,6200,Freight
T006610,V0018,INV-92490,2024-09-17,504.56,GBP,6300,Ad spend
T006611,V0046,INV-23932,07/05/2024,853.99,GBP,6500,Office supplies
T006612,V0104,INV-14891,,1162.99,GBP,6500,Freight
T006613,V9509,INV-40575,09/24/2024,104.71,GBP,6200,Air travel
T006614,V0026,INV-37251,09/14/2024,"£4,520.20",GBP,6200,Office supplies
T006615,V0025,INV-51150,02 Feb 2025,,GBP,6100,Software licence
T006616,V0155,INV-41766,09 Jan 2024,402.67,GBP,6300,Freight
T006617,V0103,INV-78329,2024-12-11,"£1,337.41",GBP,6400,Software licence
T006618,V0167,INV-86958,2025-03-14,5442.25,GBP,6500,Advisory fee
T006619,V0079,INV-57495,20 Apr 2025,£82.88,GBP,6100,Advisory fee
T006620,V0072,INV-14208,29/06/2024,£314.89,GBP,6500,Software licence
T006621,V0118,INV-73367,07/11/2024,29.48,GBP,6200,Advisory fee
T006622,V0195,INV-22182,04 Mar 2025,498.66,GBP,6300,Freight
T006623,V0017,INV-18721,30/07/2024,603.01,GBP,6100,Freight
T006624,V0121,INV-35180,2025-03-15,£386.42,GBP,6300,Software licence
T006625,V0123,INV-27836,03 May 2024,196.37,GBP,6300,Advisory fee
T006626,V0058,INV-48500,01/12/2024,42.33,GBP,6500,Office supplies
T006627,V0079,INV-27380,24 Jun 2024,608.43,GBP,6500,Office supplies
T006628,V0189,INV-45438,06/04/2024,2000.15,GBP,6500,Freight
T006629,V0135,INV-40085,03/03/2024,210.58,GBP,6300,Advisory fee
T006630,V0063,INV-34225,28 Aug 2024,654.63,GBP,6300,Air travel
T006631,V0079,INV-11889,2024-04-06,71.88,GBP,6400,Software licence
T006632,V0167,INV-50632,24/10/2024,£667.10,GBP,6200,Office supplies
T006633,V0076,INV-82449,10/04/2024,,GBP,6100,Advisory fee
T006634,V0172,INV-14039,2024-06-10,174.40,GBP,6500,Air travel
T006635,V0063,INV-58215,08/01/2024,174.79,GBP,6500,Freight
T006636,V0079,INV-67569,2025-02-25,£261.66,GBP,6200,Advisory fee
T006637,V0024,INV-25468,11/06/2025,£614.42,GBP,6300,Advisory fee
T006638,V0017,INV-54087,03/02/2025,95.26,GBP,6200,Software licence
T006639,V0157,INV-85491,10/18/2024,260.65,GBP,6000,Air travel
T006640,V0127,INV-56078,16 Jul 2024,385.44,GBP,6400,Freight
T006641,V0159,INV-18513,07/16/2024,120.43,GBP,6300,Software licence
T006642,V0082,INV-50769,05/17/2024,"£2,911.23",GBP,6200,Air travel
T006643,V0024,INV-99702,27 Feb 2024,£157.77,GBP,6400,Office supplies
T006644,V0099,INV-19973,03/13/2024,193.18,GBP,6000,Advisory fee
T006645,V0052,INV-51721,01/27/2025,137.53,GBP,6200,Freight
T006646,V0069,INV-33755,28 Jun 2024,"2,917.05",GBP,6000,Advisory fee
T006647,V0045,INV-41701,06/05/2025,741.14,GBP,6300,Advisory fee
T006648,V0098,INV-66725,09 Mar 2025,143.99,GBP,6400,Office supplies
T006649,V0199,INV-32004,2024-12-21,1362.20,GBP,6100,Office supplies
T006650,V0138,INV-60295,05 Apr 2024,503.09,GBP,6400,Air travel
T006651,V0024,INV-18575,15/07/2024,£535.38,GBP,6400,Advisory fee
T006652,V0005,INV-91410,24 Aug 2024,276.19,GBP,6200,Office supplies
T006653,V0072,INV-95682,06/01/2024,176.91,GBP,6200,Software licence
T006654,V0097,INV-65658,30 Jun 2024,£584.96,GBP,6400,Advisory fee
T006655,V0049,INV-45410,23/02/2025,221.50,GBP,6100,Office supplies
T006656,V0077,INV-98414,13/06/2025,2976.29,GBP,6400,Freight
T006657,V0059,INV-41212,09/20/2024,£99.86,GBP,6100,Ad spend
T006658,V0095,INV-23438,2025-06-23,2185.88,GBP,6300,Ad spend
T006659,V0157,INV-43344,2024-02-08,356.93,GBP,6400,Ad spend
T006660,V0199,INV-57444,21/10/2024,560.59,GBP,6100,Air travel
T006661,V0064,INV-83665,2024-06-29,"1,008.76",GBP,6300,Freight
T006662,V0035,INV-82677,12/03/2024,£201.69,GBP,6200,Software licence
T006663,V0116,INV-45256,2024-07-28,1043.85,GBP,6200,Software licence
T006664,V0148,INV-55533,2024-06-16,20.53,GBP,6400,Advisory fee
T006665,V0134,INV-91456,17/01/2025,£182.73,GBP,6400,Air travel
T006666,V0123,INV-92779,01/09/2024,£145.99,GBP,6100,Freight
T006667,V0110,INV-89305,2025-03-08,101.61,GBP,6200,Air travel
T006668,V0054,INV-52299,2024-04-08,318.48,GBP,6300,Ad spend
T006669,V0085,INV-15872,2024-09-21,616.66,GBP,6300,Software licence
T006670,V0141,INV-78555,2024-07-25,£873.87,GBP,6000,Software licence
T006671,V0196,INV-87583,14/12/2024,£525.82,GBP,6200,Office supplies
T006672,V0141,INV-76670,11/04/2025,193.98,GBP,6100,Air travel
T006673,V0073,INV-90022,2025-02-15,605.42,GBP,6500,Ad spend
T006674,V0133,INV-66837,16/03/2025,£462.53,GBP,6300,Freight
T006675,V0138,INV-90123,21/09/2024,"£9,000.00",GBP,6300,Software licence
T006676,V0105,INV-23958,13 Apr 2025,948.26,GBP,6500,Advisory fee
T006677,V0006,INV-66784,2024-02-22,417.18,GBP,6000,Air travel
T006678,V0160,INV-67712,03/25/2024,150.36,GBP,6000,Software licence
T006679,V0195,INV-38166,2025-06-20,,GBP,6200,Advisory fee
T006680,V0115,INV-23451,2024-12-10,£220.35,GBP,6300,Ad spend
T006681,V0092,INV-64897,03/18/2025,285.20,GBP,6500,Air travel
T006682,V0001,INV-95540,12 Dec 2024,541.78,GBP,6000,Freight
T006683,V0187,INV-76215,03/08/2025,885.98,GBP,6000,Advisory fee
T006684,V0025,INV-60378,18 May 2025,381.37,GBP,6500,Air travel
T006685,V0067,INV-83790,2024-07-04,410.65,GBP,6100,Air travel
T006686,V0178,INV-37195,01/11/2025,£472.31,GBP,6400,Advisory fee
T006687,V0112,INV-85429,06/13/2025,£228.72,GBP,6200,Software licence
T006688,V0072,INV-52494,2024-01-18,145.78,GBP,6500,Air travel
T006689,V0105,INV-63546,2024-08-22,£58.50,GBP,6300,Air travel
T006690,V0080,INV-15971,05/18/2024,187.79,GBP,6500,Advisory fee
T006691,V0068,INV-33323,03/21/2025,678.89,GBP,6000,Ad spend
T006692,V0180,INV-80393,20 Jun 2024,186.20,GBP,6200,Ad spend
T006693,V0032,INV-49408,04 Feb 2024,310.57,GBP,6100,Air travel
T006694,V0015,INV-99455,03 Sep 2024,£673.90,GBP,6400,Air travel
T006695,V0181,INV-74291,2025-03-14,715.34,GBP,6500,Office supplies
T006696,V0194,INV-59334,04 Nov 2024,123.04,GBP,6400,Software licence
T006697,V0162,INV-63906,12/09/2024,1208.05,GBP,6400,Advisory fee
T006698,V0074,INV-85100,07 Sep 2024,"£1,394.21",GBP,6500,Ad spend
T006699,V0144,INV-16785,01/29/2025,116.42,GBP,6100,Air travel
T006700,V0132,INV-55979,2024-08-14,163.00,GBP,6000,Advisory fee
T006701,V0022,INV-12848,03/22/2024,"£1,495.48",GBP,6100,Ad spend
T006702,V0141,INV-85773,21/01/2025,343.25,GBP,6400,Air travel
T006703,V0022,INV-90005,01/08/2024,35.10,GBP,6000,Air travel
T006704,V0165,INV-76022,12/01/2025,£86.52,GBP,6100,Advisory fee
T006705,V0126,INV-70249,12/24/2024,306.65,GBP,6400,Ad spend
T006706,V0195,INV-72239,02/19/2024,112.24,GBP,6100,Ad spend
T006707,V0084,INV-64388,30/05/2024,256.01,GBP,6000,Office supplies
T006708,V0192,INV-65372,08/08/2024,418.06,GBP,6200,Air travel
T006709,V0175,INV-46865,2024-08-04,"£2,015.21",GBP,6500,Freight
T006710,V0067,INV-62817,2025-06-04,293.1,GBP,6400,Ad spend
T006711,V0192,INV-42060,26 Aug 2024,"1,312.64",GBP,6000,Freight
T006712,V0019,INV-98377,03 Jun 2024,1942.32,GBP,6100,Office supplies
T006713,V0095,INV-67638,2025-03-07,"1,954.21",GBP,6000,Ad spend
T006714,V0183,INV-16267,04/04/2025,551.82,GBP,6100,Software licence
T006715,V0115,INV-49512,10/13/2024,£46.54,GBP,6200,Ad spend
T006716,V0119,INV-66099,2024-06-26,669.75,GBP,6500,Ad spend
T006717,V0035,INV-60872,07/09/2024,"£1,278.24",GBP,6300,Ad spend
T006718,V0138,INV-51046,12 Feb 2024,369.01,GBP,6400,Freight
T006719,V0142,INV-89358,05/15/2025,2749.14,GBP,6300,Air travel
T006720,V0127,INV-59064,06 Oct 2024,"1,038.80",GBP,6500,Air travel
T006721,V0167,INV-41382,19 Oct 2024,753.78,GBP,6400,Advisory fee
T006722,V0086,INV-28132,28/12/2024,"£1,332.78",GBP,6100,Ad spend
T006723,V0192,INV-70253,2024-09-16,582.14,GBP,6000,Office supplies
T006724,V0122,INV-61025,21 Apr 2025,26.00,GBP,6300,Freight
T006725,V0122,INV-46882,01/26/2024,£232.98,GBP,6200,Office supplies
T006726,V0006,INV-72916,03/07/2025,1505.51,GBP,6300,Air travel
T006727,V0021,INV-50386,31 Mar 2025,165.94,GBP,6200,Office supplies
T006728,V0077,INV-21569,18/03/2024,315.51,GBP,6200,Ad spend
T006729,V0197,INV-37223,31/07/2024,127.83,GBP,6000,Freight
T006730,V0151,INV-17626,02/03/2024,2870.71,GBP,6500,Advisory fee
T006731,V0012,INV-84838,11 Oct 2024,2564.82,GBP,6500,Software licence
T006732,V0105,INV-58837,11 Feb 2025,£152.59,GBP,6200,Advisory fee
T006733,V0130,INV-29662,04/09/2024,474.39,GBP,6500,Air travel
T006734,V0185,INV-44523,2024-12-17,190.84,GBP,6100,Freight
T006735,V0086,INV-95812,2025-03-08,793.49,GBP,6200,Office supplies
T006736,V0088,INV-33631,24/07/2024,706.73,GBP,6500,Office supplies
T006737,V0106,INV-66339,02/02/2024,985.23,GBP,6500,Advisory fee
T006738,V0172,INV-11766,07 Feb 2024,581.21,GBP,6200,Ad spend
T006739,V0008,INV-84792,03/21/2024,"£10,187.81",GBP,6000,Software licence
T006740,V0189,INV-42180,11/11/2024,130.23,GBP,6400,Advisory fee
T006741,V0093,INV-65235,2024-03-20,£61.46,GBP,6000,Freight
T006742,V0177,INV-88361,28 May 2025,£261.81,GBP,6400,Freight
T006743,V0189,INV-62311,17 Nov 2024,71.9,GBP,6000,Software licence
T006744,V0141,INV-23343,21 Nov 2024,78.12,GBP,6400,Office supplies
T006745,V0192,INV-68696,10/10/2024,134.1,GBP,6300,Ad spend
T006746,V0020,INV-50889,09/11/2024,146.29,GBP,6300,Ad spend
T006747,V0109,INV-22190,06/06/2025,141.16,GBP,6500,Advisory fee
T006748,V0105,INV-76993,13/05/2025,713.40,GBP,6500,Software licence
T006749,V0072,INV-70497,02/25/2025,231.18,GBP,6300,Advisory fee
T006750,V0167,INV-60252,2024-05-30,331.14,GBP,6500,Freight
T006751,V0005,INV-58872,2024-05-16,1078.86,GBP,6200,Ad spend
T006752,V0088,INV-88695,18 Jan 2025,173.65,GBP,6000,Freight
T006753,V0165,INV-91110,03/10/2024,301.57,GBP,6200,Advisory fee
T006754,V0043,INV-40496,25 Aug 2024,603.25,GBP,6000,Advisory fee
T006755,V0047,INV-85268,09/07/2024,£47.67,GBP,6300,Ad spend
T006756,V0074,INV-12273,11/19/2024,£29.27,GBP,6200,Ad spend
T006757,V0175,INV-41715,08 Mar 2025,590.36,GBP,6100,Office supplies
T006758,V0018,INV-43210,02/26/2024,693.13,GBP,6200,Software licence
T006759,V0056,INV-21565,02/01/2025,3907.46,GBP,6300,Software licence
T006760,V0079,INV-73511,10/11/2024,480.06,GBP,6300,Office supplies
T006761,V0055,INV-82320,2024-04-02,993.98,GBP,6200,Ad spend
T006762,V0188,INV-75580,13/12/2024,£325.38,GBP,6100,Air travel
T006763,V0117,INV-49220,05 Nov 2024,£559.45,GBP,6100,Software licence
T006764,V0049,INV-52901,25/09/2024,"2,524.97",GBP,6200,Software licence
T006765,V0005,INV-98106,2024-06-19,£39.00,GBP,6500,Office supplies
T006766,V0130,INV-73026,2024-08-19,635.86,GBP,6200,Software licence
T006767,V0138,INV-99385,20/02/2025,"4,226.57",GBP,6300,Air travel
T006768,V0128,INV-72792,05 Nov 2024,550.18,GBP,6000,Office supplies
T006769,V0024,INV-36680,10/01/2025,2479.05,GBP,6000,Freight
T006770,V0173,INV-34628,01/09/2024,201.92,GBP,6100,Air travel
T006771,V0132,INV-59006,19 Jul 2024,389.45,GBP,6200,Ad spend
T006772,V0198,INV-51717,21/03/2024,£418.58,GBP,6200,Office supplies
T006773,V0160,INV-79104,08/01/2025,£35.19,GBP,6500,Office supplies
T006774,V0178,INV-25588,15 May 2025,111.61,GBP,6400,Freight
T006775,V0084,INV-55053,02/29/2024,120.72,GBP,6400,Freight
T006776,V0078,INV-98790,2024-03-18,996.52,GBP,6100,Freight
T006777,V0097,INV-53292,04 Jan 2025,1052.97,GBP,6400,Software licence
T006778,V0097,INV-70386,2024-12-19,576.19,GBP,6400,Office supplies
T006779,V0056,INV-80521,29/07/2024,998.76,GBP,6000,Freight
T006780,V0057,INV-50769,2024-04-03,336.78,GBP,6400,Advisory fee
T006781,V0196,INV-15380,02/26/2024,"1,513.42",GBP,6100,Freight
T006782,V0017,INV-43842,01/29/2025,407.35,GBP,6100,Air travel
T006783,V0033,INV-89521,06/26/2024,429.94,GBP,6200,Office supplies
T006784,V0027,INV-89726,2025-01-13,301.22,GBP,6400,Ad spend
T006785,V0191,INV-41740,02/23/2024,856.54,GBP,6400,Advisory fee
T006786,V0027,INV-32726,2024-03-05,253.83,GBP,6400,Air travel
T006787,V0040,INV-71889,2024-07-16,1180.95,GBP,6200,Software licence
T006788,V0023,INV-48760,2025-02-15,116.12,GBP,6000,Office supplies
T006789,V0064,INV-20990,12/06/2024,120.44,GBP,6500,Air travel
T006790,V0093,INV-35660,02/25/2024,859.34,GBP,6000,Air travel
T006791,V0058,INV-15110,13 Jul 2024,365.99,GBP,6000,Air travel
T006792,V0076,INV-11345,04/05/2025,244.87,GBP,6300,Freight
T006793,V0023,INV-98043,12/04/2024,"1,073.91",GBP,6000,Freight
T006794,V0190,INV-63381,04 Jan 2025,206.85,GBP,6400,Freight
T006795,V0078,INV-96985,16/11/2024,323.69,GBP,6200,Ad spend
T006796,V0105,INV-66643,31 Aug 2024,1880.23,GBP,6500,Air travel
T006797,V0084,INV-49790,05/02/2024,"£2,193.07",GBP,6400,Advisory fee
T006798,V0048,INV-88333,10 Apr 2024,"2,274.78",GBP,6100,Ad spend
T006799,V0158,INV-88374,30/09/2024,295.79,GBP,6200,Office supplies
T006800,V0015,INV-64653,10/11/2024,1562.08,GBP,6500,Software licence
T006801,V0159,INV-23497,24 Jan 2024,142.05,GBP,6300,Software licence
T006802,V0178,INV-60127,24 Jan 2025,148.77,GBP,6500,Freight
T006803,V0024,INV-12263,2024-03-01,30.4,GBP,6500,Advisory fee
T006804,V0135,INV-93420,15 May 2024,"£2,540.60",GBP,6100,Advisory fee
T006805,V0065,INV-27563,06 May 2024,155.96,GBP,6300,Freight
T006806,V0037,INV-64709,30 May 2025,351.01,GBP,6100,Office supplies
T006807,V0176,INV-20973,2025-05-26,148.21,GBP,6200,Advisory fee
T006808,V0103,INV-32347,25/01/2025,866.69,GBP,6400,Freight
T006809,V0200,INV-59998,05/29/2024,£266.88,GBP,6000,Freight
T006810,V0050,INV-92762,04/10/2024,96.03,GBP,6300,Freight
T006811,V0182,INV-21318,04/01/2024,655.78,GBP,6000,Air travel
T006812,V0146,INV-40198,22 May 2024,£83.34,GBP,6500,Advisory fee
T006813,V0163,INV-93040,12/26/2024,160.59,GBP,6300,Office supplies
T006814,V0195,INV-27389,04/11/2025,39.74,GBP,6000,Advisory fee
T006815,V0052,INV-30696,2024-05-29,84.24,GBP,6000,Software licence
T006816,V0166,INV-96639,2025-04-19,490.97,GBP,6200,Freight
T006817,V0087,INV-90699,20 May 2025,46.48,GBP,6500,Office supplies
T006818,V0066,INV-35083,19 Apr 2025,79.10,GBP,6000,Office supplies
T006819,V0157,INV-55829,03/31/2024,402.38,GBP,6200,Air travel
T006820,V0048,INV-15858,2024-12-05,£221.86,GBP,6500,Freight
T006821,V0165,INV-13023,30/05/2024,"3,609.20",GBP,6500,Freight
T006822,V0103,INV-12088,01/24/2025,"£3,032.94",GBP,6000,Air travel
T006823,V0142,INV-13759,26 Jun 2024,£155.29,GBP,6100,Air travel
T006824,V0004,INV-64854,02/01/2025,744.60,GBP,6200,Ad spend
T006825,V0068,INV-69133,12/02/2025,£919.85,GBP,6500,Freight
T006826,V0088,INV-15460,24/01/2024,209.09,GBP,6200,Software licence
T006827,V0163,INV-75886,2025-06-01,77.86,GBP,6200,Ad spend
T006828,V0101,INV-44024,28 Jul 2024,398.01,GBP,6000,Software licence
T006829,V0100,INV-53152,28/12/2024,333.58,GBP,6300,Office supplies
T006830,V0057,INV-77478,2025-05-18,£249.80,GBP,6400,Freight
T006831,V0131,INV-68038,01/25/2025,656.25,GBP,6200,Ad spend
T006832,V0179,INV-90392,2024-08-31,176.65,GBP,6000,Office supplies
T006833,V0100,INV-96376,02/23/2024,113.61,GBP,6300,Advisory fee
T006834,V0033,INV-28094,2024-01-24,454.86,GBP,6000,Software licence
T006835,V0187,INV-35366,2025-01-26,616.81,GBP,6000,Air travel
T006836,V0124,INV-87217,10 Oct 2024,110.57,GBP,6500,Ad spend
T006837,V0021,INV-85683,01/16/2024,"1,119.79",GBP,6100,Freight
T006838,V0005,INV-37173,12/03/2024,57.54,GBP,6000,Advisory fee
T006839,V0187,INV-43600,2025-06-17,£213.59,GBP,6400,Air travel
T006840,V0187,INV-42229,2024-06-21,£303.75,GBP,6500,Freight
T006841,V0075,INV-50375,16 Mar 2024,200.37,GBP,6400,Advisory fee
T006842,V0193,INV-25995,2024-09-22,£216.68,GBP,6300,Freight
T006843,V0188,INV-16262,05/01/2025,3159.54,GBP,6100,Air travel
T006844,V0113,INV-26796,02/09/2024,158.23,GBP,6400,Air travel
T006845,V0024,INV-63587,30 Apr 2025,"5,915.57",GBP,6100,Advisory fee
T006846,V0015,INV-83976,05 Dec 2024,652.52,GBP,6500,Office supplies
T006847,V0033,INV-96180,2025-02-07,446.42,GBP,6300,Software licence
T006848,V0143,INV-43534,06/06/2025,681.21,GBP,6400,Ad spend
T006849,V0161,INV-79300,27/02/2025,6521.9,GBP,6200,Ad spend
T006850,V0177,INV-96616,01 Jun 2024,135.24,GBP,6400,Office supplies
T006851,V0095,INV-96970,09 Jul 2024,117.63,GBP,6100,Freight
T006852,V0043,INV-80322,02 Jan 2024,175.85,GBP,6000,Freight
T006853,V0056,INV-30219,2024-09-08,417.95,GBP,6200,Office supplies
T006854,V0011,INV-67250,06/06/2025,60.44,GBP,6400,Air travel
T006855,V0110,INV-80146,01/11/2024,413.47,GBP,6500,Ad spend
T006856,V0125,INV-63674,05/22/2025,"£2,599.05",GBP,6400,Software licence
T006857,V0157,INV-62327,2024-10-12,476.54,GBP,6200,Freight
T006858,V0057,INV-72866,02 Oct 2024,292.38,GBP,6500,Air travel
T006859,V0148,INV-52657,05/01/2025,£204.39,GBP,6200,Office supplies
T006860,V0021,INV-40284,31 Dec 2024,"1,083.95",GBP,6500,Office supplies
T006861,V0021,INV-72596,26/11/2024,162.65,GBP,6200,Advisory fee
T006862,V0182,INV-53221,11 Jun 2024,3074.92,GBP,6400,Advisory fee
T006863,V0160,INV-74034,2024-10-08,3383.60,GBP,6400,Advisory fee
T006864,V0118,INV-46232,03/30/2024,535.09,GBP,6500,Software licence
T006865,V0181,INV-93376,25 Oct 2024,398.35,GBP,6400,Ad spend
T006866,V0176,INV-30511,14/03/2025,"1,253.54",GBP,6300,Air travel
T006867,V0195,INV-25768,30/04/2024,1345.17,GBP,6400,Freight
T006868,V0127,INV-65627,2024-09-20,166.24,GBP,6200,Office supplies
T006869,V0069,INV-90363,20/02/2025,226.06,GBP,6200,Air travel
T006870,V0019,INV-56948,22 Mar 2025,94.20,GBP,6200,Software licence
T006871,V0157,INV-62861,2025-03-27,632.68,GBP,6400,Freight
T006872,V0110,INV-41140,2024-01-09,839.91,GBP,6000,Freight
T006873,V0053,INV-56001,05/31/2025,91.39,GBP,6100,Software licence
T006874,V0029,INV-61904,07/15/2024,244.52,GBP,6000,Software licence
T006875,V0195,INV-52897,05/01/2025,91.65,GBP,6500,Advisory fee
T006876,V0040,INV-32616,10/14/2024,£150.10,GBP,6100,Office supplies
T006877,V0135,INV-46800,08 Aug 2024,739.61,GBP,6200,Advisory fee
T006878,V0154,INV-31940,06 May 2025,£180.04,GBP,6300,Ad spend
T006879,V0142,INV-16398,2025-06-16,289.77,GBP,6200,Ad spend
T006880,V0168,INV-16463,2024-03-25,67.35,GBP,6500,Freight
T006881,V0009,INV-45991,09 Jan 2024,495.56,GBP,6100,Office supplies
T006882,V0077,INV-82554,06/01/2024,384.25,GBP,6000,Air travel
T006883,V0057,INV-67492,04 Sep 2024,180.94,GBP,6200,Freight
T006884,V0103,INV-62460,05/12/2025,327.70,GBP,6000,Air travel
T006885,V0084,INV-44237,10/06/2024,491.92,GBP,6300,Software licence
T006886,V0089,INV-42118,2024-06-06,£164.62,GBP,6300,Software licence
T006887,V0158,INV-67333,11/05/2025,£79.53,GBP,6200,Advisory fee
T006888,V0104,INV-92967,05/21/2024,"£2,939.90",GBP,6300,Office supplies
T006889,V0013,INV-92460,12/06/2024,201.02,GBP,6500,Office supplies
T006890,V0102,INV-49179,05/03/2024,362.70,GBP,6000,Freight
T006891,V0177,INV-30074,23/12/2024,"£1,226.50",GBP,6300,Ad spend
T006892,V0190,INV-92121,06/06/2024,19574.06,GBP,6400,Air travel
T006893,V0189,INV-15580,2024-06-23,102.62,GBP,6000,Air travel
T006894,V0083,INV-95066,10 Aug 2024,661.70,GBP,6400,Office supplies
T006895,V0006,INV-98287,24/05/2025,185.25,GBP,6300,Air travel
T006896,V0082,INV-81961,22 May 2024,223.04,GBP,6000,Office supplies
T006897,V0099,INV-33906,03/02/2025,£182.69,GBP,6200,Office supplies
T006898,V0156,INV-58598,11 Feb 2025,116.95,GBP,6300,Advisory fee
T006899,V0132,INV-44995,2024-10-22,385.51,GBP,6500,Ad spend
T006900,V0001,INV-68433,23 Jan 2024,£79.68,GBP,6300,Air travel
T006901,V0022,INV-97333,2024-04-12,"£1,143.09",GBP,6400,Freight
T006902,V0017,INV-69779,05/09/2025,428.59,GBP,6200,Air travel
T006903,V0018,INV-30077,10/10/2024,£642.06,GBP,6200,Software licence
T006904,V0079,INV-89169,18/06/2024,241.58,GBP,6200,Office supplies
T006905,V0173,INV-23147,15 Mar 2025,269.37,GBP,6200,Freight
T006906,V0139,INV-33310,06/16/2025,553.53,GBP,6500,Office supplies
T006907,V0133,INV-94422,12/10/2024,112.12,GBP,6500,Freight
T006908,V0122,INV-45666,2025-03-26,272.11,GBP,6300,Ad spend
T006909,V0090,INV-59707,22 Nov 2024,156.71,GBP,6400,Software licence
T006910,V0124,INV-12456,05/01/2025,£151.47,GBP,6200,Air travel
T006911,V0186,INV-90315,26 Sep 2024,39.61,GBP,6500,Advisory fee
T006912,V0054,INV-93708,09/11/2024,1760.33,GBP,6100,Ad spend
T006913,V0138,INV-71702,05/19/2025,189.58,GBP,6000,Air travel
T006914,V0106,INV-83882,27 Jun 2024,1450.57,GBP,6100,Advisory fee
T006915,V0001,INV-86318,29 Sep 2024,"£1,307.24",GBP,6400,Software licence
T006916,V0125,INV-63073,2024-09-03,98.04,GBP,6200,Software licence
T006917,V0089,INV-37591,01/03/2025,,GBP,6400,Ad spend
T006918,V0120,INV-26382,22/02/2024,6744.98,GBP,6500,Software licence
T006919,V0029,INV-26130,12/07/2024,"2,768.38",GBP,6500,Air travel
T006920,V9858,INV-69618,22 Aug 2024,389.68,GBP,6200,Freight
T006921,V0068,INV-41508,03/14/2024,£535.45,GBP,6500,Air travel
T006922,V0178,INV-80327,05/10/2025,201.56,GBP,6100,Office supplies
T006923,V0091,INV-57878,24/04/2025,649.10,GBP,6400,Air travel
T006924,V0103,INV-43365,2024-04-16,183.30,GBP,6100,Air travel
T006925,V0070,INV-94955,05/14/2025,43.14,GBP,6200,Software licence
T006926,V0101,INV-79988,2024-12-02,94.28,GBP,6500,Air travel
T006927,V0120,INV-38048,17 Nov 2024,412.90,GBP,6100,Office supplies
T006928,,INV-80307,01/10/2025,116.26,GBP,6200,Air travel
T006929,V0142,INV-12313,2024-12-18,374.65,GBP,6300,Advisory fee
T006930,V0154,INV-49506,2025-05-14,123.70,GBP,6200,Freight
T006931,V0026,INV-95671,02/22/2025,170.62,GBP,6300,Software licence
T006932,V0040,INV-79586,25 Sep 2024,1031.2,GBP,6500,Advisory fee
T006933,V0031,INV-35351,2025-02-24,529.66,GBP,6100,Office supplies
T006934,V0055,INV-95878,11/05/2024,£399.16,GBP,6300,Software licence
T006935,V0077,INV-12391,21 Apr 2025,1060.89,GBP,6000,Air travel
T006936,V0103,INV-87712,2025-03-31,684.49,GBP,6500,Advisory fee
T006937,V0025,INV-43355,2025-05-19,"1,980.73",GBP,6500,Freight
T006938,V0126,INV-42185,2024-10-24,243.27,GBP,6000,Freight
T006939,V0090,INV-51856,14/12/2024,£251.49,GBP,6000,Freight
T006940,V0183,INV-38410,26 May 2025,,GBP,6200,Air travel
T006941,V0183,INV-62746,02/07/2024,251.67,GBP,6000,Ad spend
T006942,V0007,INV-35029,01/02/2025,1165.9,GBP,6000,Software licence
T006943,V0020,INV-70308,22 Dec 2024,1685.78,GBP,6400,Advisory fee
T006944,V0008,INV-96383,02/10/2024,"£1,160.19",GBP,6000,Ad spend
T006945,V0192,INV-14622,27/01/2025,56.06,GBP,6300,Freight
T006946,V0166,INV-45351,02/04/2024,1328.04,GBP,6300,Freight
T006947,V0111,INV-88300,01/07/2024,53.39,GBP,6400,Air travel
T006948,V0081,INV-99116,04/10/2024,1083.48,GBP,6300,Advisory fee
T006949,V0040,INV-24397,01/08/2025,269.20,GBP,6400,Office supplies
T006950,V0171,INV-82047,03/10/2025,873.74,GBP,6300,Ad spend
T006951,V0174,INV-42766,12/27/2024,£93.16,GBP,6100,Ad spend
T006952,V0125,INV-41477,11 Jan 2025,"1,463.06",GBP,6500,Air travel
T006953,V0181,INV-79099,21 Feb 2025,80.52,GBP,6000,Ad spend
T006954,V0015,INV-69566,2024-05-11,193.39,GBP,6100,Freight
T006955,V0138,INV-38101,03/10/2024,134.57,GBP,6000,Office supplies
T006956,V0060,INV-55273,19/04/2024,58.57,GBP,6100,Freight
T006957,V0002,INV-19753,05 Oct 2024,447.64,GBP,6100,Software licence
T006958,V0155,INV-71354,11/13/2024,"£2,941.57",GBP,6100,Ad spend
T006959,V0163,INV-50600,2024-08-20,7582.48,GBP,6300,Ad spend
T006960,V0173,INV-39493,17 Nov 2024,448.93,GBP,6300,Advisory fee
T006961,V0198,INV-84419,27 Feb 2025,1377.95,GBP,6300,Software licence
T006962,V0178,INV-45131,2025-06-16,520.77,GBP,6000,Office supplies
T006963,V0181,INV-97498,12/01/2024,698.39,GBP,6500,Software licence
T006964,V0117,INV-98282,08/21/2024,276.89,GBP,6200,Advisory fee
T006965,V0112,INV-57809,06 Jun 2024,499.99,GBP,6300,Software licence
T006966,V0132,INV-32820,2024-12-16,728.67,GBP,6100,Advisory fee
T006967,V0107,INV-41101,27/04/2025,£213.51,GBP,6400,Air travel
T006968,V0182,INV-18953,24/05/2024,370.46,GBP,6400,Freight
T006969,V0100,INV-66251,04/16/2024,378.31,GBP,6000,Office supplies
T006970,V0173,INV-26832,19 Jul 2024,1001.29,GBP,6100,Software licence
T006971,V0068,INV-92132,06/19/2024,124.88,GBP,6200,Office supplies
T006972,V0097,INV-20827,20 Apr 2024,381.19,GBP,6400,Ad spend
T006973,V0165,INV-81637,30/05/2024,"3,305.05",GBP,6200,Freight
T006974,V0079,INV-61683,22/11/2024,"£1,451.66",GBP,6300,Air travel
T006975,V0162,INV-92459,10/06/2024,"1,779.52",GBP,6300,Air travel
T006976,V0180,INV-38150,07/04/2024,£414.42,GBP,6200,Advisory fee
T006977,V0082,INV-46721,20 Oct 2024,£574.27,GBP,6000,Software licence
T006978,V0134,INV-22786,12/16/2024,1214.95,GBP,6000,Office supplies
T006979,V0098,INV-69001,11/07/2024,2244.6,GBP,6400,Software licence
T006980,V0176,INV-54319,05/27/2024,47.15,GBP,6000,Office supplies
T006981,V0142,INV-94943,12 Apr 2024,94.92,GBP,6500,Freight
T006982,V0056,INV-68269,15 Mar 2025,1703.41,GBP,6400,Air travel
T006983,V0200,INV-23070,13 Oct 2024,90000.0,GBP,6300,Software licence
T006984,V0067,INV-60069,17 May 2024,192.69,GBP,6100,Software licence
T006985,V0020,INV-44214,2025-06-18,101.54,GBP,6100,Office supplies
T006986,V0063,INV-52420,30/09/2024,219.09,GBP,6000,Software licence
T006987,V0029,INV-34193,29 Mar 2025,86.26,GBP,6100,Freight
T006988,V0054,INV-61008,12/01/2024,"£4,024.69",GBP,6100,Software licence
T006989,V0131,INV-73135,02/08/2025,95000.0,GBP,6200,Ad spend
T006990,V0124,INV-16056,11 Jan 2024,£378.51,GBP,6300,Advisory fee
T006991,V0171,INV-73329,21 Mar 2025,£770.38,GBP,6000,Freight
T006992,V0061,INV-70952,21 Jan 2025,"£1,162.79",GBP,6100,Advisory fee
T006993,V0155,INV-58912,03/01/2024,1141.93,GBP,6300,Ad spend
T006994,V0168,INV-73278,03/08/2024,1314.20,GBP,6500,Ad spend
T006995,V0048,INV-22295,25 May 2025,201.56,GBP,6100,Software licence
T006996,V0073,INV-81512,20/06/2025,£290.72,GBP,6400,Ad spend
T006997,V0144,INV-16465,02/11/2024,940.05,GBP,6000,Freight
T006998,V0100,INV-85275,2024-08-15,225.85,GBP,6000,Office supplies
T006999,V0172,INV-31212,31 Jan 2025,401.17,GBP,6200,Advisory fee
T007000,V0085,INV-62508,09/19/2024,£625.56,GBP,6400,Ad spend
T007001,V0120,INV-49126,2024-04-21,956.9,GBP,6400,Freight
T007002,V0022,INV-62596,07 Feb 2024,£57.09,GBP,6200,Advisory fee
T007003,V0176,INV-40237,21 Jan 2024,£885.56,GBP,6300,Air travel
T007004,V0146,INV-14350,13 May 2025,311.97,GBP,6500,Software licence
T007005,V0059,INV-49107,05/13/2024,878.49,GBP,6200,Advisory fee
T007006,V0030,INV-88142,04/06/2025,948.26,GBP,6500,Software licence
T007007,V0032,INV-82392,11 Mar 2024,2365.41,GBP,6500,Air travel
T007008,V0144,INV-85218,12/04/2024,"£1,787.90",GBP,6100,Ad spend
T007009,V0140,INV-28638,2025-02-04,1774.42,GBP,6300,Software licence
T007010,V0119,INV-46342,2024-06-28,1974.43,GBP,6000,Air travel
T007011,V0064,INV-18779,09/11/2024,£555.86,GBP,6500,Ad spend
T007012,V0187,INV-28159,12/15/2024,£417.97,GBP,6100,Ad spend
T007013,V0001,INV-28428,27/06/2024,1053.74,GBP,6000,Ad spend
T007014,V0147,INV-13287,06/06/2025,902.61,GBP,6300,Air travel
T007015,V0071,INV-77423,2024-01-11,£287.16,GBP,6100,Freight
T007016,V0060,INV-36081,11 Jan 2025,£629.74,GBP,6400,Office supplies
T007017,V0194,INV-75992,01/11/2024,388.15,GBP,6100,Advisory fee
T007018,V0160,INV-93725,25 Mar 2024,157.70,GBP,6000,Ad spend
T007019,V0093,INV-68803,02/09/2024,"1,668.21",GBP,6200,Software licence
T007020,V0123,INV-50828,12/12/2024,428.68,GBP,6200,Ad spend
T007021,V0147,INV-38530,2024-12-19,"£3,841.35",GBP,6000,Software licence
T007022,V0042,INV-20680,07 Nov 2024,67.49,GBP,6000,Software licence
T007023,V0039,INV-81182,07/09/2024,218.67,GBP,6100,Software licence
T007024,V0147,INV-53308,11 Jan 2025,418.18,GBP,6400,Advisory fee
T007025,V0150,INV-73201,13 Jan 2024,1409.68,GBP,6100,Air travel
T007026,V0195,INV-89023,09/04/2025,626.04,GBP,6000,Ad spend
T007027,V0127,INV-20675,2025-05-12,£567.66,GBP,6500,Software licence
T007028,V0050,INV-14280,19/12/2024,116.75,GBP,6300,Freight
T007029,V0116,INV-17468,11/06/2024,113.00,GBP,6000,Office supplies
T007030,V0065,INV-60067,05/01/2024,£575.22,GBP,6200,Software licence
T007031,V0101,INV-43209,25 Aug 2024,89.97,GBP,6500,Advisory fee
T007032,V0143,INV-87410,24 Nov 2024,224.74,GBP,6100,Office supplies
T007033,V0115,INV-60486,22 Sep 2024,699.95,GBP,6000,Freight
T007034,V0117,INV-62915,13/04/2025,136.93,GBP,6300,Advisory fee
T007035,V0112,INV-17948,10 Jan 2024,2358.76,GBP,6300,Air travel
T007036,V0058,INV-50653,2024-11-28,"£1,550.50",GBP,6500,Advisory fee
T007037,,INV-69643,26/08/2024,£71.62,GBP,6000,Advisory fee
T007038,V0196,INV-71920,30 Aug 2024,£144.66,GBP,6000,Office supplies
T007039,V0058,INV-33205,2024-09-27,32.64,GBP,6400,Ad spend
T007040,V0192,INV-69138,07 Dec 2024,170.57,GBP,6300,Air travel
T007041,V0088,INV-25245,01/01/2024,937.32,GBP,6200,Freight
T007042,V0072,INV-79904,02/14/2024,255.88,GBP,6400,Air travel
T007043,V0180,INV-67512,2024-08-10,669.73,GBP,6000,Freight
T007044,V0024,INV-55146,01/31/2025,£75.60,GBP,6000,Air travel
T007045,V0075,INV-31259,05/10/2025,£970.46,GBP,6000,Ad spend
T007046,V0153,INV-86503,03/01/2025,£219.07,GBP,6400,Advisory fee
T007047,V0077,INV-72563,27 Feb 2025,£408.87,GBP,6000,Software licence
T007048,V0028,INV-16714,10/05/2025,364.25,GBP,6400,Ad spend
T007049,V0101,INV-50196,04/05/2025,99.61,GBP,6200,Air travel
T007050,V0173,INV-56018,04/03/2025,113.48,GBP,6200,Ad spend
T007051,V0039,INV-77074,11 Apr 2025,1169.78,GBP,6100,Office supplies
T007052,V0100,INV-99538,08/03/2024,£625.71,GBP,6200,Freight
T007053,V0087,INV-45174,01/26/2024,"£1,280.56",GBP,6100,Freight
T007054,V0003,INV-89803,2025-06-03,576.59,GBP,6200,Advisory fee
T007055,V0098,INV-79261,2024-12-23,472.15,GBP,6500,Ad spend
T007056,V0003,INV-66868,23 Jan 2025,9000.00,GBP,6500,Freight
T007057,V0187,INV-88310,07/05/2024,299.64,GBP,6500,Advisory fee
T007058,V9111,INV-18870,08/11/2024,391.46,GBP,6400,Office supplies
T007059,V0105,INV-81809,02/05/2025,3457.9,GBP,6000,Freight
T007060,V0197,INV-68046,03/27/2025,"9,999.00",GBP,6300,Ad spend
T007061,V0153,INV-59097,2025-04-24,"£2,185.65",GBP,6000,Advisory fee
T007062,V0053,INV-84645,20 Feb 2025,778.44,GBP,6100,Ad spend
T007063,V0058,INV-75143,04/24/2025,£184.48,GBP,6400,Office supplies
T007064,V0191,INV-68201,2024-03-12,£458.90,GBP,6500,Software licence
T007065,V0015,INV-67383,09/01/2024,£523.14,GBP,6200,Software licence
T007066,V0034,INV-82600,05/03/2025,143.59,GBP,6100,Office supplies
T007067,V0170,INV-14257,2025-02-20,264.32,GBP,6400,Advisory fee
T007068,V0043,INV-47672,07/25/2024,321.71,GBP,6100,Office supplies
T007069,V0050,INV-99707,04/09/2024,"£2,359.45",GBP,6000,Office supplies
T007070,V0056,INV-90842,08/23/2024,40.90,GBP,6200,Air travel
T007071,V0098,INV-12956,02/14/2025,"1,519.90",GBP,6500,Software licence
T007072,V0097,INV-84186,2024-09-21,143.96,GBP,6500,Office supplies
T007073,V0175,INV-10302,12/02/2025,89.19,GBP,6400,Air travel
T007074,V0168,INV-27106,07/14/2024,"£1,477.25",GBP,6200,Ad spend
T007075,V0138,INV-61352,26/11/2024,902.43,GBP,6100,Freight
T007076,V0079,INV-21841,2024-05-19,1603.54,GBP,6400,Air travel
T007077,V0063,INV-73228,19 Feb 2024,973.38,GBP,6000,Ad spend
T007078,V0068,INV-43267,2024-12-10,"£3,888.70",GBP,6200,Freight
T007079,V0123,INV-54648,08/09/2024,745.9,GBP,6000,Software licence
T007080,V0149,INV-92804,,339.64,GBP,6000,Air travel
T007081,V0043,INV-57462,2024-12-24,588.29,GBP,6200,Office supplies
T007082,V0136,INV-10846,2024-11-27,"1,584.17",GBP,6100,Ad spend
T007083,V0106,INV-49673,05/15/2024,171.18,GBP,6200,Air travel
T007084,V0008,INV-72871,03/10/2025,196.94,GBP,6400,Freight
T007085,V0164,INV-68540,02/10/2025,287.19,GBP,6000,Advisory fee
T007086,V0047,INV-15510,2024-08-22,39.84,GBP,6500,Freight
T007087,V0034,INV-32122,05/05/2024,469.6,GBP,6100,Software licence
T007088,V0124,INV-14480,05/04/2024,£50.67,GBP,6400,Advisory fee
T007089,V0084,INV-83424,14 Feb 2025,427.68,GBP,6300,Office supplies
T007090,V0152,INV-85587,05/14/2024,1045.05,GBP,6400,Ad spend
T007091,V0145,INV-78745,05/10/2025,238.75,GBP,6100,Freight
T007092,V0128,INV-36605,03/19/2024,"£2,552.50",GBP,6200,Office supplies
T007093,V0080,INV-84368,01/05/2025,80.92,GBP,6300,Office supplies
T007094,V0148,INV-24824,30/04/2025,"£1,495.76",GBP,6500,Freight
T007095,V0101,INV-50594,2024-11-03,847.81,GBP,6000,Ad spend
T007096,V0003,INV-40730,18/07/2024,61.09,GBP,6100,Freight
T007097,V0143,INV-76395,07/01/2024,7957.53,GBP,6300,Software licence
T007098,V0005,INV-52491,21 Mar 2024,376.11,GBP,6500,Software licence
T007099,V0046,INV-79084,05/14/2025,£153.66,GBP,6200,Air travel
T007100,V0176,INV-20392,02/06/2024,85.82,GBP,6000,Office supplies
T007101,V0175,INV-30868,04/01/2024,316.71,GBP,6000,Advisory fee
T007102,V0126,INV-57297,31 Oct 2024,350.67,GBP,6200,Air travel
T007103,V0018,INV-62212,10/09/2024,£451.65,GBP,6400,Ad spend
T007104,V0159,INV-28020,03/10/2024,290.74,GBP,6000,Air travel
T007105,V0104,INV-64401,05/14/2024,809.61,GBP,6300,Air travel
T007106,V0167,INV-12347,04/10/2024,263.38,GBP,6200,Office supplies
T007107,V0104,INV-99252,2025-04-03,48.02,GBP,6200,Air travel
T007108,V0044,INV-16658,08/23/2024,342.31,GBP,6500,Ad spend
T007109,V0015,INV-73082,2024-12-15,29.84,GBP,6200,Advisory fee
T007110,V0139,INV-34725,07/25/2024,595.35,GBP,6000,Freight
T007111,V0096,INV-76543,05/20/2025,137.38,GBP,6100,Office supplies
T007112,V0177,INV-82796,2024-08-09,482.85,GBP,6300,Freight
T007113,V0182,INV-94444,11 Jan 2024,"1,712.11",GBP,6300,Software licence
T007114,V0023,INV-44028,09 Dec 2024,142.08,GBP,6300,Freight
T007115,V0040,INV-40031,05/17/2024,"£1,296.45",GBP,6300,Ad spend
T007116,V0020,INV-45113,16/12/2024,£250.45,GBP,6400,Advisory fee
T007117,V0026,INV-91390,16 Apr 2025,"2,775.30",GBP,6000,Software licence
T007118,V0094,INV-15804,04/19/2024,269.98,GBP,6400,Ad spend
T007119,V0128,INV-89862,09 May 2025,£160.05,GBP,6500,Office supplies
T007120,V0008,INV-90927,12/05/2024,859.17,GBP,6200,Software licence
T007121,V0147,INV-27130,17/02/2024,249.79,GBP,6000,Freight
T007122,V0040,INV-82051,27 Dec 2024,£159.88,GBP,6100,Office supplies
T007123,V0059,INV-29581,05/04/2025,238.5,GBP,6000,Air travel
T007124,V0148,INV-94861,2024-07-21,384.11,GBP,6300,Freight
T007125,V0088,INV-76259,2024-06-14,1765.87,GBP,6400,Software licence
T007126,V0088,INV-80192,15/01/2025,48.06,GBP,6200,Software licence
T007127,V0020,INV-66276,04 Aug 2024,413.80,GBP,6400,Advisory fee
T007128,V0114,INV-20915,2024-10-16,802.23,GBP,6400,Office supplies
T007129,V0005,INV-71164,08/12/2024,499.09,GBP,6300,Air travel
T007130,V0179,INV-24509,11/13/2024,"£1,704.20",GBP,6100,Air travel
T007131,V0144,INV-71308,31/08/2024,£371.75,GBP,6400,Ad spend
T007132,V0041,INV-60525,13 May 2024,329.31,GBP,6200,Freight
T007133,V0021,INV-77781,31 Aug 2024,773.99,GBP,6500,Software licence
T007134,V0046,INV-49371,26 Apr 2025,450.0,GBP,6500,Ad spend
T007135,V0061,INV-94641,20/03/2025,£262.58,GBP,6500,Ad spend
T007136,V0123,INV-32524,21 Sep 2024,711.77,GBP,6200,Office supplies
T007137,V0163,INV-50070,07/21/2024,196.81,GBP,6500,Air travel
T007138,V0078,INV-91610,2025-04-18,205.96,GBP,6400,Ad spend
T007139,V0043,INV-89115,2025-01-20,225.70,GBP,6200,Ad spend
T007140,V0029,INV-54244,19 Feb 2025,1787.15,GBP,6500,Air travel
T007141,V0058,INV-77964,14 Feb 2024,11.67,GBP,6100,Freight
T007142,V0147,INV-16144,19/08/2024,£623.38,GBP,6200,Freight
T007143,V0166,INV-12459,30/10/2024,£418.93,GBP,6100,Air travel
T007144,V0121,INV-86176,2025-03-04,63.5,GBP,6000,Advisory fee
T007145,V0008,INV-16532,2024-10-20,567.19,GBP,6000,Freight
T007146,V0017,INV-64912,28 Dec 2024,680.84,GBP,6300,Office supplies
T007147,V0123,INV-64421,2024-05-10,771.71,GBP,6200,Office supplies
T007148,V0104,INV-60062,05/21/2024,21.82,GBP,6100,Air travel
T007149,V0067,INV-87843,2024-06-06,1813.53,GBP,6000,Office supplies
T007150,V0106,INV-88590,2024-08-24,179.20,GBP,6000,Freight
T007151,V0195,INV-21079,10/01/2024,858.53,GBP,6500,Software licence
T007152,V0026,INV-98967,2024-12-06,911.58,GBP,6100,Ad spend
T007153,V0062,INV-24251,04/26/2024,153.80,GBP,6300,Office supplies
T007154,V0047,INV-61904,11/14/2024,834.23,GBP,6000,Air travel
T007155,V0126,INV-53025,03/07/2025,264.00,GBP,6400,Software licence
T007156,V0003,INV-93117,03/08/2024,41.33,GBP,6400,Air travel
T007157,V0033,INV-90003,16/08/2024,"1,457.56",GBP,6100,Air travel
T007158,V0157,INV-79138,2024-10-06,£171.99,GBP,6300,Air travel
T007159,V0042,INV-30698,05/09/2024,157.60,GBP,6500,Air travel
T007160,V0158,INV-64690,2025-03-01,258.95,GBP,6500,Ad spend
T007161,V0123,INV-20802,12/27/2024,£544.28,GBP,6100,Freight
T007162,V0006,INV-32126,19 Jun 2024,378.80,GBP,6300,Office supplies
T007163,V0190,INV-49478,21 Apr 2025,737.21,GBP,6500,Office supplies
T007164,V0104,INV-52525,11/01/2024,92.44,GBP,6000,Advisory fee
T007165,V0052,INV-28776,17/01/2024,£178.28,GBP,6400,Software licence
T007166,V0181,INV-93382,26/02/2024,355.10,GBP,6300,Air travel
T007167,V0117,INV-63291,03/10/2024,3254.12,GBP,6500,Air travel
T007168,V0078,INV-29090,07 Apr 2025,£355.96,GBP,6400,Ad spend
T007169,V0064,INV-52583,21/11/2024,1331.08,GBP,6200,Advisory fee
T007170,V0014,INV-47242,29 Jun 2024,420.91,GBP,6500,Office supplies
T007171,V0032,INV-62501,19 May 2025,236.98,GBP,6400,Office supplies
T007172,V0186,INV-18017,2025-03-19,307.54,GBP,6300,Air travel
T007173,V0069,INV-84829,18/08/2024,335.20,GBP,6400,Office supplies
T007174,V0079,INV-40303,13 Feb 2025,783.69,GBP,6400,Software licence
T007175,V0071,INV-51872,05/08/2024,"1,830.00",GBP,6500,Advisory fee
T007176,V0152,INV-34015,21/12/2024,599.23,GBP,6100,Freight
T007177,V0121,INV-83129,15/08/2024,"£1,488.89",GBP,6200,Ad spend
T007178,V0051,INV-42521,2025-06-07,139.59,GBP,6000,Office supplies
T007179,V0064,INV-12581,2025-05-07,255.67,GBP,6100,Air travel
T007180,V0088,INV-42578,2024-08-01,£181.87,GBP,6000,Office supplies
T007181,V0059,INV-65456,,570.14,GBP,6000,Office supplies
T007182,V0040,INV-48419,02/05/2025,£271.82,GBP,6200,Software licence
T007183,V0163,INV-84718,18 Jan 2025,900.32,GBP,6100,Advisory fee
T007184,V0118,INV-30615,26 Feb 2024,144.88,GBP,6100,Office supplies
T007185,V0089,INV-15874,11/27/2024,£422.98,GBP,6000,Ad spend
T007186,V0013,INV-26451,09/11/2024,858.81,GBP,6100,Air travel
T007187,V0025,INV-13714,14 May 2025,41.60,GBP,6500,Software licence
T007188,V0094,INV-56726,2024-11-28,4162.18,GBP,6400,Ad spend
T007189,V0014,INV-87038,30 Sep 2024,£295.46,GBP,6500,Advisory fee
T007190,V0014,INV-45832,04 Jun 2024,43.49,GBP,6100,Advisory fee
T007191,V0176,INV-98487,11/02/2024,£480.06,GBP,6200,Ad spend
T007192,V0079,INV-19333,03/21/2024,418.55,GBP,6400,Freight
T007193,V0041,INV-58671,2025-01-16,368.68,GBP,6000,Office supplies
T007194,V0083,INV-40483,06/06/2025,1200.28,GBP,6000,Ad spend
T007195,V0198,INV-77747,2024-03-18,917.99,GBP,6400,Software licence
T007196,V0064,INV-55253,01/22/2024,9999.00,GBP,6200,Advisory fee
T007197,V0191,INV-39257,2024-11-13,661.94,GBP,6400,Air travel
T007198,V0196,INV-18962,26 Apr 2025,359.68,GBP,6000,Air travel
T007199,V0178,INV-75170,11/17/2024,2844.21,GBP,6200,Ad spend
T007200,V0032,INV-61423,18/03/2025,79.27,GBP,6100,Office supplies
T007201,V0132,INV-92811,14 May 2024,470.42,GBP,6200,Ad spend
T007202,V0063,INV-12287,16/03/2025,433.34,GBP,6000,Advisory fee
T007203,V0106,INV-27580,17/03/2024,986.94,GBP,6500,Advisory fee
T007204,V0138,INV-96131,2025-01-08,159.45,GBP,6500,Ad spend
T007205,V0061,INV-51411,2024-05-14,59.26,GBP,6000,Software licence
T007206,V0118,INV-67123,15 Mar 2024,£479.39,GBP,6200,Software licence
T007207,V0075,INV-30164,26/02/2024,"90,000.00",GBP,6200,Freight
T007208,V0144,INV-96445,29 Jan 2025,"2,076.75",GBP,6400,Air travel
T007209,V0171,INV-95476,06 Mar 2025,99.74,GBP,6400,Ad spend
T007210,V0118,INV-20137,09 Nov 2024,"1,436.78",GBP,6100,Advisory fee
T007211,V0056,INV-65372,01/25/2024,"5,454.28",GBP,6400,Software licence
T007212,V0191,INV-87707,08/02/2024,£266.26,GBP,6000,Software licence
T007213,V0021,INV-47293,03/03/2025,97.51,GBP,6500,Software licence
T007214,V0013,INV-38383,06/01/2024,257.84,GBP,6300,Freight
T007215,V0135,INV-75645,10/04/2024,,GBP,6400,Freight
T007216,V0054,INV-15015,10/14/2024,£750.07,GBP,6300,Advisory fee
T007217,V0030,INV-60577,09/05/2024,£210.50,GBP,6400,Freight
T007218,V0030,INV-63429,04/06/2025,"2,232.15",GBP,6300,Advisory fee
T007219,V0138,INV-56178,03/31/2024,118.39,GBP,6400,Advisory fee
T007220,V0091,INV-65111,16 Feb 2024,59.55,GBP,6200,Advisory fee
T007221,V0010,INV-96617,25 Jan 2025,"£1,362.92",GBP,6200,Ad spend
T007222,V0195,INV-82981,13 Jun 2024,33.05,GBP,6300,Ad spend
T007223,V0046,INV-78682,2024-02-05,322.29,GBP,6000,Ad spend
T007224,V0040,INV-73999,2024-06-09,"12,449.67",GBP,6000,Advisory fee
T007225,V0164,INV-82610,04/24/2024,398.12,GBP,6500,Advisory fee
T007226,V0075,INV-68645,07/06/2024,£117.58,GBP,6500,Office supplies
T007227,V0118,INV-37627,26/12/2024,£378.74,GBP,6300,Air travel
T007228,V0005,INV-71093,06/12/2025,381.50,GBP,6100,Advisory fee
T007229,V0186,INV-13772,08/15/2024,481.41,GBP,6000,Ad spend
T007230,V0155,INV-68123,16/06/2025,835.88,GBP,6400,Freight
T007231,V0161,INV-84670,15/01/2025,128.63,GBP,6000,Advisory fee
T007232,V0066,INV-55439,2024-10-17,2581.96,GBP,6400,Freight
T007233,V0053,INV-63956,04/17/2025,528.28,GBP,6000,Air travel
T007234,V0100,INV-73020,2024-09-26,897.37,GBP,6400,Software licence
T007235,V0112,INV-59665,23 Jun 2025,202.16,GBP,6400,Advisory fee
T007236,V0107,INV-68909,16/01/2025,1660.74,GBP,6000,Freight
T007237,V0087,INV-74411,13 Apr 2024,£304.07,GBP,6000,Ad spend
T007238,V0078,INV-56441,17/03/2025,£547.47,GBP,6000,Air travel
T007239,V0172,INV-89641,09/01/2025,144.54,GBP,6300,Office supplies
T007240,V0078,INV-42629,2024-04-01,134.74,GBP,6400,Software licence
T007241,V0161,INV-95959,2025-03-25,860.08,GBP,6100,Freight
T007242,V0038,INV-12130,03/02/2024,247.65,GBP,6100,Air travel
T007243,V0136,INV-55364,14 Mar 2025,£157.72,GBP,6200,Office supplies
T007244,V0062,INV-71567,05/03/2025,£198.84,GBP,6300,Office supplies
T007245,V0005,INV-98736,23 Jul 2024,870.31,GBP,6000,Ad spend
T007246,V0127,INV-83034,07/05/2025,201.96,GBP,6000,Freight
T007247,V0042,INV-64484,20 Apr 2024,354.45,GBP,6200,Air travel
T007248,V0141,INV-72978,2024-06-06,£410.15,GBP,6000,Software licence
T007249,V0037,INV-44422,02/28/2024,48.96,GBP,6100,Air travel
T007250,V0075,INV-54173,11/24/2024,79.98,GBP,6000,Advisory fee
T007251,V0015,INV-54839,29/10/2024,584.0,GBP,6400,Software licence
T007252,V0130,INV-14781,2024-08-01,179.34,GBP,6400,Ad spend
T007253,V0103,INV-92719,14/04/2025,"£1,290.00",GBP,6100,Freight
T007254,V0131,INV-72693,05/18/2024,1168.51,GBP,6200,Ad spend
T007255,V0025,INV-61344,07/08/2024,£889.88,GBP,6000,Office supplies
T007256,V0198,INV-46975,2024-09-11,2986.18,GBP,6400,Office supplies
T007257,V0198,INV-97982,2024-03-01,368.19,GBP,6000,Software licence
T007258,V0149,INV-20416,25/10/2024,£823.67,GBP,6100,Air travel
T007259,V0041,INV-90620,2024-11-10,£212.12,GBP,6400,Office supplies
T007260,V0005,INV-74450,11/10/2024,"5,988.56",GBP,6000,Ad spend
T007261,V0146,INV-84238,26/02/2025,"3,575.99",GBP,6200,Air travel
T007262,V0106,INV-60788,05/06/2024,408.74,GBP,6400,Freight
T007263,V0128,INV-35513,2025-01-02,617.23,GBP,6000,Freight
T007264,V0156,INV-59491,,1799.43,GBP,6100,Air travel
T007265,V0040,INV-69289,2024-12-01,343.14,GBP,6500,Ad spend
T007266,V0015,INV-10547,18 Jun 2024,195.92,GBP,6100,Office supplies
T007267,V0010,INV-26992,2024-08-17,"1,055.10",GBP,6200,Software licence
T007268,V0096,INV-60101,24 Apr 2025,439.78,GBP,6300,Software licence
T007269,V0048,INV-57110,21 Mar 2024,493.39,GBP,6500,Air travel
T007270,V0133,INV-83906,14 Feb 2024,161.14,GBP,6200,Software licence
T007271,V0133,INV-92448,06/18/2024,£60.98,GBP,6400,Software licence
T007272,V0087,INV-19102,02/26/2025,523.09,GBP,6300,Ad spend
T007273,V0012,INV-81075,2024-04-27,"£1,091.66",GBP,6100,Office supplies
T007274,V0149,INV-26657,05/14/2025,£314.70,GBP,6400,Freight
T007275,V9758,INV-46098,2025-05-12,"1,958.77",GBP,6500,Freight
T007276,V0009,INV-86507,01/25/2025,185.99,GBP,6100,Ad spend
T007277,V0022,INV-52779,2024-05-23,126.45,GBP,6300,Ad spend
T007278,V0157,INV-52330,15/10/2024,374.67,GBP,6200,Air travel
T007279,V0040,INV-11941,2024-05-28,368.39,GBP,6100,Air travel
T007280,V0178,INV-82787,01 Jun 2024,941.02,GBP,6200,Freight
T007281,V0140,INV-61496,2024-07-14,172.01,GBP,6500,Software licence
T007282,V0063,INV-70488,2024-08-28,1816.93,GBP,6300,Software licence
T007283,V0077,INV-58102,12 Feb 2024,"£3,510.83",GBP,6100,Software licence
T007284,V0029,INV-79863,02 Feb 2024,386.43,GBP,6500,Office supplies
T007285,V0098,INV-99003,01/24/2025,"£1,595.08",GBP,6500,Freight
T007286,V0032,INV-44546,2024-05-04,126.20,GBP,6400,Office supplies
T007287,V0172,INV-85202,2025-02-22,1316.52,GBP,6000,Ad spend
T007288,V0022,INV-13212,27/09/2024,1276.66,GBP,6300,Software licence
T007289,V0129,INV-84430,2024-05-07,"£1,042.92",GBP,6000,Freight
T007290,V0158,INV-26409,18 Nov 2024,396.58,GBP,6300,Advisory fee
T007291,V0174,INV-88544,26/05/2024,15.65,GBP,6200,Advisory fee
T007292,V0125,INV-63635,04/08/2024,199.16,GBP,6200,Software licence
T007293,V0012,INV-38894,09/25/2024,£202.65,GBP,6000,Air travel
T007294,V0024,INV-35952,2024-03-12,137.54,GBP,6400,Software licence
T007295,V0029,INV-83710,16 Apr 2024,£461.49,GBP,6200,Software licence
T007296,V0088,INV-21262,08/25/2024,£254.46,GBP,6100,Air travel
T007297,V0163,INV-25183,31 Mar 2025,£162.87,GBP,6400,Advisory fee
T007298,V0001,INV-50595,15/11/2024,£125.88,GBP,6300,Software licence
T007299,V0129,INV-57337,28/02/2025,183.63,GBP,6000,Freight
T007300,V0191,INV-46030,2024-02-18,1385.27,GBP,6300,Ad spend
T007301,V0026,INV-48785,2025-05-30,194.98,GBP,6300,Freight
T007302,V0055,INV-19071,2024-01-23,228.96,GBP,6100,Software licence
T007303,V0068,INV-56358,03 Feb 2025,244.11,GBP,6200,Air travel
T007304,V0122,INV-26402,05 Jun 2024,585.75,GBP,6300,Air travel
T007305,V0170,INV-71917,02 Oct 2024,£666.39,GBP,6000,Ad spend
T007306,V0186,INV-45091,28/01/2024,14.17,GBP,6100,Office supplies
T007307,V0116,INV-44802,2024-09-21,1241.16,GBP,6400,Advisory fee
T007308,V0149,INV-90404,06/21/2025,"1,958.64",GBP,6300,Software licence
T007309,V0155,INV-40103,2024-09-09,127.08,GBP,6400,Software licence
T007310,V0182,INV-39983,02/06/2025,£138.44,GBP,6500,Freight
T007311,V0074,INV-21660,2024-07-09,£245.85,GBP,6500,Ad spend
T007312,V0077,INV-19280,2024-01-05,£175.63,GBP,6300,Software licence
T007313,,INV-31997,12/03/2025,£516.11,GBP,6300,Air travel
T007314,V0060,INV-18567,02/16/2024,£47.41,GBP,6200,Ad spend
T007315,V0102,INV-41645,30 Mar 2024,117.95,GBP,6500,Software licence
T007316,V0021,INV-13507,2025-02-19,"2,193.20",GBP,6500,Air travel
T007317,V0076,INV-63346,04/06/2024,145.32,GBP,6100,Air travel
T007318,V0058,INV-61926,02/08/2024,"1,584.10",GBP,6300,Air travel
T007319,V0006,INV-18052,14 Oct 2024,596.38,GBP,6300,Air travel
T007320,V0134,INV-62429,20/04/2025,55.14,GBP,6400,Air travel
T007321,V0144,INV-59620,2025-06-15,811.48,GBP,6400,Air travel
T007322,V0131,INV-43072,13 Jun 2025,354.45,GBP,6000,Ad spend
T007323,V0004,INV-95148,09 Sep 2024,244.44,GBP,6300,Software licence
T007324,V0007,INV-17019,11/04/2025,£528.19,GBP,6300,Software licence
T007325,V0193,INV-19413,03/31/2025,£680.00,GBP,6300,Office supplies
T007326,V0168,INV-72976,2024-11-16,878.62,GBP,6400,Air travel
T007327,V0153,INV-35856,2024-07-25,1474.51,GBP,6000,Ad spend
T007328,V0136,INV-23534,2024-04-23,£632.04,GBP,6000,Ad spend
T007329,V0028,INV-85200,03/09/2025,£88.84,GBP,6000,Software licence
T007330,V0072,INV-90751,2024-01-25,239.60,GBP,6100,Software licence
T007331,V0069,INV-47567,2024-10-27,10273.81,GBP,6000,Air travel
T007332,V0086,INV-87583,2025-03-09,895.10,GBP,6300,Air travel
T007333,V0059,INV-40456,26 Aug 2024,5465.53,GBP,6500,Advisory fee
T007334,V0133,INV-49719,20/02/2025,"1,872.40",GBP,6500,Air travel
T007335,V0096,INV-31202,08/22/2024,526.36,GBP,6400,Software licence
T007336,V0123,INV-99090,2024-01-28,562.03,GBP,6100,Advisory fee
T007337,V0060,INV-57211,09/06/2024,387.52,GBP,6000,Software licence
T007338,V0080,INV-90896,03 Jul 2024,59.65,GBP,6300,Advisory fee
T007339,V0104,INV-55610,07/08/2024,411.52,GBP,6500,Ad spend
T007340,V0184,INV-24636,04 May 2025,1528.04,GBP,6500,Ad spend
T007341,V0061,INV-23600,10 Apr 2025,208.60,GBP,6100,Freight
T007342,V0078,INV-66042,07/06/2024,£634.70,GBP,6200,Freight
T007343,V0127,INV-29953,19 Jul 2024,1029.42,GBP,6500,Freight
T007344,,INV-78950,01/20/2025,148.32,GBP,6200,Advisory fee
T007345,V0063,INV-91491,06/06/2024,245.57,GBP,6300,Advisory fee
T007346,V0100,INV-82536,09/04/2025,131.67,GBP,6500,Software licence
T007347,V0067,INV-20255,2024-09-04,163.3,GBP,6200,Freight
T007348,V0052,INV-26301,2025-05-08,£97.87,GBP,6400,Ad spend
T007349,V0113,INV-14374,03/16/2025,149.83,GBP,6000,Air travel
T007350,V0094,INV-83297,2024-04-13,"1,922.54",GBP,6300,Office supplies
T007351,V0082,INV-70621,2024-05-08,147.37,GBP,6000,Advisory fee
T007352,V0032,INV-60932,19 May 2024,463.64,GBP,6200,Software licence
T007353,V0101,INV-86997,11/07/2024,£232.02,GBP,6200,Air travel
T007354,V0101,INV-49617,14 Feb 2025,"£1,475.50",GBP,6100,Freight
T007355,V0137,INV-88114,03/04/2025,"£1,706.63",GBP,6000,Software licence
T007356,V0076,INV-96851,2024-12-01,1043.65,GBP,6200,Ad spend
T007357,V0002,INV-40248,31 Aug 2024,564.96,GBP,6200,Advisory fee
T007358,V0034,INV-72316,11/04/2024,£312.88,GBP,6500,Freight
T007359,V0102,INV-62105,03/06/2024,£108.74,GBP,6200,Air travel
T007360,V0033,INV-89211,26 Feb 2024,"£3,421.66",GBP,6200,Software licence
T007361,V0160,INV-32758,02/02/2025,174.93,GBP,6000,Software licence
T007362,V0013,INV-97400,23/03/2024,837.16,GBP,6000,Advisory fee
T007363,V0198,INV-17259,26 Mar 2024,1294.04,GBP,6200,Ad spend
T007364,V0019,INV-64431,2024-03-13,219.03,GBP,6400,Ad spend
T007365,V0050,INV-83642,21 Sep 2024,"1,263.72",GBP,6200,Advisory fee
T007366,V0160,INV-92155,06/10/2025,935.08,GBP,6000,Office supplies
T007367,V0023,INV-40276,2024-01-02,"£2,699.33",GBP,6000,Advisory fee
T007368,V0190,INV-82881,08 Jun 2025,£240.74,GBP,6100,Advisory fee
T007369,V0196,INV-35325,11/06/2024,98.06,GBP,6500,Ad spend
T007370,V0147,INV-91853,22 Feb 2024,231.36,GBP,6500,Advisory fee
T007371,V0182,INV-83489,18 Feb 2025,507.62,GBP,6300,Office supplies
T007372,V0051,INV-98323,11 Aug 2024,430.11,GBP,6000,Software licence
T007373,V0068,INV-97203,25 Sep 2024,£261.71,GBP,6400,Software licence
T007374,V0127,INV-98639,2025-04-22,49.40,GBP,6500,Office supplies
T007375,V0161,INV-64092,01/06/2025,676.91,GBP,6200,Advisory fee
T007376,V0108,INV-19202,21/05/2024,"3,531.86",GBP,6100,Software licence
T007377,V0198,INV-79508,19/05/2024,£672.28,GBP,6100,Software licence
T007378,V0106,INV-37960,24 Mar 2024,,GBP,6400,Advisory fee
T007379,V0102,INV-47673,2024-05-04,£757.25,GBP,6300,Ad spend
T007380,V0017,INV-93633,16 Aug 2024,624.38,GBP,6000,Office supplies
T007381,V0049,INV-64193,09/25/2024,"1,124.21",GBP,6000,Advisory fee
T007382,V0161,INV-67194,01 Sep 2024,623.23,GBP,6300,Freight
T007383,V0049,INV-51532,2024-03-08,286.02,GBP,6300,Ad spend
T007384,V0112,INV-45902,2024-01-16,168.08,GBP,6100,Office supplies
T007385,V0058,INV-85681,10/03/2024,£306.78,GBP,6500,Freight
T007386,V0188,INV-39899,02 Jul 2024,569.95,GBP,6200,Office supplies
T007387,V0137,INV-29553,15/02/2025,284.95,GBP,6300,Software licence
T007388,V0045,INV-59877,2024-09-03,570.08,GBP,6300,Freight
T007389,V0067,INV-89300,2024-11-24,653.97,GBP,6100,Office supplies
T007390,V0081,INV-34249,28/02/2025,"£1,008.78",GBP,6200,Air travel
T007391,V0078,INV-99626,2025-06-16,1654.2,GBP,6200,Office supplies
T007392,V0192,INV-92548,03/15/2025,439.57,GBP,6500,Advisory fee
T007393,V0139,INV-67017,06/03/2025,95.72,GBP,6000,Software licence
T007394,V0020,INV-50515,08/15/2024,276.00,GBP,6100,Software licence
T007395,V0110,INV-43751,01/25/2024,423.46,GBP,6400,Advisory fee
T007396,V0134,INV-13214,2024-11-24,53.55,GBP,6400,Ad spend
T007397,V0123,INV-21163,07 Dec 2024,"£1,858.51",GBP,6200,Advisory fee
T007398,V0090,INV-87834,27/02/2024,471.83,GBP,6500,Ad spend
T007399,V0179,INV-31875,2025-05-08,613.69,GBP,6400,Ad spend
T007400,V0157,INV-16832,24 Jun 2024,1811.81,GBP,6200,Freight
T007401,V0026,INV-29915,01/17/2024,201.71,GBP,6500,Advisory fee
T007402,V0069,INV-61140,2024-08-29,£758.58,GBP,6300,Office supplies
T007403,V0030,INV-64061,01 Jul 2024,£357.51,GBP,6500,Ad spend
T007404,V0102,INV-12947,09/08/2024,£329.48,GBP,6100,Office supplies
T007405,V0083,INV-76678,31 Oct 2024,172.53,GBP,6000,Freight
T007406,V0002,INV-32965,23/11/2024,"£2,520.38",GBP,6200,Advisory fee
T007407,V0159,INV-87258,2025-05-16,£266.92,GBP,6300,Office supplies
T007408,V0185,INV-69686,2024-07-19,£870.80,GBP,6400,Air travel
T007409,V0126,INV-85873,19/11/2024,51.29,GBP,6200,Software licence
T007410,V0145,INV-94344,29 May 2024,1477.32,GBP,6200,Advisory fee
T007411,V0116,INV-45315,28 Mar 2024,"1,283.61",GBP,6000,Software licence
T007412,V0123,INV-98527,08/09/2024,449.07,GBP,6300,Ad spend
T007413,V0004,INV-38628,24/06/2025,£314.30,GBP,6300,Office supplies
T007414,V0091,INV-61504,2025-04-19,626.41,GBP,6300,Software licence
T007415,V0027,INV-31012,08/01/2025,5002.38,GBP,6400,Air travel
T007416,V0187,INV-31019,07/29/2024,£58.00,GBP,6100,Software licence
T007417,V0004,INV-81177,2024-02-13,£953.59,GBP,6200,Ad spend
T007418,V0064,INV-14203,04/06/2025,148.0,GBP,6500,Office supplies
T007419,V0148,INV-31774,09/15/2024,394.69,GBP,6500,Freight
T007420,V0036,INV-77014,04/22/2025,307.15,GBP,6100,Office supplies
T007421,V0029,INV-15153,28/04/2025,251.85,GBP,6500,Advisory fee
T007422,V0134,INV-78781,2024-07-26,£398.81,GBP,6000,Office supplies
T007423,V0163,INV-67852,23/08/2024,115.86,GBP,6500,Ad spend
T007424,V0091,INV-48090,2024-12-23,"1,251.50",GBP,6100,Office supplies
T007425,V0001,INV-71857,16 May 2024,£56.06,GBP,6000,Software licence
T007426,V0158,INV-68876,01/24/2024,£730.51,GBP,6400,Air travel
T007427,V0036,INV-81404,26 Apr 2025,281.69,GBP,6200,Advisory fee
T007428,V0018,INV-67259,13 Jun 2024,111.27,GBP,6300,Freight
T007429,V0179,INV-66345,02/08/2024,£504.02,GBP,6500,Ad spend
T007430,V0084,INV-18679,2024-06-09,72.77,GBP,6400,Advisory fee
T007431,V0188,INV-52891,12/27/2024,421.44,GBP,6200,Software licence
T007432,V0176,INV-12553,19 Jan 2024,84.34,GBP,6200,Software licence
T007433,V0009,INV-77275,04/27/2024,£670.08,GBP,6400,Air travel
T007434,V0177,INV-80486,2024-09-19,145.94,GBP,6500,Office supplies
T007435,V0033,INV-66265,26/06/2024,£245.65,GBP,6100,Advisory fee
T007436,V0013,INV-11686,02 Aug 2024,557.43,GBP,6300,Software licence
T007437,V0116,INV-27647,2024-05-12,172.47,GBP,6100,Air travel
T007438,V0010,INV-30124,24 Aug 2024,£378.51,GBP,6000,Advisory fee
T007439,V0049,INV-97774,2024-10-05,76.31,GBP,6500,Office supplies
T007440,V0164,INV-45999,21 Jul 2024,£807.52,GBP,6300,Air travel
T007441,V0053,INV-85276,2024-04-27,2811.31,GBP,6300,Freight
T007442,V0037,INV-83433,31 Jan 2024,,GBP,6400,Software licence
T007443,V0107,INV-61956,2024-08-14,445.98,GBP,6000,Ad spend
T007444,V0110,INV-90244,2025-01-29,£960.09,GBP,6400,Ad spend
T007445,V0187,INV-98612,2024-11-08,56.90,GBP,6000,Office supplies
T007446,V0053,INV-10188,17/09/2024,2106.97,GBP,6200,Air travel
T007447,V0065,INV-18424,01/20/2024,947.52,GBP,6300,Software licence
T007448,V0112,INV-61244,2024-09-27,£236.91,GBP,6400,Ad spend
T007449,V0002,INV-14014,10/21/2024,1573.25,GBP,6200,Advisory fee
T007450,V0085,INV-82393,2024-01-29,304.93,GBP,6000,Air travel
T007451,V0187,INV-95968,2024-04-07,243.76,GBP,6300,Ad spend
T007452,V0077,INV-28704,2025-02-26,680.53,GBP,6500,Office supplies
T007453,V0133,INV-10470,12 May 2024,125.25,GBP,6200,Software licence
T007454,V0031,INV-57010,07 Jan 2024,"1,241.14",GBP,6200,Software licence
T007455,V0168,INV-89932,21 Feb 2025,126.27,GBP,6400,Freight
T007456,V0181,INV-64486,2024-04-11,127.10,GBP,6500,Advisory fee
T007457,V0198,INV-35577,05/05/2024,148.32,GBP,6200,Office supplies
T007458,V0182,INV-53439,16/01/2025,930.25,GBP,6100,Advisory fee
T007459,V0063,INV-31318,16 May 2024,£204.70,GBP,6500,Freight
T007460,V0013,INV-52516,2025-05-30,91.58,GBP,6400,Office supplies
T007461,V0117,INV-94924,2025-03-31,207.21,GBP,6500,Air travel
T007462,V0061,INV-55854,04 Oct 2024,389.46,GBP,6500,Software licence
T007463,V0180,INV-50116,23 May 2025,110.05,GBP,6300,Office supplies
T007464,V0088,INV-98652,22/07/2024,£113.65,GBP,6400,Air travel
T007465,V0012,INV-23960,30 Mar 2024,"4,115.13",GBP,6000,Air travel
T007466,V0199,INV-30861,28 Nov 2024,£156.55,GBP,6200,Freight
T007467,V0176,INV-67069,04/07/2024,£282.78,GBP,6300,Ad spend
T007468,V0181,INV-81211,06/30/2024,269.36,GBP,6300,Software licence
T007469,V0057,INV-20807,31/03/2025,253.79,GBP,6200,Freight
T007470,V0151,INV-12448,31 Aug 2024,799.1,GBP,6000,Air travel
T007471,V0092,INV-79946,03 Jun 2025,"£1,144.77",GBP,6000,Advisory fee
T007472,V0195,INV-87726,04/27/2025,£288.14,GBP,6000,Freight
T007473,V0111,INV-18835,2024-11-12,103.53,GBP,6100,Office supplies
T007474,V0156,INV-38860,11 Jan 2025,"1,639.07",GBP,6500,Air travel
T007475,V0178,INV-48668,08 Jan 2025,363.26,GBP,6400,Office supplies
T007476,V0012,INV-52727,2024-12-27,2706.34,GBP,6400,Ad spend
T007477,V0114,INV-52097,31/03/2025,34.12,GBP,6300,Freight
T007478,V0156,INV-21568,04/19/2024,500.17,GBP,6500,Office supplies
T007479,V0115,INV-87648,2024-08-16,3329.13,GBP,6000,Advisory fee
T007480,V0079,INV-53431,2025-04-23,£273.53,GBP,6300,Office supplies
T007481,V0114,INV-42782,2024-11-28,314.81,GBP,6500,Software licence
T007482,V0023,INV-60994,01/01/2024,558.39,GBP,6400,Freight
T007483,V0092,INV-79547,20/04/2025,218.18,GBP,6000,Software licence
T007484,V0090,INV-96415,2024-06-20,286.21,GBP,6100,Software licence
T007485,V0199,INV-36883,25 Jul 2024,£278.22,GBP,6300,Advisory fee
T007486,V0134,INV-88002,19/01/2025,202.32,GBP,6000,Software licence
T007487,V0132,INV-35658,05 Oct 2024,1558.91,GBP,6300,Ad spend
T007488,V0175,INV-19220,2024-05-13,£669.94,GBP,6500,Freight
T007489,V0163,INV-85729,06/12/2025,531.49,GBP,6400,Freight
T007490,V0185,INV-39790,01/08/2024,981.84,GBP,6500,Ad spend
T007491,V0072,INV-61172,2024-04-18,301.63,GBP,6500,Software licence
T007492,V0192,INV-42298,2025-05-05,£172.15,GBP,6400,Freight
T007493,V0033,INV-71150,2024-04-17,207.91,GBP,6500,Air travel
T007494,V0179,INV-61635,19 Feb 2024,£404.22,GBP,6100,Office supplies
T007495,V0134,INV-98704,12/05/2025,125.82,GBP,6500,Freight
T007496,V0133,INV-98686,27/12/2024,£232.69,GBP,6100,Freight
T007497,V0094,INV-94241,08 Jun 2025,228.67,GBP,6300,Freight
T007498,V0167,INV-23751,2024-09-21,"4,175.59",GBP,6100,Freight
T007499,V0120,INV-61894,09/05/2024,19.08,GBP,6000,Advisory fee
T007500,V0146,INV-11121,05 Jan 2024,331.10,GBP,6300,Office supplies
T007501,V0128,INV-86989,18/10/2024,"2,692.60",GBP,6400,Freight
T007502,V0157,INV-95652,10/31/2024,461.29,GBP,6200,Air travel
T007503,V0119,INV-99652,2024-09-15,£924.04,GBP,6200,Air travel
T007504,V0029,INV-15664,07/04/2025,450.25,GBP,6300,Freight
T007505,V0044,INV-65842,2024-05-18,193.63,GBP,6300,Advisory fee
T007506,V0198,INV-55004,10/18/2024,34.26,GBP,6500,Office supplies
T007507,V0077,INV-69234,12/29/2024,505.73,GBP,6400,Software licence
T007508,V0177,INV-61249,01 Feb 2024,171.89,GBP,6500,Air travel
T007509,V0064,INV-54680,2025-06-11,167.27,GBP,6100,Freight
T007510,V0133,INV-53173,2024-02-25,233.02,GBP,6300,Freight
T007511,V0181,INV-85012,2025-03-15,2749.98,GBP,6200,Freight
T007512,V0081,INV-69040,2025-06-03,"5,683.49",GBP,6100,Advisory fee
T007513,V0128,INV-53236,2025-03-02,512.31,GBP,6500,Freight
T007514,V0019,INV-59599,03/05/2025,241.96,GBP,6400,Air travel
T007515,V0056,INV-50184,09/02/2024,£110.50,GBP,6300,Advisory fee
T007516,V0054,INV-17443,29/03/2025,675.46,GBP,6500,Advisory fee
T007517,V0026,INV-71075,2025-04-21,"£2,867.50",GBP,6300,Software licence
T007518,V9535,INV-93469,2024-07-16,307.33,GBP,6200,Advisory fee
T007519,V0007,INV-94137,01/03/2024,£29.46,GBP,6300,Freight
T007520,V0137,INV-38562,02/01/2025,843.07,GBP,6400,Office supplies
T007521,V0039,INV-35001,07/21/2024,"£1,192.66",GBP,6500,Advisory fee
T007522,V0129,INV-52145,16 Oct 2024,£70.50,GBP,6000,Office supplies
T007523,V0049,INV-63582,14 Dec 2024,489.87,GBP,6100,Freight
T007524,V0086,INV-99406,02/14/2024,662.72,GBP,6500,Office supplies
T007525,V0058,INV-21403,05/21/2024,372.26,GBP,6500,Ad spend
T007526,V0081,INV-35633,11/06/2024,169.04,GBP,6300,Office supplies
T007527,V0081,INV-97945,04/12/2024,"£1,233.40",GBP,6000,Air travel
T007528,V0160,INV-69046,08/06/2024,258.86,GBP,6200,Freight
T007529,V0177,INV-17029,11/07/2024,78.75,GBP,6100,Office supplies
T007530,V0063,INV-45106,05/08/2025,42.33,GBP,6300,Software licence
T007531,V0075,INV-65558,03 Dec 2024,1614.75,GBP,6000,Freight
T007532,V0063,INV-56784,2024-11-17,£794.99,GBP,6200,Air travel
T007533,V0178,INV-69176,12 Feb 2024,444.42,GBP,6100,Software licence
T007534,V0011,INV-63880,26/04/2024,£248.56,GBP,6300,Air travel
T007535,V0019,INV-35501,04 Mar 2025,225.45,GBP,6200,Air travel
T007536,V0093,INV-83872,07 Oct 2024,123.56,GBP,6300,Ad spend
T007537,V0029,INV-30986,04/20/2024,250.99,GBP,6400,Freight
T007538,V0064,INV-96857,05/04/2024,39.17,GBP,6500,Office supplies
T007539,V0123,INV-98735,15/01/2024,179.53,GBP,6300,Air travel
T007540,V0008,INV-67357,2025-02-18,286.57,GBP,6000,Office supplies
T007541,V0044,INV-29585,08/30/2024,£789.08,GBP,6500,Advisory fee
T007542,V0162,INV-13462,08 Jan 2025,386.09,GBP,6300,Air travel
T007543,V0073,INV-64951,2024-12-27,967.21,GBP,6100,Advisory fee
T007544,V0002,INV-43642,14 Jan 2025,1779.43,GBP,6200,Air travel
T007545,V0088,INV-86104,06/12/2024,1292.05,GBP,6000,Office supplies
T007546,V0105,INV-37819,2024-12-06,676.93,GBP,6300,Software licence
T007547,V0128,INV-75328,13 May 2025,408.73,GBP,6400,Freight
T007548,V0173,INV-50843,09 Aug 2024,137.16,GBP,6100,Advisory fee
T007549,V0036,INV-73983,2025-02-23,£910.45,GBP,6100,Freight
T007550,V0186,INV-88722,04 Mar 2024,"2,559.90",GBP,6200,Advisory fee
T007551,V0106,INV-14635,30/01/2024,587.76,GBP,6400,Office supplies
T007552,V0178,INV-42007,2025-02-13,"£3,324.20",GBP,6400,Ad spend
T007553,V0185,INV-96597,05/25/2024,£75.33,GBP,6300,Freight
T007554,V0005,INV-34083,07/07/2024,113.34,GBP,6100,Software licence
T007555,V0145,INV-68212,01/18/2025,"1,033.52",GBP,6200,Advisory fee
T007556,V0006,INV-62482,16/04/2024,539.54,GBP,6300,Freight
T007557,V0010,INV-66579,18 Apr 2025,1711.56,GBP,6000,Advisory fee
T007558,V0018,INV-54664,04/20/2024,396.62,GBP,6100,Software licence
T007559,V0015,INV-37158,08/01/2024,155.28,GBP,6200,Air travel
T007560,V0157,INV-14346,13/04/2025,318.95,GBP,6300,Freight
T007561,V0122,INV-31442,2024-04-27,£74.74,GBP,6300,Office supplies
T007562,V0187,INV-19684,2024-07-17,116.58,GBP,6500,Office supplies
T007563,V0194,INV-99949,08/24/2024,"1,175.78",GBP,6400,Advisory fee
T007564,V0163,INV-19511,10/06/2024,1053.70,GBP,6400,Ad spend
T007565,V0167,INV-89875,05/30/2024,601.43,GBP,6000,Software licence
T007566,V0087,INV-39403,26 Jan 2024,60.75,GBP,6300,Software licence
T007567,V0041,INV-32719,2025-03-03,£271.99,GBP,6000,Software licence
T007568,V0144,INV-26505,2024-05-28,104.85,GBP,6400,Office supplies
T007569,V0168,INV-70725,31 Mar 2025,1471.72,GBP,6500,Air travel
T007570,V0047,INV-69510,2024-02-25,£212.28,GBP,6200,Air travel
T007571,V0159,INV-83355,27 Nov 2024,122.20,GBP,6300,Advisory fee
T007572,V0139,INV-80182,03/31/2025,416.87,GBP,6100,Freight
T007573,V0038,INV-18144,2025-02-13,£199.50,GBP,6100,Office supplies
T007574,V0041,INV-96538,14 Jun 2025,"2,063.42",GBP,6500,Advisory fee
T007575,V0191,INV-13380,22 Mar 2024,£179.78,GBP,6100,Ad spend
T007576,V0148,INV-82536,24 Feb 2024,£86.56,GBP,6200,Air travel
T007577,V0107,INV-64930,2025-01-09,37.78,GBP,6400,Freight
T007578,V0083,INV-28003,04 Oct 2024,£390.00,GBP,6300,Ad spend
T007579,V0004,INV-84431,02 Mar 2025,217.43,GBP,6500,Software licence
T007580,V0166,INV-65913,28 Sep 2024,83.78,GBP,6300,Office supplies
T007581,V0178,INV-92264,20/09/2024,1492.41,GBP,6200,Office supplies
T007582,V0093,INV-70428,08/10/2024,£840.48,GBP,6300,Freight
T007583,V0120,INV-42847,25 Apr 2025,£391.10,GBP,6300,Freight
T007584,V0138,INV-44192,15/01/2024,1809.42,GBP,6300,Software licence
T007585,V0179,INV-89429,06 Oct 2024,836.13,GBP,6300,Air travel
T007586,V0123,INV-71355,14/04/2025,£163.18,GBP,6000,Ad spend
T007587,V0023,INV-28648,10/06/2025,128.62,GBP,6400,Freight
T007588,V0117,INV-30074,2024-11-09,£992.06,GBP,6100,Ad spend
T007589,V0134,INV-18034,05/19/2024,£623.91,GBP,6400,Office supplies
T007590,V0103,INV-19332,21/01/2025,£486.25,GBP,6200,Software licence
T007591,V0113,INV-13518,02/01/2024,158.99,GBP,6200,Office supplies
T007592,V0127,INV-19769,12 Jun 2025,,GBP,6300,Software licence
T007593,V0086,INV-60750,11/02/2025,£175.73,GBP,6400,Freight
T007594,V0003,INV-36380,17 Mar 2024,360.62,GBP,6500,Advisory fee
T007595,V0103,INV-59545,11/08/2024,"1,981.56",GBP,6300,Freight
T007596,V0095,INV-93358,06/03/2024,195.02,GBP,6100,Ad spend
T007597,V0150,INV-78641,2024-07-14,71.5,GBP,6000,Office supplies
T007598,V0195,INV-44407,16/05/2024,126.75,GBP,6400,Advisory fee
T007599,V0093,INV-41224,2025-01-17,"1,204.39",GBP,6500,Advisory fee
T007600,V0070,INV-20905,12/02/2025,£533.90,GBP,6000,Software licence
T007601,V0148,INV-89158,2024-03-28,350.11,GBP,6400,Freight
T007602,V0175,INV-44300,01/21/2024,230.44,GBP,6400,Ad spend
T007603,V0001,INV-25532,27/04/2025,688.07,GBP,6000,Advisory fee
T007604,V0132,INV-99804,02/13/2025,158.54,GBP,6300,Software licence
T007605,V0094,INV-32354,10 Feb 2024,564.66,GBP,6300,Ad spend
T007606,V0167,INV-23560,2024-02-26,180.48,GBP,6300,Air travel
T007607,V0015,INV-47353,19/08/2024,150.29,GBP,6100,Ad spend
T007608,V0141,INV-85888,16 Jan 2025,£200.09,GBP,6500,Ad spend
T007609,V0153,INV-59716,08/04/2025,266.95,GBP,6500,Office supplies
T007610,V0166,INV-48492,2025-02-26,382.33,GBP,6000,Advisory fee
T007611,V0014,INV-52929,09 Mar 2024,522.70,GBP,6000,Software licence
T007612,V0147,INV-10066,22 Feb 2024,6.98,GBP,6500,Ad spend
