transaction_id,vendor_id,invoice_number,txn_date,amount,currency,gl_account,description
T000001,V0082,INV-80798,03/23/2024,696.72,GBP,6100,Office supplies
T000002,V0060,INV-60205,05/06/2024,£346.51,GBP,6500,Office supplies
T000003,V0017,INV-64377,21/02/2025,£822.59,GBP,6200,Freight
T000004,V0120,INV-64496,03/04/2024,"2,154.54",GBP,6100,Ad spend
T000005,V0100,INV-86556,01/21/2024,311.82,GBP,6400,Ad spend
T000006,V0123,INV-10772,26 Dec 2024,311.83,GBP,6200,Ad spend
T000007,V0108,INV-80545,08/13/2024,"2,291.89",GBP,6300,Office supplies
T000008,V0070,INV-67125,2025-05-12,938.40,GBP,6000,Ad spend
T000009,V0087,INV-97670,02/18/2025,£240.71,GBP,6500,Office supplies
T000010,V0120,INV-26728,01/28/2024,732.76,GBP,6300,Freight
T000011,V0145,INV-96900,01/28/2024,242.32,GBP,6000,Advisory fee
T000012,V0110,INV-27786,17 Apr 2025,241.7,GBP,6100,Software licence
T000013,V0067,INV-59689,01 Dec 2024,526.45,GBP,6100,Ad spend
T000014,V0084,INV-54236,23 Jan 2025,49.18,GBP,6200,Ad spend
T000015,V0065,INV-20735,04/26/2025,60.5,GBP,6000,Advisory fee
T000016,V0139,INV-16826,24/12/2024,217.34,GBP,6100,Advisory fee
T000017,V0018,INV-95426,11 Feb 2024,132.41,GBP,6000,Office supplies
T000018,V0052,INV-12671,05 Jun 2024,£570.02,GBP,6100,Office supplies
T000019,V0122,INV-97747,2024-04-27,148.59,GBP,6400,Office supplies
T000020,V0120,INV-43586,2025-01-12,85.32,GBP,6100,Freight
T000021,V0156,INV-25012,16 Jun 2024,"2,022.75",GBP,6200,Software licence
T000022,V0149,INV-13365,11/15/2024,314.71,GBP,6400,Advisory fee
T000023,V0097,INV-61990,07/22/2024,434.54,GBP,6000,Freight
T000024,V0177,INV-92213,05/09/2024,84.16,GBP,6000,Advisory fee
T000025,V0198,INV-49529,03 May 2024,221.67,GBP,6400,Software licence
T000026,V0089,INV-79827,2025-03-14,455.78,GBP,6500,Air travel
T000027,V0018,INV-76317,15 Dec 2024,£113.74,GBP,6000,Ad spend
T000028,V0126,INV-23833,2025-03-19,£609.88,GBP,6200,Advisory fee
T000029,V0118,INV-30052,21/03/2025,208.37,GBP,6100,Advisory fee
T000030,V0134,INV-95256,03 Oct 2024,292.70,GBP,6400,Freight
T000031,V0199,INV-73372,2025-04-21,£208.12,GBP,6300,Advisory fee
T000032,V0152,INV-45179,,"£3,094.88",GBP,6100,Software licence
T000033,V0072,INV-69087,,397.48,GBP,6300,Freight
T000034,V0157,INV-97580,2025-01-23,126.03,GBP,6200,Software licence
T000035,V0127,INV-52600,05 Jul 2024,997.05,GBP,6300,Office supplies
T000036,V0091,INV-43862,14 Dec 2024,105.33,GBP,6200,Freight
T000037,V0180,INV-46211,01/11/2024,£507.63,GBP,6400,Office supplies
T000038,V0022,INV-41635,20/02/2025,46.73,GBP,6300,Freight
T000039,V0195,INV-41499,02/05/2025,£93.60,GBP,6500,Advisory fee
T000040,V0126,INV-68743,18 Jan 2024,500.97,GBP,6000,Air travel
T000041,V0057,INV-63005,09/06/2024,908.97,GBP,6200,Advisory fee
T000042,V0149,INV-58368,29 Apr 2025,487.12,GBP,6400,Freight
T000043,V0089,INV-65771,04 Dec 2024,355.24,GBP,6200,Advisory fee
T000044,V0117,INV-45509,11/09/2024,289.68,GBP,6200,Office supplies
T000045,V0031,INV-35242,19/11/2024,79.33,GBP,6000,Advisory fee
T000046,V0138,INV-34267,2024-07-15,£182.76,GBP,6100,Advisory fee
T000047,V0124,INV-46241,2025-06-21,243.06,GBP,6400,Air travel
T000048,V0026,INV-35443,30/10/2024,,GBP,6100,Air travel
T000049,V0046,INV-49618,15 Jan 2024,588.74,GBP,6500,Freight
T000050,V0033,INV-45954,2024-02-16,58.01,GBP,6000,Freight
T000051,V0075,INV-26551,2025-05-17,£576.22,GBP,6000,Software licence
T000052,V0147,INV-47268,25 Apr 2025,264.12,GBP,6300,Ad spend
T000053,V0088,INV-34164,2024-02-22,"9,000.00",GBP,6200,Ad spend
T000054,V0030,INV-18564,14 Feb 2025,790.64,GBP,6300,Software licence
T000055,V0148,INV-92502,2024-02-24,"£1,254.01",GBP,6100,Office supplies
T000056,V0145,INV-49824,03/28/2024,1123.73,GBP,6100,Software licence
T000057,V0143,INV-64548,19 Aug 2024,160.27,GBP,6400,Ad spend
T000058,V0116,INV-68028,31/10/2024,287.11,GBP,6400,Ad spend
T000059,V0079,INV-84531,2024-03-02,580.79,GBP,6400,Advisory fee
T000060,V0026,INV-37235,08/04/2024,1179.80,GBP,6200,Advisory fee
T000061,V0021,INV-30585,09/02/2024,238.15,GBP,6100,Freight
T000062,V0020,INV-30517,2024-01-03,£328.91,GBP,6300,Ad spend
T000063,V0177,INV-87832,2025-04-26,119.47,GBP,6200,Software licence
T000064,V0060,INV-47762,10/16/2024,108.22,GBP,6500,Ad spend
T000065,V0019,INV-40595,2024-09-27,986.12,GBP,6500,Freight
T000066,V0170,INV-35928,2025-03-11,9500.00,GBP,6000,Freight
T000067,V0058,INV-94886,01 Jun 2024,372.71,GBP,6200,Office supplies
T000068,V0019,INV-17816,18 Jun 2024,1216.69,GBP,6200,Freight
T000069,V0192,INV-84607,10/22/2024,600.52,GBP,6300,Software licence
T000070,V0120,INV-49857,02/16/2025,198.42,GBP,6200,Freight
T000071,V0139,INV-74722,2025-03-24,600.36,GBP,6000,Freight
T000072,V0011,INV-66626,26/11/2024,2190.4,GBP,6400,Air travel
T000073,V0007,INV-21970,22 Aug 2024,387.84,GBP,6500,Freight
T000074,V0151,INV-12719,2024-10-02,2255.46,GBP,6400,Software licence
T000075,V0196,INV-32962,26 Apr 2025,22.61,GBP,6400,Advisory fee
T000076,V0114,INV-46458,07/04/2024,996.34,GBP,6400,Ad spend
T000077,V0163,INV-74451,03 Apr 2024,443.97,GBP,6300,Air travel
T000078,V0105,INV-53687,2024-11-24,290.35,GBP,6500,Software licence
T000079,V0042,INV-53228,2025-02-25,446.28,GBP,6500,Ad spend
T000080,V0074,INV-96846,2025-02-14,45.32,GBP,6400,Software licence
T000081,V0117,INV-21542,18 Nov 2024,316.83,GBP,6200,Air travel
T000082,V0030,INV-62976,10 Jun 2025,597.54,GBP,6000,Advisory fee
T000083,V0139,INV-70552,27 Feb 2025,"£2,050.18",GBP,6000,Office supplies
T000084,V0133,INV-57419,2025-05-25,228.13,GBP,6500,Ad spend
T000085,V0195,INV-16764,27/07/2024,165.78,GBP,6200,Freight
T000086,V0034,INV-47752,24/03/2025,£232.31,GBP,6500,Ad spend
T000087,V0032,INV-13783,09/02/2024,"£1,104.27",GBP,6500,Office supplies
T000088,V0080,INV-82199,2024-01-15,£579.19,GBP,6400,Ad spend
T000089,V0024,INV-39451,04/26/2024,£225.26,GBP,6300,Software licence
T000090,V0166,INV-30181,2025-05-25,709.52,GBP,6500,Air travel
T000091,V0131,INV-45838,03/01/2025,448.89,GBP,6300,Ad spend
T000092,V0063,INV-69871,28 May 2024,"£1,170.88",GBP,6300,Office supplies
T000093,V0154,INV-76616,19 May 2024,£186.37,GBP,6000,Air travel
T000094,V0198,INV-64387,14/12/2024,281.34,GBP,6400,Air travel
T000095,V0001,INV-47072,01 Nov 2024,262.09,GBP,6400,Freight
T000096,V0169,INV-74178,06/01/2024,80.65,GBP,6300,Freight
T000097,V0124,INV-55236,06 Dec 2024,558.77,GBP,6400,Freight
T000098,V0097,INV-69682,2024-11-25,537.62,GBP,6100,Advisory fee
T000099,V0062,INV-84946,27/01/2025,405.70,GBP,6100,Ad spend
T000100,V0012,INV-51704,04/29/2025,£311.67,GBP,6500,Ad spend
T000101,V0099,INV-96991,04/06/2024,85.04,GBP,6300,Software licence
T000102,V0033,INV-75836,05/12/2024,253.99,GBP,6000,Ad spend
T000103,V0026,INV-78937,04/12/2025,276.72,GBP,6000,Advisory fee
T000104,V0037,INV-63736,07 Jun 2024,166.92,GBP,6000,Ad spend
T000105,V0068,INV-54375,02/11/2025,337.84,GBP,6500,Software licence
T000106,V0085,INV-98389,24/01/2025,629.2,GBP,6200,Advisory fee
T000107,V0184,INV-73956,06/02/2024,"3,212.50",GBP,6400,Software licence
T000108,V0061,INV-92727,21 Oct 2024,488.84,GBP,6100,Advisory fee
T000109,V0024,INV-66881,10 Apr 2024,535.56,GBP,6500,Advisory fee
T000110,V0026,INV-68153,19 Jun 2024,371.71,GBP,6500,Air travel
T000111,V0008,INV-16028,2024-11-28,48.88,GBP,6000,Air travel
T000112,V0092,INV-59131,03/17/2025,£391.83,GBP,6100,Office supplies
T000113,V0136,INV-64008,2024-07-03,£431.06,GBP,6100,Office supplies
T000114,V0021,INV-89887,26/01/2025,"6,060.61",GBP,6400,Advisory fee
T000115,V0062,INV-75230,26/05/2024,326.49,GBP,6100,Ad spend
T000116,V0164,INV-43289,15 Apr 2025,562.11,GBP,6200,Advisory fee
T000117,V0003,INV-70981,2024-10-21,388.32,GBP,6500,Freight
T000118,V0041,INV-19681,28 Mar 2025,,GBP,6200,Freight
T000119,V0077,INV-93746,10/03/2025,1418.15,GBP,6500,Air travel
T000120,V0117,INV-49599,22 Jul 2024,922.54,GBP,6300,Ad spend
T000121,V0028,INV-41091,25 Jan 2025,963.08,GBP,6400,Air travel
T000122,V0148,INV-48780,10/29/2024,148.36,GBP,6000,Advisory fee
T000123,V0102,INV-45976,01/09/2024,"1,887.62",GBP,6400,Advisory fee
T000124,V0200,INV-16428,23/05/2025,86.31,GBP,6200,Office supplies
T000125,V0156,INV-56179,2024-08-12,769.35,GBP,6500,Office supplies
T000126,V0159,INV-42850,2024-05-20,"4,489.52",GBP,6500,Software licence
T000127,V0161,INV-94717,2024-02-10,£135.70,GBP,6200,Ad spend
T000128,V0009,INV-85965,08 Jan 2025,216.39,GBP,6500,Office supplies
T000129,V0024,INV-48680,30 Nov 2024,450.17,GBP,6500,Ad spend
T000130,,INV-36318,15/05/2024,231.87,GBP,6400,Air travel
T000131,V0136,INV-75771,2024-10-06,73.28,GBP,6100,Air travel
T000132,V0124,INV-48684,12 Dec 2024,435.03,GBP,6000,Ad spend
T000133,V0020,INV-28449,08/19/2024,125.39,GBP,6500,Advisory fee
T000134,V0173,INV-62089,01/09/2025,£679.22,GBP,6000,Ad spend
T000135,V0004,INV-44663,06/05/2024,£146.74,GBP,6300,Air travel
T000136,V0173,INV-98125,25 Sep 2024,"2,219.26",GBP,6400,Ad spend
T000137,V0164,INV-58689,2024-04-20,£170.45,GBP,6500,Office supplies
T000138,V0121,INV-13280,01 Dec 2024,£283.08,GBP,6400,Office supplies
T000139,V0166,INV-18285,2025-04-20,£987.20,GBP,6500,Air travel
T000140,V0167,INV-63516,04/29/2024,104.17,GBP,6100,Software licence
T000141,V0010,INV-49893,2025-05-19,518.12,GBP,6000,Software licence
T000142,V0061,INV-80457,05/18/2024,"£1,699.11",GBP,6300,Ad spend
T000143,V0095,INV-97881,2025-03-05,68.84,GBP,6400,Advisory fee
T000144,V0187,INV-30253,02/28/2025,494.28,GBP,6500,Software licence
T000145,V0126,INV-90694,21/02/2025,536.93,GBP,6200,Software licence
T000146,V0177,INV-58566,2024-08-10,953.37,GBP,6300,Ad spend
T000147,V0061,INV-57537,04/11/2024,103.48,GBP,6500,Air travel
T000148,V0140,INV-94518,2025-01-02,94.4,GBP,6000,Ad spend
T000149,V0071,INV-34878,2024-05-05,716.33,GBP,6300,Software licence
T000150,V0170,INV-37801,01/22/2024,559.30,GBP,6000,Air travel
T000151,V0063,INV-26505,07/29/2024,531.41,GBP,6000,Freight
T000152,V0054,INV-86858,2024-08-09,£590.57,GBP,6100,Air travel
T000153,V0199,INV-29340,03/01/2024,190.94,GBP,6200,Office supplies
T000154,V0034,INV-80807,2024-09-13,£520.86,GBP,6100,Software licence
T000155,V0170,INV-13379,14/05/2024,556.90,GBP,6000,Air travel
T000156,V0061,INV-87182,27 Nov 2024,183.87,GBP,6000,Office supplies
T000157,V0068,INV-16868,05/09/2024,3141.17,GBP,6500,Ad spend
T000158,V0135,INV-24896,2024-03-06,679.40,GBP,6300,Ad spend
T000159,V0200,INV-57453,09/06/2025,108.81,GBP,6400,Software licence
T000160,V0116,INV-76039,2024-08-14,830.65,GBP,6400,Software licence
T000161,V0187,INV-96363,17 Jun 2025,138.08,GBP,6200,Ad spend
T000162,V0165,INV-14082,2024-03-03,£958.91,GBP,6300,Ad spend
T000163,V0110,INV-99928,2024-04-20,1442.96,GBP,6300,Advisory fee
T000164,V0114,INV-19632,03/23/2024,£163.57,GBP,6200,Freight
T000165,V0038,INV-18609,09 May 2024,"1,164.11",GBP,6200,Freight
T000166,V0163,INV-86724,28 Nov 2024,635.28,GBP,6300,Freight
T000167,V0136,INV-48652,09 Apr 2025,996.52,GBP,6400,Freight
T000168,V0111,INV-22999,04/27/2024,3250.20,GBP,6500,Advisory fee
T000169,V0197,INV-82264,08/08/2024,£307.99,GBP,6300,Ad spend
T000170,V0059,INV-64239,13/12/2024,£176.07,GBP,6300,Ad spend
T000171,V0107,INV-22463,16 Nov 2024,151.64,GBP,6300,Air travel
T000172,V0171,INV-43408,01/18/2025,164.45,GBP,6100,Advisory fee
T000173,V0122,INV-18799,03/04/2024,370.62,GBP,6000,Software licence
T000174,V0111,INV-22656,2025-01-16,587.14,GBP,6100,Freight
T000175,V0016,INV-86869,03/12/2024,546.95,GBP,6500,Software licence
T000176,V0106,INV-56346,09 Mar 2025,"1,002.15",GBP,6500,Software licence
T000177,V0074,INV-88696,15/11/2024,409.24,GBP,6200,Software licence
T000178,V0148,INV-76507,08/05/2024,"1,995.97",GBP,6100,Advisory fee
T000179,V0124,INV-39392,2024-04-20,301.53,GBP,6200,Freight
T000180,V0095,INV-25058,12/10/2024,8040.01,GBP,6400,Office supplies
T000181,V0110,INV-83526,01/27/2024,802.90,GBP,6400,Advisory fee
T000182,V0178,INV-45054,01/30/2024,157.14,GBP,6100,Air travel
T000183,V0180,INV-50499,12/13/2024,£124.22,GBP,6200,Software licence
T000184,V0047,INV-28776,02/14/2025,685.89,GBP,6000,Office supplies
T000185,V0190,INV-92991,01/02/2024,£315.51,GBP,6000,Advisory fee
T000186,V0136,INV-38197,20/01/2025,884.83,GBP,6300,Ad spend
T000187,V0088,INV-30631,13 Jan 2025,£678.96,GBP,6200,Advisory fee
T000188,V0084,INV-84395,03/27/2024,372.37,GBP,6000,Office supplies
T000189,V0041,INV-90981,20 Feb 2024,158.94,GBP,6500,Software licence
T000190,V0070,INV-68079,03/10/2025,76.22,GBP,6300,Freight
T000191,V0114,INV-64287,06 Oct 2024,246.86,GBP,6100,Freight
T000192,V0030,INV-55242,16 Mar 2025,"1,034.88",GBP,6000,Air travel
T000193,V0174,INV-98930,2025-05-13,510.56,GBP,6400,Advisory fee
T000194,V0079,INV-15952,2024-08-13,102.48,GBP,6300,Freight
T000195,V0015,INV-11007,07/28/2024,488.09,GBP,6200,Office supplies
T000196,V0197,INV-27987,2024-09-18,£616.37,GBP,6200,Air travel
T000197,V0031,INV-11013,05/24/2025,152.59,GBP,6500,Ad spend
T000198,V0045,INV-26932,24/01/2025,477.75,GBP,6400,Advisory fee
T000199,V0059,INV-75570,28/12/2024,430.11,GBP,6000,Ad spend
T000200,V0190,INV-15544,2025-03-22,114.75,GBP,6000,Ad spend
T000201,V0020,INV-51033,15 Mar 2025,597.99,GBP,6400,Ad spend
T000202,V0182,INV-93904,03/03/2025,£747.60,GBP,6200,Software licence
T000203,V0104,INV-12733,2024-11-28,1327.9,GBP,6100,Freight
T000204,V0118,INV-57428,03/31/2024,,GBP,6300,Software licence
T000205,V0063,INV-67104,2025-02-14,88.64,GBP,6400,Software licence
T000206,V0102,INV-50668,13 Dec 2024,£143.80,GBP,6100,Air travel
T000207,V0200,INV-32037,19/03/2024,710.9,GBP,6400,Advisory fee
T000208,V0030,INV-79547,06/06/2025,709.93,GBP,6100,Air travel
T000209,V0090,INV-94599,2024-05-31,£710.91,GBP,6100,Software licence
T000210,V0038,INV-43550,21 Jul 2024,"27,945.31",GBP,6100,Freight
T000211,V0040,INV-95918,18 Mar 2024,755.95,GBP,6100,Advisory fee
T000212,V0127,INV-70811,04/04/2025,1406.87,GBP,6500,Freight
T000213,V0165,INV-93269,2024-11-26,1152.17,GBP,6500,Air travel
T000214,,INV-67640,03/10/2024,825.95,GBP,6300,Ad spend
T000215,V0162,INV-49691,08 Oct 2024,285.20,GBP,6400,Software licence
T000216,V0091,INV-76497,2024-03-16,£929.70,GBP,6200,Ad spend
T000217,V0116,INV-14929,28 Feb 2024,172.41,GBP,6200,Air travel
T000218,V0020,INV-94497,02 Apr 2024,310.91,GBP,6400,Freight
T000219,V0130,INV-60394,2025-04-18,236.54,GBP,6400,Freight
T000220,V0190,INV-15376,05 Apr 2025,441.45,GBP,6400,Advisory fee
T000221,V0049,INV-52143,02/05/2025,"£5,146.77",GBP,6400,Office supplies
T000222,V0016,INV-69050,04/15/2024,£51.73,GBP,6200,Advisory fee
T000223,V0022,INV-76132,25 Jun 2024,£858.24,GBP,6000,Office supplies
T000224,V0182,INV-67377,25 Mar 2025,68.44,GBP,6400,Freight
T000225,V0157,INV-30807,07 Jan 2025,240.06,GBP,6200,Air travel
T000226,V0100,INV-63578,12/12/2024,1336.55,GBP,6500,Freight
T000227,V0014,INV-92691,12/08/2024,432.99,GBP,6000,Air travel
T000228,V0025,INV-83133,30 Jan 2025,£123.28,GBP,6200,Air travel
T000229,V0186,INV-96057,02 Jun 2024,183.67,GBP,6200,Software licence
T000230,V0150,INV-96980,24 May 2024,851.98,GBP,6200,Air travel
T000231,V0168,INV-96787,2025-02-05,180.66,GBP,6100,Freight
T000232,V0182,INV-21104,2024-11-13,£511.89,GBP,6400,Ad spend
T000233,V0165,INV-53054,10/05/2024,£424.17,GBP,6500,Advisory fee
T000234,V0190,INV-99838,06/23/2025,197.01,GBP,6000,Advisory fee
T000235,V0172,INV-65496,2025-06-04,"£4,265.60",GBP,6200,Software licence
T000236,V0093,INV-50483,03 Jul 2024,810.22,GBP,6100,Air travel
T000237,V0197,INV-73736,07/15/2024,43.48,GBP,6100,Office supplies
T000238,V0040,INV-20114,10/29/2024,495.27,GBP,6000,Freight
T000239,V0198,INV-80748,23/06/2025,194.81,GBP,6000,Advisory fee
T000240,V0087,INV-91006,2024-05-14,"1,030.37",GBP,6400,Ad spend
T000241,V0040,INV-31266,04/07/2024,168.72,GBP,6500,Freight
T000242,V0043,INV-67366,14/02/2024,£355.59,GBP,6300,Air travel
T000243,V0174,INV-41133,03/30/2025,703.09,GBP,6400,Air travel
T000244,V0193,INV-68841,27/08/2024,"1,045.58",GBP,6400,Office supplies
T000245,V0080,INV-71474,07/17/2024,107.73,GBP,6200,Advisory fee
T000246,V0147,INV-67749,17 Apr 2025,£279.23,GBP,6200,Ad spend
T000247,V0129,INV-79135,04/03/2025,239.26,GBP,6100,Office supplies
T000248,V0155,INV-28140,13 Sep 2024,196.63,GBP,6000,Advisory fee
T000249,V0124,INV-58655,15/04/2024,2812.98,GBP,6500,Freight
T000250,V0032,INV-47363,03/26/2024,£629.85,GBP,6100,Air travel
T000251,V0116,INV-77286,05/30/2024,100.79,GBP,6300,Software licence
T000252,V0057,INV-69130,2024-12-23,"£1,107.26",GBP,6000,Ad spend
T000253,V0014,INV-61964,05/29/2025,4164.58,GBP,6200,Office supplies
T000254,V0099,INV-20696,18 Jan 2025,"1,256.03",GBP,6100,Software licence
T000255,V0082,INV-22987,2024-12-09,75.85,GBP,6100,Office supplies
T000256,V0010,INV-47601,28 Apr 2025,£236.83,GBP,6500,Office supplies
T000257,V0195,INV-71487,04/04/2025,1625.55,GBP,6400,Software licence
T000258,V0021,INV-12490,19 Sep 2024,185.22,GBP,6100,Office supplies
T000259,V0141,INV-89807,24 Jun 2025,657.34,GBP,6300,Software licence
T000260,V0199,INV-47762,2024-08-31,945.86,GBP,6200,Software licence
T000261,V0013,INV-41252,05/03/2025,145.53,GBP,6500,Freight
T000262,V0118,INV-18232,04/23/2024,377.86,GBP,6300,Freight
T000263,V0138,INV-12154,2025-06-11,£11.41,GBP,6400,Office supplies
T000264,V0184,INV-28818,25/10/2024,£130.74,GBP,6300,Software licence
T000265,V0158,INV-56244,03 Sep 2024,305.57,GBP,6400,Ad spend
T000266,V0048,INV-97080,28/03/2024,102.25,GBP,6400,Air travel
T000267,V0018,INV-78951,03 Jun 2025,2430.01,GBP,6400,Freight
T000268,V0006,INV-61177,26/04/2025,83.67,GBP,6000,Advisory fee
T000269,V0100,INV-58929,16 Sep 2024,248.63,GBP,6500,Software licence
T000270,V0092,INV-18855,19 Dec 2024,465.83,GBP,6100,Advisory fee
T000271,V0169,INV-92346,16 Apr 2024,9000.00,GBP,6400,Advisory fee
T000272,V0194,INV-53583,05/16/2024,£83.14,GBP,6000,Air travel
T000273,V0140,INV-54374,2024-06-28,1450.23,GBP,6500,Ad spend
T000274,V0179,INV-72722,05/07/2024,408.0,GBP,6100,Software licence
T000275,V0184,INV-69988,07/02/2024,137.05,GBP,6200,Office supplies
T000276,V0012,INV-36144,02/12/2024,£670.69,GBP,6200,Air travel
T000277,V0132,INV-62196,29/04/2025,502.18,GBP,6200,Software licence
T000278,V0193,INV-94790,2024-07-14,£208.46,GBP,6200,Air travel
T000279,V9294,INV-16265,05/12/2024,435.63,GBP,6200,Software licence
T000280,V0095,INV-67272,13 Feb 2025,264.05,GBP,6500,Ad spend
T000281,V0099,INV-54438,2024-07-10,457.08,GBP,6300,Advisory fee
T000282,V0128,INV-58148,15 Jun 2025,835.76,GBP,6200,Software licence
T000283,V0187,INV-65640,21 Mar 2024,2309.11,GBP,6300,Freight
T000284,V0047,INV-81496,2024-10-27,103.38,GBP,6200,Software licence
T000285,V0021,INV-52981,2024-10-29,"4,214.71",GBP,6200,Ad spend
T000286,V0155,INV-65851,19 Jun 2024,47.12,GBP,6500,Ad spend
T000287,V0090,INV-68606,13 Feb 2024,341.39,GBP,6500,Air travel
T000288,V0158,INV-67008,08/10/2024,£770.58,GBP,6500,Software licence
T000289,V0020,INV-97973,19 Feb 2025,549.55,GBP,6200,Freight
T000290,V0192,INV-99051,12/06/2024,203.37,GBP,6000,Office supplies
T000291,V0156,INV-98878,03/24/2025,320.88,GBP,6000,Office supplies
T000292,V9251,INV-40932,10 Jan 2025,234.56,GBP,6200,Ad spend
T000293,V0146,INV-14244,2024-06-06,210.97,GBP,6500,Ad spend
T000294,V0095,INV-58760,30 Mar 2025,1027.17,GBP,6000,Freight
T000295,V0036,INV-79397,01/10/2025,£597.48,GBP,6300,Air travel
T000296,V0167,INV-46528,2024-09-12,188.26,GBP,6000,Software licence
T000297,V0189,INV-34385,26 May 2025,"£1,085.24",GBP,6400,Ad spend
T000298,V0144,INV-25435,25/09/2024,565.68,GBP,6200,Advisory fee
T000299,V0115,INV-38124,2024-10-19,986.49,GBP,6500,Ad spend
T000300,V0052,INV-26074,05/18/2024,£806.41,GBP,6000,Ad spend
T000301,V0045,INV-68341,30/03/2024,162.08,GBP,6500,Air travel
T000302,V0171,INV-55537,03/07/2024,217.85,GBP,6400,Freight
T000303,V0075,INV-49315,2024-06-10,917.84,GBP,6500,Advisory fee
T000304,V0180,INV-93584,27/06/2024,789.51,GBP,6200,Freight
T000305,V0058,INV-25907,07/24/2024,£394.26,GBP,6100,Office supplies
T000306,V0127,INV-13445,04/01/2025,459.0,GBP,6400,Freight
T000307,V0095,INV-71263,12/05/2024,1644.89,GBP,6400,Software licence
T000308,V9384,INV-50539,11 Feb 2025,£210.45,GBP,6500,Advisory fee
T000309,V0123,INV-78903,2025-02-24,736.42,GBP,6300,Freight
T000310,V0019,INV-26426,20/11/2024,322.98,GBP,6500,Software licence
T000311,V0116,INV-71057,13/06/2025,317.52,GBP,6200,Office supplies
T000312,V0200,INV-82260,07/05/2024,"£1,351.07",GBP,6100,Ad spend
T000313,V0129,INV-17263,2024-05-07,"£1,000.20",GBP,6400,Office supplies
T000314,V0078,INV-31581,14/06/2024,987.19,GBP,6200,Advisory fee
T000315,V0058,INV-55353,15/06/2025,1696.0,GBP,6200,Software licence
T000316,V0065,INV-35729,10/08/2024,412.86,GBP,6100,Advisory fee
T000317,V0078,INV-90534,04/05/2024,854.19,GBP,6400,Advisory fee
T000318,V0044,INV-87569,06/06/2024,286.78,GBP,6100,Advisory fee
T000319,V0160,INV-89316,12/11/2024,576.27,GBP,6400,Software licence
T000320,V0008,INV-20646,16/02/2024,349.62,GBP,6500,Freight
T000321,V0068,INV-95344,03/08/2024,448.85,GBP,6400,Ad spend
T000322,V0159,INV-93753,01/02/2024,776.4,GBP,6300,Advisory fee
T000323,V0140,INV-47967,11/05/2024,164.01,GBP,6300,Office supplies
T000324,V0176,INV-63227,31/10/2024,"£4,030.42",GBP,6300,Software licence
T000325,V0177,INV-17852,06/10/2024,133.40,GBP,6300,Ad spend
T000326,V0124,INV-70875,07/27/2024,£106.10,GBP,6200,Freight
T000327,V0037,INV-50970,11/22/2024,"1,442.20",GBP,6500,Air travel
T000328,V0103,INV-27139,01/14/2025,963.75,GBP,6400,Freight
T000329,V0028,INV-51827,04 Sep 2024,£801.54,GBP,6300,Software licence
T000330,V0069,INV-68929,09/10/2024,805.27,GBP,6100,Software licence
T000331,V0013,INV-48038,28 Jan 2025,398.03,GBP,6400,Ad spend
T000332,V0064,INV-30932,2024-12-01,150.36,GBP,6400,Advisory fee
T000333,V0081,INV-34881,12 Jun 2024,438.51,GBP,6300,Freight
T000334,V0120,INV-75373,11/11/2024,191.54,GBP,6300,Software licence
T000335,V0024,INV-61543,06/01/2025,1179.25,GBP,6300,Office supplies
T000336,V0056,INV-86460,12/27/2024,343.17,GBP,6000,Software licence
T000337,V0073,INV-74866,26 Apr 2025,£162.71,GBP,6200,Freight
T000338,V0003,INV-24089,17/03/2025,£283.29,GBP,6100,Air travel
T000339,V0187,INV-57943,16 Feb 2025,£635.38,GBP,6200,Software licence
T000340,V0103,INV-16705,18 Jul 2024,£217.00,GBP,6200,Freight
T000341,V0074,INV-19637,30/01/2025,163.29,GBP,6400,Ad spend
T000342,V0196,INV-82070,2024-10-13,£527.45,GBP,6400,Advisory fee
T000343,V0157,INV-25572,11/05/2024,528.19,GBP,6000,Ad spend
T000344,V0096,INV-54444,01/09/2025,£230.99,GBP,6100,Office supplies
T000345,V0155,INV-76731,02/15/2025,240.29,GBP,6400,Software licence
T000346,V0012,INV-15100,20 May 2024,"9,999.00",GBP,6500,Air travel
T000347,V0122,INV-78069,04/12/2025,£82.03,GBP,6100,Freight
T000348,V0132,INV-28321,01/12/2024,85.78,GBP,6400,Air travel
T000349,V0042,INV-61505,11/02/2024,183.04,GBP,6400,Air travel
T000350,V0130,INV-76809,05/16/2025,319.01,GBP,6500,Freight
T000351,V0077,INV-72245,18 Jan 2024,£567.93,GBP,6200,Air travel
T000352,V0173,INV-24366,2025-03-02,"£2,044.47",GBP,6400,Air travel
T000353,V0186,INV-92478,28 Jan 2024,"1,036.31",GBP,6400,Ad spend
T000354,V0068,INV-95929,21/08/2024,£338.35,GBP,6500,Software licence
T000355,V0150,INV-72973,06/23/2024,395.08,GBP,6400,Advisory fee
T000356,V0185,INV-91230,01/24/2025,133.92,GBP,6100,Advisory fee
T000357,V0063,INV-14138,04/22/2024,£395.30,GBP,6100,Software licence
T000358,V0113,INV-51116,04/03/2025,293.68,GBP,6100,Ad spend
T000359,V0177,INV-36724,24/02/2025,575.36,GBP,6400,Freight
T000360,V0121,INV-18163,2024-05-21,£162.40,GBP,6400,Office supplies
T000361,V0144,INV-52604,04/05/2025,£714.28,GBP,6400,Ad spend
T000362,V0081,INV-32699,2025-04-15,"£2,177.67",GBP,6400,Air travel
T000363,V0140,INV-56437,09/27/2024,357.94,GBP,6400,Ad spend
T000364,V0050,INV-42311,2024-10-12,627.59,GBP,6400,Air travel
T000365,V0058,INV-49008,22/10/2024,861.92,GBP,6500,Office supplies
T000366,V0177,INV-74094,2024-11-20,259.47,GBP,6300,Air travel
T000367,V0144,INV-45842,10/21/2024,£516.20,GBP,6000,Freight
T000368,V0174,INV-81197,01/23/2025,£409.06,GBP,6300,Air travel
T000369,V0198,INV-29198,2024-10-24,£449.19,GBP,6000,Air travel
T000370,V0183,INV-20358,20 Dec 2024,172.38,GBP,6300,Advisory fee
T000371,V0066,INV-72793,07/08/2024,414.45,GBP,6100,Freight
T000372,V0070,INV-83664,05 Oct 2024,697.71,GBP,6100,Software licence
T000373,V0158,INV-86917,2024-09-02,"1,990.73",GBP,6100,Software licence
T000374,V0172,INV-79604,19/08/2024,"1,158.87",GBP,6500,Office supplies
T000375,V0014,INV-23133,27/02/2025,4309.17,GBP,6200,Advisory fee
T000376,V0121,INV-23178,20/05/2024,173.45,GBP,6000,Freight
T000377,V0041,INV-63334,02/05/2025,1053.16,GBP,6300,Advisory fee
T000378,V0052,INV-47649,2024-11-24,£493.58,GBP,6200,Advisory fee
T000379,V0016,INV-21725,25 Aug 2024,90000.00,GBP,6400,Advisory fee
T000380,V0186,INV-14888,2024-06-28,165.81,GBP,6300,Office supplies
T000381,V0010,INV-62034,2025-05-22,160.18,GBP,6100,Advisory fee
T000382,V0075,INV-14910,2024-01-10,208.65,GBP,6200,Freight
T000383,V0155,INV-24064,12/09/2024,£39.01,GBP,6200,Ad spend
T000384,V0165,INV-81211,06/20/2025,226.26,GBP,6300,Office supplies
T000385,V0130,INV-71344,06 Oct 2024,175.03,GBP,6100,Software licence
T000386,V0085,INV-31298,2025-04-14,476.01,GBP,6500,Air travel
T000387,V0184,INV-34405,15/01/2024,£587.53,GBP,6500,Air travel
T000388,V0076,INV-84420,16/07/2024,3177.3,GBP,6100,Freight
T000389,V0164,INV-63148,03/13/2025,1147.64,GBP,6400,Air travel
T000390,V0023,INV-62538,07/04/2024,213.88,GBP,6100,Office supplies
T000391,V0123,INV-52415,2024-09-11,£150.17,GBP,6000,Air travel
T000392,V9756,INV-40870,2025-04-02,693.06,GBP,6200,Air travel
T000393,V0078,INV-86344,12/01/2024,£94.42,GBP,6200,Advisory fee
T000394,V0093,INV-40972,04 Mar 2024,3024.81,GBP,6500,Software licence
T000395,V0120,INV-50213,12/06/2024,1476.43,GBP,6300,Advisory fee
T000396,V0129,INV-50760,2024-04-30,240.79,GBP,6500,Air travel
T000397,V0095,INV-90560,2024-08-14,£61.29,GBP,6100,Office supplies
T000398,V0123,INV-30078,10 Apr 2025,"1,788.73",GBP,6500,Freight
T000399,V0096,INV-64505,27 Apr 2025,355.67,GBP,6400,Advisory fee
T000400,V0056,INV-42435,24/03/2024,"1,574.35",GBP,6400,Ad spend
T000401,V0136,INV-57419,03/20/2024,69.83,GBP,6400,Software licence
T000402,V0016,INV-81781,2025-06-01,208.66,GBP,6100,Freight
T000403,V0138,INV-29641,17 Jun 2024,405.76,GBP,6200,Freight
T000404,V0114,INV-25235,07/29/2024,424.83,GBP,6500,Freight
T000405,V0126,INV-21919,06/06/2025,245.90,GBP,6300,Software licence
T000406,V0117,INV-27294,09 Jun 2025,800.42,GBP,6300,Ad spend
T000407,V0145,INV-17567,2025-04-18,124.66,GBP,6500,Air travel
T000408,V0186,INV-12853,09 Feb 2025,344.94,GBP,6200,Software licence
T000409,V0191,INV-38560,2024-03-15,460.51,GBP,6000,Ad spend
T000410,V0089,INV-18357,2024-03-02,£710.44,GBP,6000,Ad spend
T000411,V0009,INV-47629,02/22/2025,£882.52,GBP,6100,Office supplies
T000412,V0197,INV-94085,03/06/2025,117.08,GBP,6200,Ad spend
T000413,V0115,INV-59479,2025-01-19,74.62,GBP,6000,Advisory fee
T000414,V0170,INV-80687,05/16/2024,1644.92,GBP,6500,Air travel
T000415,V0031,INV-33392,06/02/2025,581.46,GBP,6400,Office supplies
T000416,V0187,INV-39188,04/01/2024,177.09,GBP,6000,Air travel
T000417,V0119,INV-98276,03/10/2025,"£2,222.23",GBP,6400,Ad spend
T000418,V0059,INV-42441,16 Apr 2025,458.17,GBP,6200,Office supplies
T000419,V0071,INV-34704,2024-04-25,"1,476.20",GBP,6000,Advisory fee
T000420,V0108,INV-90599,17 Jan 2024,£434.53,GBP,6100,Office supplies
T000421,V0018,INV-23224,02/04/2024,3892.56,GBP,6300,Freight
T000422,V0173,INV-16380,2024-09-07,"2,781.86",GBP,6500,Software licence
T000423,V0103,INV-67535,27/08/2024,306.78,GBP,6400,Office supplies
T000424,V0194,INV-17398,05/23/2024,"£1,174.65",GBP,6400,Air travel
T000425,V0060,INV-85511,22/11/2024,820.50,GBP,6400,Freight
T000426,V0198,INV-98150,24/11/2024,1818.00,GBP,6100,Air travel
T000427,V0037,INV-96535,17 Jun 2025,139.57,GBP,6100,Ad spend
T000428,V0077,INV-46064,03/03/2024,858.05,GBP,6400,Freight
T000429,V0189,INV-32955,13/03/2025,"1,292.41",GBP,6400,Ad spend
T000430,V0013,INV-55143,25/01/2025,£58.29,GBP,6400,Air travel
T000431,V0179,INV-64568,22 Feb 2025,109.77,GBP,6100,Air travel
T000432,V0097,INV-34101,2025-04-29,42.81,GBP,6100,Office supplies
T000433,V0077,INV-28920,19/04/2025,£299.96,GBP,6000,Freight
T000434,V0106,INV-64592,05/17/2024,888.29,GBP,6300,Office supplies
T000435,V0066,INV-36651,2024-12-04,2106.10,GBP,6500,Software licence
T000436,V0116,INV-58637,04/04/2024,£437.69,GBP,6400,Advisory fee
T000437,V0049,INV-16755,01 Oct 2024,"2,419.89",GBP,6300,Advisory fee
T000438,V0155,INV-89026,2024-02-10,88.40,GBP,6000,Office supplies
T000439,V0195,INV-87015,08/10/2024,61.95,GBP,6300,Office supplies
T000440,V0086,INV-49739,16/01/2024,379.52,GBP,6100,Office supplies
T000441,V0190,INV-25376,2025-05-05,£615.52,GBP,6100,Advisory fee
T000442,V0155,INV-36805,2025-02-10,389.18,GBP,6100,Freight
T000443,V0083,INV-47101,24 Jan 2025,41.50,GBP,6300,Freight
T000444,V0167,INV-57088,2024-11-11,365.76,GBP,6200,Air travel
T000445,V0132,INV-75179,2025-04-22,96.07,GBP,6000,Advisory fee
T000446,V0121,INV-51973,27 Jul 2024,842.72,GBP,6200,Air travel
T000447,V0106,INV-15992,08/14/2024,603.81,GBP,6500,Office supplies
T000448,V0005,INV-44180,03/03/2025,143.47,GBP,6200,Office supplies
T000449,V0051,INV-53236,2024-08-23,229.23,GBP,6300,Freight
T000450,V0063,INV-75444,12/11/2024,125.82,GBP,6200,Ad spend
T000451,V0186,INV-94108,17/05/2025,376.55,GBP,6300,Office supplies
T000452,V0188,INV-56160,2024-06-22,1153.62,GBP,6100,Advisory fee
T000453,V0140,INV-74004,2024-07-07,136.41,GBP,6400,Advisory fee
T000454,V0016,INV-78674,02/04/2024,702.36,GBP,6000,Advisory fee
T000455,V0013,INV-10836,26 Feb 2025,£225.14,GBP,6100,Advisory fee
T000456,V0060,INV-18908,03/06/2024,168.65,GBP,6000,Office supplies
T000457,V0130,INV-69770,01/17/2025,358.62,GBP,6000,Freight
T000458,V0164,INV-97392,05/09/2025,129.18,GBP,6500,Ad spend
T000459,V0005,INV-10866,02/25/2025,£219.42,GBP,6000,Software licence
T000460,V0136,INV-46010,20 Oct 2024,108.02,GBP,6000,Freight
T000461,V0179,INV-98346,2025-03-16,3502.38,GBP,6100,Software licence
T000462,V0025,INV-78732,01/06/2024,419.39,GBP,6100,Office supplies
T000463,V0159,INV-79003,09/15/2024,186.85,GBP,6200,Air travel
T000464,V0102,INV-20357,2025-01-17,510.49,GBP,6300,Ad spend
T000465,V0145,INV-41877,08/19/2024,356.54,GBP,6200,Advisory fee
T000466,V0021,INV-95686,02/02/2024,£316.38,GBP,6000,Ad spend
T000467,V0098,INV-59436,2025-05-02,792.81,GBP,6000,Advisory fee
T000468,V0003,INV-32463,25 Mar 2024,£928.21,GBP,6300,Ad spend
T000469,V0166,INV-53420,2024-04-07,225.08,GBP,6400,Software licence
T000470,V0059,INV-37710,05/01/2025,£214.13,GBP,6200,Software licence
T000471,V0020,INV-99709,14/10/2024,298.10,GBP,6400,Freight
T000472,V0169,INV-14312,07/02/2024,£32.07,GBP,6200,Software licence
T000473,V0054,INV-86943,27/05/2024,76.19,GBP,6500,Ad spend
T000474,V0020,INV-49226,2024-06-15,1814.49,GBP,6400,Office supplies
T000475,V0146,INV-61007,12/05/2024,2463.81,GBP,6300,Advisory fee
T000476,V0036,INV-20279,2025-05-27,306.76,GBP,6500,Air travel
T000477,V0014,INV-22803,23 Mar 2025,£760.68,GBP,6100,Software licence
T000478,V0088,INV-89320,10/02/2025,568.14,GBP,6200,Software licence
T000479,V0163,INV-45825,2025-04-06,11929.49,GBP,6300,Office supplies
T000480,V0092,INV-82487,19/01/2025,1382.34,GBP,6300,Office supplies
T000481,V0175,INV-86791,2025-01-24,350.48,GBP,6000,Freight
T000482,V0076,INV-42302,16/03/2024,141.02,GBP,6000,Air travel
T000483,V0040,INV-59807,2024-06-06,68.92,GBP,6500,Ad spend
T000484,V0082,INV-57277,2024-04-19,504.62,GBP,6000,Software licence
T000485,V0079,INV-68292,03 Jan 2025,175.57,GBP,6200,Software licence
T000486,V0034,INV-21442,07/10/2024,84.4,GBP,6300,Ad spend
T000487,V0143,INV-82710,08/06/2025,198.1,GBP,6300,Software licence
T000488,V0007,INV-21746,12/28/2024,£122.77,GBP,6400,Software licence
T000489,V0153,INV-88386,2024-11-28,"2,580.80",GBP,6300,Software licence
T000490,V0075,INV-64238,02/01/2025,1064.01,GBP,6000,Advisory fee
T000491,V0144,INV-41816,2025-06-17,£399.91,GBP,6100,Advisory fee
T000492,V0098,INV-32216,22/05/2024,"2,054.81",GBP,6200,Air travel
T000493,V0069,INV-74634,29 May 2024,439.27,GBP,6000,Office supplies
T000494,V0112,INV-46170,03/07/2025,156.43,GBP,6200,Ad spend
T000495,V0020,INV-57333,14 Sep 2024,"2,154.76",GBP,6100,Advisory fee
T000496,V0161,INV-74985,19 Jul 2024,729.82,GBP,6300,Software licence
T000497,V0035,INV-49932,01/07/2024,£128.90,GBP,6300,Air travel
T000498,V0159,INV-59792,03/12/2024,£327.22,GBP,6300,Air travel
T000499,V0111,INV-95332,2024-05-19,153.98,GBP,6200,Air travel
T000500,V0155,INV-36326,05/05/2025,88.14,GBP,6200,Office supplies
T000501,V0102,INV-51830,25/10/2024,1117.44,GBP,6500,Advisory fee
T000502,V0163,INV-74357,09/05/2024,"3,295.65",GBP,6200,Ad spend
T000503,V0072,INV-61502,08/01/2025,86.62,GBP,6000,Freight
T000504,V0052,INV-87624,2024-07-03,749.39,GBP,6500,Freight
T000505,V0007,INV-70505,02 Aug 2024,197.21,GBP,6300,Air travel
T000506,V0178,INV-19064,22/02/2025,236.08,GBP,6500,Ad spend
T000507,V0036,INV-93012,06/11/2024,210.26,GBP,6100,Air travel
T000508,V0169,INV-30203,09/03/2025,155.96,GBP,6300,Software licence
T000509,V0115,INV-88372,05/05/2025,£425.55,GBP,6400,Ad spend
T000510,V0137,INV-76402,04/03/2025,161.73,GBP,6400,Software licence
T000511,V0093,INV-80373,03/28/2024,543.21,GBP,6000,Office supplies
T000512,V0169,INV-97122,29/12/2024,£381.74,GBP,6100,Advisory fee
T000513,V0157,INV-15806,13 Feb 2025,310.18,GBP,6200,Ad spend
T000514,V0028,INV-11382,10 Apr 2024,148.66,GBP,6200,Office supplies
T000515,V0131,INV-77999,2024-08-14,213.91,GBP,6300,Air travel
T000516,V0101,INV-70694,2025-05-27,926.05,GBP,6100,Air travel
T000517,V0007,INV-73277,17 Apr 2024,699.95,GBP,6200,Ad spend
T000518,V0022,INV-25213,25/05/2024,137.65,GBP,6200,Air travel
T000519,V0088,INV-69681,30 Jul 2024,450.01,GBP,6400,Ad spend
T000520,V0090,INV-72411,04/09/2024,921.98,GBP,6300,Advisory fee
T000521,V0179,INV-69303,22 Nov 2024,64.31,GBP,6000,Air travel
T000522,V0012,INV-25084,24 Jan 2024,£733.40,GBP,6200,Advisory fee
T000523,V0028,INV-98754,17/06/2024,£194.63,GBP,6500,Office supplies
T000524,V0133,INV-32865,2024-06-12,755.71,GBP,6200,Freight
T000525,V0110,INV-70562,08/25/2024,174.24,GBP,6300,Advisory fee
T000526,V0048,INV-34430,18 Mar 2025,55.4,GBP,6300,Software licence
T000527,V0189,INV-90492,21 Jul 2024,£67.34,GBP,6300,Freight
T000528,V0110,INV-60965,05 Jan 2024,£425.34,GBP,6500,Office supplies
T000529,V0053,INV-46483,03/05/2024,536.84,GBP,6400,Software licence
T000530,V0138,INV-34505,2025-01-09,£149.19,GBP,6200,Office supplies
T000531,V0118,INV-24936,2024-09-25,£814.40,GBP,6500,Ad spend
T000532,V0136,INV-93769,11/16/2024,64.87,GBP,6400,Ad spend
T000533,V0157,INV-61451,26/04/2024,375.14,GBP,6200,Air travel
T000534,V0118,INV-90918,25 Jun 2024,£106.47,GBP,6500,Advisory fee
T000535,V0077,INV-90541,03/27/2024,196.96,GBP,6500,Office supplies
T000536,V0081,INV-25448,01/09/2024,425.02,GBP,6200,Software licence
T000537,V0047,INV-58929,05/24/2024,156.58,GBP,6400,Ad spend
T000538,V0108,INV-88174,05/21/2024,264.27,GBP,6400,Ad spend
T000539,V0109,INV-34347,13/05/2025,"£1,220.39",GBP,6500,Freight
T000540,V0178,INV-94575,06/26/2024,213.88,GBP,6400,Office supplies
T000541,V0126,INV-47858,23 May 2024,"1,011.57",GBP,6100,Air travel
T000542,V0116,INV-91187,24 Feb 2024,116.43,GBP,6200,Software licence
T000543,V0125,INV-27895,18 Jul 2024,£722.55,GBP,6300,Freight
T000544,V0130,INV-95599,2025-05-21,"1,969.88",GBP,6300,Advisory fee
T000545,V0126,INV-64477,30 Mar 2025,£26.61,GBP,6300,Office supplies
T000546,V0022,INV-84107,01 Feb 2024,£167.91,GBP,6100,Air travel
T000547,V0009,INV-46025,18/08/2024,761.11,GBP,6400,Air travel
T000548,V0044,INV-69942,05/22/2025,322.68,GBP,6400,Freight
T000549,V0029,INV-85066,26 Apr 2024,606.84,GBP,6200,Freight
T000550,V0094,INV-81046,2024-02-12,207.60,GBP,6500,Ad spend
T000551,V0140,INV-38644,2025-03-11,443.74,GBP,6000,Advisory fee
T000552,V0168,INV-42444,10/31/2024,339.94,GBP,6000,Ad spend
T000553,V0068,INV-55688,03/30/2024,"£1,457.62",GBP,6300,Software licence
T000554,V0199,INV-41056,2024-08-02,533.72,GBP,6500,Freight
T000555,V0177,INV-55957,2025-03-14,584.85,GBP,6100,Freight
T000556,V0036,INV-37082,30/07/2024,256.45,GBP,6000,Freight
T000557,V0090,INV-79767,2024-10-14,235.95,GBP,6400,Freight
T000558,V0044,INV-52421,10/26/2024,250.68,GBP,6200,Freight
T000559,V0069,INV-77425,07/04/2024,622.60,GBP,6100,Ad spend
T000560,V0016,INV-46349,2024-05-09,253.89,GBP,6500,Office supplies
T000561,V0064,INV-29168,2024-11-25,554.88,GBP,6100,Advisory fee
T000562,V0101,INV-74154,25/05/2024,3955.81,GBP,6400,Advisory fee
T000563,V0069,INV-92288,28 Feb 2025,1051.78,GBP,6300,Ad spend
T000564,V0020,INV-93050,2024-04-05,£281.85,GBP,6300,Freight
T000565,V0192,INV-46467,12 Jan 2025,"£1,512.22",GBP,6300,Ad spend
T000566,V0084,INV-86278,03/01/2024,257.53,GBP,6500,Software licence
T000567,V0188,INV-70089,01/01/2025,£42.87,GBP,6000,Freight
T000568,V0102,INV-38551,15/03/2025,133.1,GBP,6100,Ad spend
T000569,V0069,INV-52318,2024-10-17,51.53,GBP,6200,Freight
T000570,V0148,INV-27117,11 May 2025,274.06,GBP,6200,Advisory fee
T000571,V0196,INV-16345,02/17/2024,£411.69,GBP,6000,Advisory fee
T000572,V0118,INV-12134,05/07/2024,"£2,550.59",GBP,6100,Ad spend
T000573,V0117,INV-10088,14 Mar 2025,578.03,GBP,6100,Advisory fee
T000574,V0034,INV-95196,2024-11-05,317.03,GBP,6100,Air travel
T000575,V0024,INV-95798,2025-01-04,"1,004.60",GBP,6200,Software licence
T000576,V0096,INV-97098,2024-06-18,35.44,GBP,6000,Ad spend
T000577,V0161,INV-50043,2024-08-27,£522.79,GBP,6300,Advisory fee
T000578,V0024,INV-22475,02 Jan 2024,£941.95,GBP,6100,Ad spend
T000579,V0020,INV-27393,08/19/2024,79.33,GBP,6400,Advisory fee
T000580,V0114,INV-11217,2024-01-09,"1,419.60",GBP,6500,Air travel
T000581,V0031,INV-65353,2024-05-15,585.43,GBP,6300,Software licence
T000582,V0059,INV-60209,01/04/2024,255.49,GBP,6500,Software licence
T000583,V0027,INV-51071,11/01/2025,809.21,GBP,6200,Office supplies
T000584,V0098,INV-27451,26 May 2024,4903.78,GBP,6000,Freight
T000585,V0145,INV-11110,17/06/2024,,GBP,6300,Air travel
T000586,V0185,INV-37925,2024-06-04,530.09,GBP,6300,Freight
T000587,V0176,INV-67984,08/10/2024,243.40,GBP,6000,Software licence
T000588,V0036,INV-26142,28/01/2025,£158.41,GBP,6200,Ad spend
T000589,V0081,INV-28327,10/09/2024,"£1,005.63",GBP,6200,Advisory fee
T000590,V0022,INV-42527,10/18/2024,157.32,GBP,6500,Software licence
T000591,V0169,INV-49537,2024-07-29,436.47,GBP,6400,Freight
T000592,V0131,INV-34726,05/02/2025,238.55,GBP,6200,Advisory fee
T000593,V0014,INV-41370,2025-05-21,683.26,GBP,6300,Software licence
T000594,V0062,INV-75481,03/13/2024,£582.32,GBP,6400,Software licence
T000595,V0093,INV-51480,15 May 2024,"1,263.06",GBP,6300,Freight
T000596,V0108,INV-57895,25/06/2024,£230.21,GBP,6300,Software licence
T000597,V0005,INV-86986,03/10/2024,299.81,GBP,6000,Air travel
T000598,V0056,INV-15220,03/02/2024,137.46,GBP,6300,Freight
T000599,V0074,INV-92388,28/05/2025,247.47,GBP,6300,Ad spend
T000600,V0180,INV-62727,25/03/2024,£610.96,GBP,6500,Freight
T000601,V0138,INV-90746,2024-06-05,£927.68,GBP,6200,Software licence
T000602,V0080,INV-20357,06/07/2025,146.29,GBP,6100,Office supplies
T000603,V0138,INV-52827,2025-02-04,"1,050.02",GBP,6400,Advisory fee
T000604,V0196,INV-95175,08 Mar 2024,"£1,792.20",GBP,6200,Advisory fee
T000605,V0112,INV-41278,2024-02-29,635.73,GBP,6100,Software licence
T000606,V0112,INV-25202,09/04/2025,3179.49,GBP,6400,Freight
T000607,V0015,INV-50539,28/06/2024,172.23,GBP,6000,Software licence
T000608,V0182,INV-27984,2024-01-12,£102.60,GBP,6100,Ad spend
T000609,V0089,INV-78551,2025-06-13,57.02,GBP,6500,Air travel
T000610,V0043,INV-58741,2024-05-09,"2,091.52",GBP,6500,Air travel
T000611,V0188,INV-25473,01/31/2024,828.65,GBP,6200,Ad spend
T000612,V0070,INV-78662,2024-03-06,379.50,GBP,6200,Advisory fee
T000613,V0148,INV-92251,03/19/2024,548.93,GBP,6300,Ad spend
T000614,V0131,INV-57202,2024-02-26,116.98,GBP,6300,Freight
T000615,V0043,INV-58193,10 Jun 2024,5945.13,GBP,6200,Software licence
T000616,V0147,INV-98358,28 Apr 2024,465.05,GBP,6100,Advisory fee
T000617,V0131,INV-10336,02/15/2024,£455.02,GBP,6000,Office supplies
T000618,V0012,INV-71835,07 Jan 2025,896.36,GBP,6300,Office supplies
T000619,V0046,INV-14635,2025-03-05,684.79,GBP,6100,Air travel
T000620,V0064,INV-64559,23 Nov 2024,£516.09,GBP,6200,Software licence
T000621,V0147,INV-58864,2024-05-02,£169.10,GBP,6400,Advisory fee
T000622,V0014,INV-33507,16 Aug 2024,677.64,GBP,6400,Software licence
T000623,V0103,INV-19034,2025-04-21,"3,197.83",GBP,6200,Air travel
T000624,V0084,INV-21322,2025-04-12,1772.17,GBP,6000,Air travel
T000625,V0052,INV-48219,2024-11-07,"£2,327.40",GBP,6500,Freight
T000626,V0063,INV-70807,2025-01-12,229.90,GBP,6400,Ad spend
T000627,V0198,INV-35614,08 Sep 2024,135.83,GBP,6100,Software licence
T000628,V0105,INV-13133,08/26/2024,351.30,GBP,6400,Air travel
T000629,V0163,INV-11257,12/09/2024,428.93,GBP,6000,Advisory fee
T000630,V0097,INV-50306,16/04/2024,1344.28,GBP,6100,Freight
T000631,V0061,INV-65026,18 May 2025,62.7,GBP,6000,Office supplies
T000632,V0183,INV-46677,05/04/2024,"£9,000.00",GBP,6000,Office supplies
T000633,V0134,INV-64140,01/16/2025,339.06,GBP,6300,Advisory fee
T000634,V0022,INV-86122,07/04/2024,252.25,GBP,6400,Office supplies
T000635,V0164,INV-61688,17 Mar 2024,132.51,GBP,6400,Freight
T000636,V0016,INV-67014,13 May 2024,65.34,GBP,6100,Air travel
T000637,V0067,INV-51288,2025-02-06,997.73,GBP,6500,Advisory fee
T000638,V0084,INV-51688,04/08/2025,437.31,GBP,6200,Office supplies
T000639,V0020,INV-36569,05/19/2024,£97.62,GBP,6400,Software licence
T000640,V0040,INV-23848,17/06/2024,97.07,GBP,6300,Ad spend
T000641,V0081,INV-63282,03 May 2024,278.84,GBP,6400,Air travel
T000642,V0198,INV-37215,07/04/2025,2529.87,GBP,6200,Ad spend
T000643,V0068,INV-25717,02 Apr 2024,303.22,GBP,6100,Advisory fee
T000644,V0078,INV-89076,2024-02-11,77.21,GBP,6100,Air travel
T000645,V0038,INV-21955,11/09/2024,£307.87,GBP,6200,Ad spend
T000646,V0132,INV-16416,2024-11-02,298.87,GBP,6200,Office supplies
T000647,V0008,INV-63004,08/04/2025,20.77,GBP,6400,Advisory fee
T000648,V0141,INV-42748,06/04/2024,£380.04,GBP,6300,Software licence
T000649,V0036,INV-25919,01/13/2024,312.93,GBP,6000,Office supplies
T000650,V0034,INV-35969,02/14/2025,867.68,GBP,6200,Advisory fee
T000651,V0162,INV-94500,2024-03-27,"3,083.60",GBP,6400,Freight
T000652,V0067,INV-19828,2024-01-23,1393.01,GBP,6000,Office supplies
T000653,V0166,INV-68121,05/11/2024,300.13,GBP,6000,Air travel
T000654,V0032,INV-15596,04/17/2025,119.44,GBP,6000,Office supplies
T000655,V0147,INV-66774,08 Feb 2025,"£6,841.05",GBP,6300,Software licence
T000656,V0098,INV-99550,03/12/2025,430.58,GBP,6100,Air travel
T000657,V0055,INV-34530,2024-10-08,£409.66,GBP,6200,Ad spend
T000658,V0039,INV-14541,08/09/2024,£392.86,GBP,6500,Air travel
T000659,V0128,INV-64000,05 May 2025,501.65,GBP,6000,Software licence
T000660,V0072,INV-60202,20/05/2024,£344.19,GBP,6300,Office supplies
T000661,V0165,INV-78919,12/09/2024,214.64,GBP,6500,Freight
T000662,V0005,INV-60134,02 Jan 2025,£221.06,GBP,6300,Freight
T000663,V0125,INV-55093,05/29/2025,£389.15,GBP,6200,Ad spend
T000664,V0070,INV-33568,01/27/2024,221.90,GBP,6200,Freight
T000665,V0057,INV-13840,10/14/2024,184.17,GBP,6000,Ad spend
T000666,V0136,INV-56849,26 Aug 2024,£453.54,GBP,6100,Software licence
T000667,V0064,INV-96096,2024-09-03,304.76,GBP,6200,Freight
T000668,V0189,INV-17328,12 Aug 2024,"£2,109.89",GBP,6400,Ad spend
T000669,V0091,INV-32768,2024-06-29,21.84,GBP,6100,Freight
T000670,V0082,INV-57026,29 Jan 2024,1340.31,GBP,6500,Advisory fee
T000671,V0091,INV-84403,05/25/2024,1588.74,GBP,6400,Office supplies
T000672,V0127,INV-81057,2024-11-12,41.23,GBP,6100,Ad spend
T000673,V0010,INV-21830,02/27/2024,276.73,GBP,6100,Freight
T000674,V0057,INV-12612,23 Jun 2025,268.11,GBP,6300,Software licence
T000675,V0085,INV-90495,25/07/2024,85.78,GBP,6100,Air travel
T000676,V0184,INV-33260,27/11/2024,171.47,GBP,6000,Software licence
T000677,V0038,INV-86888,25/05/2024,£118.91,GBP,6000,Freight
T000678,V0094,INV-19506,01/17/2025,"2,772.48",GBP,6500,Advisory fee
T000679,V0102,INV-86810,04/13/2024,1129.18,GBP,6200,Air travel
T000680,V0083,INV-27884,10 Jun 2024,"1,633.88",GBP,6500,Ad spend
T000681,V0164,INV-73858,20/11/2024,892.33,GBP,6100,Advisory fee
T000682,V0144,INV-90440,12/31/2024,£116.52,GBP,6100,Advisory fee
T000683,V0151,INV-32983,2025-01-22,226.56,GBP,6200,Advisory fee
T000684,V0177,INV-48602,10 May 2024,691.12,GBP,6100,Advisory fee
T000685,V0001,INV-85082,02/04/2025,£105.18,GBP,6400,Software licence
T000686,V0047,INV-88956,2024-11-21,883.86,GBP,6400,Office supplies
T000687,V0164,INV-84127,04/16/2024,309.71,GBP,6300,Office supplies
T000688,V0085,INV-20198,31/08/2024,267.12,GBP,6200,Air travel
T000689,V0043,INV-93386,2024-03-31,£881.88,GBP,6500,Advisory fee
T000690,V0164,INV-54007,04/02/2025,657.66,GBP,6000,Air travel
T000691,V0054,INV-42707,2024-03-10,271.22,GBP,6200,Air travel
T000692,V0028,INV-10167,19 Feb 2024,1444.13,GBP,6300,Ad spend
T000693,V0188,INV-65004,2024-06-19,122.83,GBP,6300,Ad spend
T000694,V0097,INV-56036,2025-01-19,794.35,GBP,6000,Ad spend
T000695,V0148,INV-95323,2024-08-18,£774.65,GBP,6100,Ad spend
T000696,V0019,INV-14379,28 Oct 2024,£287.00,GBP,6000,Air travel
T000697,V0067,INV-23726,16/03/2024,£577.52,GBP,6200,Office supplies
T000698,V0097,INV-31090,17 Mar 2024,101.88,GBP,6400,Software licence
T000699,V0087,INV-87860,2025-05-09,"1,114.80",GBP,6500,Software licence
T000700,V0111,INV-95673,17/06/2024,329.18,GBP,6400,Ad spend
T000701,V0041,INV-17019,13 Apr 2024,227.01,GBP,6200,Office supplies
T000702,V0049,INV-63645,28 Sep 2024,"1,279.10",GBP,6500,Air travel
T000703,V0077,INV-41135,08 Apr 2024,£185.90,GBP,6000,Ad spend
T000704,V0147,INV-82045,17 May 2025,85.69,GBP,6100,Software licence
T000705,V0093,INV-10500,03/13/2025,£72.80,GBP,6000,Air travel
T000706,V0170,INV-91931,05/06/2025,785.73,GBP,6100,Software licence
T000707,V0007,INV-37125,23/06/2024,98.65,GBP,6500,Air travel
T000708,V0021,INV-72071,2024-04-28,"£2,780.19",GBP,6200,Ad spend
T000709,V0121,INV-74106,28/09/2024,40.85,GBP,6000,Advisory fee
T000710,V0140,INV-60793,07/08/2024,2607.38,GBP,6200,Ad spend
T000711,V0095,INV-34455,2025-04-01,508.83,GBP,6000,Air travel
T000712,V0113,INV-70956,09/26/2024,£362.71,GBP,6100,Air travel
T000713,V0145,INV-18079,03 Jun 2024,221.54,GBP,6500,Advisory fee
T000714,V0025,INV-21233,2024-12-18,625.81,GBP,6400,Ad spend
T000715,V0194,INV-87296,2024-08-20,387.07,GBP,6400,Software licence
T000716,V0100,INV-78495,03/04/2025,"£1,357.82",GBP,6400,Advisory fee
T000717,V0122,INV-85066,08/29/2024,457.44,GBP,6300,Air travel
T000718,V0021,INV-61747,05 Feb 2024,9999.0,GBP,6400,Freight
T000719,V0133,INV-84905,30 May 2024,£270.43,GBP,6000,Ad spend
T000720,V0045,INV-31910,04 Aug 2024,378.93,GBP,6100,Office supplies
T000721,V0011,INV-65492,2024-03-21,565.99,GBP,6500,Ad spend
T000722,V0052,INV-92211,31 May 2024,£61.49,GBP,6400,Air travel
T000723,V0082,INV-18783,03/30/2024,91.56,GBP,6300,Freight
T000724,V0102,INV-82358,2024-11-29,913.78,GBP,6200,Freight
T000725,V0118,INV-11620,19/06/2025,486.85,GBP,6300,Software licence
T000726,V0107,INV-29613,31 May 2024,329.51,GBP,6400,Freight
T000727,V0150,INV-23133,2024-04-18,£411.69,GBP,6400,Software licence
T000728,V0074,INV-80206,2024-12-18,591.31,GBP,6300,Air travel
T000729,V0099,INV-95824,2025-05-12,222.80,GBP,6400,Freight
T000730,V0122,INV-14910,06/25/2024,171.38,GBP,6200,Ad spend
T000731,V0037,INV-91034,02/15/2025,£500.41,GBP,6000,Ad spend
T000732,V0085,INV-41139,2024-02-20,137.52,GBP,6500,Ad spend
T000733,V0069,INV-58816,01/21/2024,632.12,GBP,6200,Air travel
T000734,V0080,INV-46745,2025-05-18,62.0,GBP,6500,Advisory fee
T000735,V0026,INV-39878,05/17/2024,1251.47,GBP,6200,Advisory fee
T000736,V0114,INV-52056,2024-10-02,678.48,GBP,6500,Ad spend
T000737,V0155,INV-94614,01/04/2024,534.66,GBP,6100,Ad spend
T000738,V0055,INV-63368,2025-05-11,1189.11,GBP,6400,Air travel
T000739,V0015,INV-77537,2024-06-11,2520.02,GBP,6000,Air travel
T000740,V0182,INV-76426,2025-02-17,1231.28,GBP,6100,Freight
T000741,V0146,INV-13794,26/06/2024,53.25,GBP,6100,Office supplies
T000742,V0015,INV-42701,02/03/2024,£98.74,GBP,6300,Software licence
T000743,V0093,INV-36097,07/10/2024,202.9,GBP,6200,Ad spend
T000744,V0130,INV-62028,06/05/2024,£415.18,GBP,6500,Software licence
T000745,V0062,INV-58819,2025-05-15,712.96,GBP,6400,Ad spend
T000746,V0046,INV-72204,2024-12-24,£181.58,GBP,6200,Office supplies
T000747,V0067,INV-21847,10/18/2024,495.44,GBP,6000,Ad spend
T000748,V0013,INV-31352,07/08/2024,£175.75,GBP,6100,Advisory fee
T000749,V0058,INV-98826,2024-07-30,205.89,GBP,6200,Advisory fee
T000750,V0105,INV-77276,21/01/2024,85.86,GBP,6500,Software licence
T000751,V0122,INV-27342,26 Jun 2024,146.12,GBP,6400,Software licence
T000752,V0058,INV-43081,11/08/2024,£91.21,GBP,6500,Advisory fee
T000753,V0165,INV-46094,03/09/2025,137.9,GBP,6300,Air travel
T000754,V0118,INV-43029,11 Aug 2024,"£1,285.63",GBP,6300,Air travel
T000755,V0174,INV-78241,02/10/2025,£141.98,GBP,6400,Software licence
T000756,V0002,INV-77045,18 Jan 2025,"7,299.93",GBP,6400,Advisory fee
T000757,V0153,INV-89829,2024-10-16,694.12,GBP,6200,Advisory fee
T000758,V0028,INV-73142,2024-03-06,494.39,GBP,6200,Air travel
T000759,V0164,INV-52616,2024-10-10,156.93,GBP,6200,Advisory fee
T000760,V0183,INV-95389,2024-11-01,871.61,GBP,6100,Office supplies
T000761,V0133,INV-41496,28 Feb 2024,214.18,GBP,6400,Ad spend
T000762,V0170,INV-51888,23 May 2024,461.37,GBP,6500,Software licence
T000763,V0168,INV-75191,29/10/2024,,GBP,6200,Ad spend
T000764,V0104,INV-60891,02/06/2024,362.98,GBP,6400,Advisory fee
T000765,V0147,INV-34892,2024-12-17,"1,428.24",GBP,6500,Advisory fee
T000766,V0057,INV-99957,05/02/2025,186.14,GBP,6500,Air travel
T000767,V0130,INV-49347,23/06/2024,388.20,GBP,6500,Freight
T000768,V0047,INV-48506,09 Apr 2024,"2,829.57",GBP,6300,Office supplies
T000769,V0190,INV-43902,2024-07-06,£202.42,GBP,6500,Air travel
T000770,V0168,INV-21704,2024-08-15,"£2,962.22",GBP,6200,Office supplies
T000771,V0191,INV-50250,03/06/2025,878.77,GBP,6200,Air travel
T000772,V0067,INV-86751,28 Oct 2024,217.3,GBP,6300,Software licence
T000773,V0121,INV-17035,13/03/2024,£808.88,GBP,6300,Office supplies
T000774,V0129,INV-25704,25 Jan 2025,1175.92,GBP,6400,Air travel
T000775,V0106,INV-17086,03/06/2024,799.50,GBP,6100,Office supplies
T000776,V0088,INV-63633,13 Apr 2025,71.72,GBP,6100,Air travel
T000777,V0184,INV-33639,2024-03-23,181.30,GBP,6300,Air travel
T000778,V0162,INV-33176,2024-11-16,307.27,GBP,6500,Software licence
T000779,V0002,INV-69251,07 Oct 2024,£371.71,GBP,6100,Office supplies
T000780,V0148,INV-30766,05/16/2025,798.5,GBP,6000,Office supplies
T000781,V0158,INV-66847,15 Mar 2025,490.52,GBP,6300,Ad spend
T000782,V0123,INV-60242,05 Jan 2024,92.86,GBP,6000,Freight
T000783,V0052,INV-58903,01/15/2024,612.91,GBP,6200,Freight
T000784,V0049,INV-12348,01/05/2024,789.69,GBP,6500,Advisory fee
T000785,V0064,INV-39657,18/12/2024,746.78,GBP,6200,Office supplies
T000786,V0027,INV-60272,30 May 2025,"£1,324.59",GBP,6400,Air travel
T000787,V0043,INV-18557,16/02/2024,"1,009.60",GBP,6200,Air travel
T000788,V0117,INV-78195,20/06/2025,668.54,GBP,6200,Ad spend
T000789,V0176,INV-27536,16/12/2024,373.46,GBP,6300,Air travel
T000790,V0193,INV-34697,2024-06-17,64.91,GBP,6300,Software licence
T000791,V0059,INV-39402,05/14/2024,647.15,GBP,6100,Advisory fee
T000792,V0006,INV-87292,31 May 2025,506.97,GBP,6100,Software licence
T000793,V0094,INV-95267,08/02/2024,£543.88,GBP,6300,Advisory fee
T000794,V0066,INV-80088,2024-02-19,99.05,GBP,6400,Software licence
T000795,V0170,INV-24170,2024-01-21,122.83,GBP,6000,Advisory fee
T000796,V0030,INV-64627,03/30/2025,1284.94,GBP,6300,Software licence
T000797,V0141,INV-43126,30 Apr 2025,386.25,GBP,6500,Office supplies
T000798,V0053,INV-99881,01/10/2024,853.76,GBP,6200,Ad spend
T000799,V0170,INV-23235,2025-06-16,416.19,GBP,6200,Freight
T000800,V0156,INV-27978,04/03/2025,416.85,GBP,6000,Freight
T000801,V0185,INV-90962,30 Apr 2024,1132.42,GBP,6200,Software licence
T000802,V0028,INV-75239,2024-07-22,,GBP,6400,Office supplies
T000803,V0200,INV-44471,19 Jun 2025,448.42,GBP,6100,Air travel
T000804,V0181,INV-63707,29/10/2024,242.62,GBP,6100,Software licence
T000805,V0141,INV-75058,31/07/2024,250.15,GBP,6500,Ad spend
T000806,V0085,INV-40737,03 Jan 2024,287.12,GBP,6000,Advisory fee
T000807,V0023,INV-24474,05/20/2025,£515.09,GBP,6100,Software licence
T000808,V0200,INV-77070,03/17/2024,238.26,GBP,6500,Advisory fee
T000809,V0026,INV-43540,24 Aug 2024,1605.73,GBP,6300,Air travel
T000810,V0068,INV-70853,21/02/2024,150.8,GBP,6000,Office supplies
T000811,V0011,INV-48085,2025-01-03,328.47,GBP,6500,Air travel
T000812,V0110,INV-25191,04/07/2024,248.71,GBP,6000,Software licence
T000813,V0036,INV-96947,23 Jun 2024,"£1,981.63",GBP,6200,Air travel
T000814,V0113,INV-91501,10/01/2024,£500.80,GBP,6500,Software licence
T000815,V0096,INV-54921,06 Jul 2024,"1,255.17",GBP,6000,Ad spend
T000816,V0103,INV-69839,05 Oct 2024,78.72,GBP,6300,Advisory fee
T000817,V0123,INV-65278,19/06/2024,541.18,GBP,6000,Office supplies
T000818,V0179,INV-17686,12/06/2024,"1,073.41",GBP,6000,Ad spend
T000819,V0152,INV-73265,2025-03-24,441.65,GBP,6100,Freight
T000820,V0098,INV-57002,01/30/2024,1302.48,GBP,6500,Advisory fee
T000821,V0034,INV-73318,14 May 2025,228.37,GBP,6000,Ad spend
T000822,V0113,INV-16025,05 Mar 2024,"£1,901.28",GBP,6200,Advisory fee
T000823,V0081,INV-11620,2025-06-21,5058.31,GBP,6500,Freight
T000824,V0186,INV-84057,08/17/2024,£270.66,GBP,6500,Air travel
T000825,V0133,INV-78564,2024-04-07,247.14,GBP,6300,Advisory fee
T000826,V0187,INV-42581,08 May 2025,"1,995.65",GBP,6200,Advisory fee
T000827,V0174,INV-94070,29 Jan 2025,2292.8,GBP,6100,Freight
T000828,V0157,INV-17152,2024-01-12,226.98,GBP,6500,Office supplies
T000829,V0130,INV-71510,2025-05-22,254.12,GBP,6100,Software licence
T000830,V0193,INV-74441,24/11/2024,295.90,GBP,6100,Air travel
T000831,V9988,INV-16599,06/03/2025,91.94,GBP,6100,Freight
T000832,V0165,INV-59628,2025-02-16,£146.86,GBP,6100,Software licence
T000833,V0118,INV-68220,03/04/2025,133.68,GBP,6000,Ad spend
T000834,V0115,INV-51426,01 May 2024,173.37,GBP,6300,Advisory fee
T000835,V0168,INV-12329,04/15/2024,388.33,GBP,6300,Ad spend
T000836,V0010,INV-83024,01/01/2024,90000.0,GBP,6000,Freight
T000837,V0159,INV-93563,2024-11-07,"2,220.64",GBP,6400,Freight
T000838,V0053,INV-95799,2025-04-12,£134.53,GBP,6200,Air travel
T000839,V0014,INV-39218,04/10/2025,1191.25,GBP,6200,Freight
T000840,V0197,INV-91232,2025-04-29,318.82,GBP,6500,Advisory fee
T000841,V0094,INV-69314,04/26/2024,382.06,GBP,6000,Advisory fee
T000842,V0057,INV-10287,12/15/2024,847.51,GBP,6200,Advisory fee
T000843,V0075,INV-81786,18 Jun 2025,117.33,GBP,6200,Advisory fee
T000844,V0028,INV-16000,06/17/2024,614.40,GBP,6300,Office supplies
T000845,V0184,INV-63636,04/19/2024,484.49,GBP,6200,Freight
T000846,V0051,INV-34581,2024-05-03,693.46,GBP,6300,Office supplies
T000847,V0118,INV-34979,2024-12-12,554.51,GBP,6000,Ad spend
T000848,V0012,INV-93000,06/05/2024,6007.9,GBP,6300,Ad spend
T000849,V0169,INV-87242,2025-05-31,£200.03,GBP,6100,Ad spend
T000850,V0002,INV-79515,19 Feb 2024,224.96,GBP,6400,Ad spend
T000851,V0150,INV-73298,2025-06-04,203.27,GBP,6100,Advisory fee
T000852,V0149,INV-32760,11 May 2024,£218.98,GBP,6000,Ad spend
T000853,V0169,INV-88714,25 Nov 2024,200.11,GBP,6400,Ad spend
T000854,V0108,INV-89822,11 Sep 2024,"£1,492.07",GBP,6200,Ad spend
T000855,V0088,INV-48557,04/08/2025,"£1,924.76",GBP,6100,Office supplies
T000856,V0106,INV-88974,08 Jun 2025,£215.33,GBP,6200,Advisory fee
T000857,V0141,INV-51144,08/10/2024,161.48,GBP,6100,Office supplies
T000858,V0160,INV-48086,19/12/2024,677.60,GBP,6500,Office supplies
T000859,V0182,INV-95208,01/07/2024,219.76,GBP,6400,Freight
T000860,V0178,INV-93476,26 Nov 2024,809.34,GBP,6500,Software licence
T000861,V0195,INV-56168,06/05/2025,504.32,GBP,6400,Freight
T000862,V0171,INV-64719,19 Oct 2024,£76.15,GBP,6300,Software licence
T000863,V0134,INV-23955,01/26/2024,2213.34,GBP,6300,Office supplies
T000864,V0014,INV-97851,27/02/2024,"2,908.71",GBP,6100,Air travel
T000865,V0193,INV-31094,10/20/2024,205.6,GBP,6500,Air travel
T000866,V0038,INV-18130,10/29/2024,263.36,GBP,6100,Freight
T000867,V0009,INV-57013,2025-04-08,552.50,GBP,6000,Freight
T000868,V0173,INV-83647,2024-08-17,582.83,GBP,6500,Advisory fee
T000869,V0144,INV-60972,08/31/2024,832.47,GBP,6400,Advisory fee
T000870,V0074,INV-97096,18 Feb 2024,"3,682.05",GBP,6300,Ad spend
T000871,V0107,INV-99803,16/11/2024,332.07,GBP,6400,Software licence
T000872,V0004,INV-42943,26 Jul 2024,167.65,GBP,6400,Ad spend
T000873,V0058,INV-93071,11/01/2025,88.48,GBP,6400,Freight
T000874,V0190,INV-89087,2024-07-20,180.54,GBP,6500,Office supplies
T000875,V0076,INV-68827,06/30/2024,388.99,GBP,6500,Software licence
T000876,V0048,INV-32779,10 Jun 2025,2904.49,GBP,6000,Ad spend
T000877,V0011,INV-66165,2024-10-12,228.29,GBP,6400,Air travel
T000878,V0034,INV-31093,18 Sep 2024,516.03,GBP,6000,Air travel
T000879,V0120,INV-30290,2024-02-10,£396.21,GBP,6100,Air travel
T000880,V0153,INV-16665,04/11/2024,1491.05,GBP,6300,Freight
T000881,V0141,INV-56934,03/15/2024,"6,500.44",GBP,6500,Air travel
T000882,V0135,INV-38830,2024-07-07,224.99,GBP,6400,Software licence
T000883,V0130,INV-30889,2025-03-01,£235.48,GBP,6400,Freight
T000884,V0104,INV-22051,2024-12-23,1272.29,GBP,6100,Office supplies
T000885,V0170,INV-53500,05 Dec 2024,854.13,GBP,6200,Air travel
T000886,V0056,INV-91039,05/01/2025,"3,075.98",GBP,6400,Advisory fee
T000887,V0003,INV-25036,12/20/2024,766.87,GBP,6300,Office supplies
T000888,V0165,INV-90439,06 Sep 2024,271.72,GBP,6000,Advisory fee
T000889,V0083,INV-59987,2024-04-26,772.57,GBP,6300,Air travel
T000890,V0139,INV-47070,26 Jan 2024,"£1,365.91",GBP,6400,Air travel
T000891,V0132,INV-76680,01/04/2025,994.79,GBP,6300,Software licence
T000892,V0076,INV-95397,2024-07-16,704.86,GBP,6200,Freight
T000893,V0022,INV-22577,20 Jun 2024,1304.2,GBP,6400,Freight
T000894,V0002,INV-92173,08 Mar 2024,1460.05,GBP,6100,Advisory fee
T000895,V0162,INV-37941,2025-03-10,"1,845.26",GBP,6000,Office supplies
T000896,,INV-67047,14 Mar 2024,823.51,GBP,6500,Advisory fee
T000897,V0040,INV-13113,04/15/2025,335.68,GBP,6500,Air travel
T000898,V0010,INV-21471,16/03/2024,£474.08,GBP,6000,Office supplies
T000899,V0065,INV-83149,2024-03-13,"£1,521.06",GBP,6400,Office supplies
T000900,V0067,INV-63429,01 Feb 2025,164.25,GBP,6300,Advisory fee
T000901,V0104,INV-66757,11/19/2024,605.19,GBP,6000,Ad spend
T000902,V0173,INV-25506,07/01/2024,261.73,GBP,6500,Advisory fee
T000903,V0159,INV-18288,02/16/2024,£416.39,GBP,6500,Software licence
T000904,V0092,INV-75907,04/18/2024,"1,646.32",GBP,6200,Advisory fee
T000905,V0078,INV-89503,2024-03-29,497.81,GBP,6200,Ad spend
T000906,V0098,INV-61788,02/01/2024,424.57,GBP,6300,Office supplies
T000907,V0137,INV-38818,19/05/2024,90.39,GBP,6500,Ad spend
T000908,V0140,INV-48663,27/05/2024,916.79,GBP,6200,Advisory fee
T000909,V0187,INV-94926,17 Jan 2025,£820.60,GBP,6000,Freight
T000910,V0143,INV-28530,2024-05-06,4357.18,GBP,6000,Software licence
T000911,V0147,INV-88204,02/07/2025,287.56,GBP,6400,Freight
T000912,V0022,INV-49936,2024-08-03,513.41,GBP,6500,Advisory fee
T000913,V0186,INV-55069,2024-08-04,530.77,GBP,6300,Advisory fee
T000914,V0132,INV-28671,13 Jun 2024,2287.46,GBP,6100,Office supplies
T000915,V0158,INV-43127,17 Jul 2024,363.28,GBP,6000,Office supplies
T000916,V0172,INV-84356,2024-02-25,548.36,GBP,6400,Ad spend
T000917,V0166,INV-82045,03/15/2024,£787.36,GBP,6200,Advisory fee
T000918,V0018,INV-42858,10/04/2024,£495.35,GBP,6100,Advisory fee
T000919,V0149,INV-73857,12/04/2024,246.89,GBP,6200,Office supplies
T000920,V0172,INV-95914,2024-08-28,499.45,GBP,6000,Air travel
T000921,V0159,INV-19149,2024-07-17,1314.22,GBP,6200,Ad spend
T000922,V0116,INV-53036,11/09/2024,130.43,GBP,6500,Freight
T000923,V0040,INV-84128,08/01/2025,466.97,GBP,6200,Ad spend
T000924,V0044,INV-10633,2024-11-16,186.77,GBP,6100,Office supplies
T000925,V0183,INV-93995,2025-03-22,,GBP,6200,Air travel
T000926,V0035,INV-99073,05/12/2024,75.53,GBP,6300,Ad spend
T000927,V0115,INV-57020,2024-11-08,218.15,GBP,6300,Freight
T000928,V0028,INV-33038,03/24/2024,610.9,GBP,6200,Office supplies
T000929,V0138,INV-35746,26 Sep 2024,"£2,257.64",GBP,6500,Advisory fee
T000930,V0020,INV-19882,20/01/2024,£375.28,GBP,6400,Advisory fee
T000931,V0008,INV-86269,18/02/2025,£219.05,GBP,6400,Office supplies
T000932,V0010,INV-82298,23/09/2024,3194.78,GBP,6400,Freight
T000933,V0121,INV-95709,01/06/2024,82.04,GBP,6200,Ad spend
T000934,V0058,INV-87280,24/10/2024,35.92,GBP,6100,Ad spend
T000935,V0129,INV-76900,2024-04-02,654.59,GBP,6300,Air travel
T000936,V0129,INV-11388,01/09/2024,232.23,GBP,6400,Advisory fee
T000937,V0043,INV-77388,23 May 2024,131.19,GBP,6300,Office supplies
T000938,V0046,INV-84233,05/29/2024,£879.36,GBP,6500,Advisory fee
T000939,V0124,INV-57028,02/11/2024,527.52,GBP,6100,Ad spend
T000940,V0060,INV-18239,09/27/2024,216.92,GBP,6200,Office supplies
T000941,V0011,INV-97632,30/07/2024,98.66,GBP,6400,Air travel
T000942,V0100,INV-71561,10 Apr 2025,1053.32,GBP,6000,Software licence
T000943,V0167,INV-52476,2024-04-15,£824.87,GBP,6500,Freight
T000944,V0163,INV-45847,26/09/2024,361.73,GBP,6400,Freight
T000945,V0146,INV-32786,20 Jan 2025,"3,075.74",GBP,6500,Ad spend
T000946,V0094,INV-87028,03/20/2024,124.33,GBP,6400,Air travel
T000947,V0097,INV-39215,2025-06-12,75.33,GBP,6300,Air travel
T000948,V0089,INV-73813,05/08/2025,188.46,GBP,6400,Software licence
T000949,V0129,INV-28214,26/03/2025,£383.70,GBP,6100,Office supplies
T000950,V0020,INV-77441,10/14/2024,£527.25,GBP,6100,Office supplies
T000951,V0048,INV-30625,2025-01-05,309.40,GBP,6400,Advisory fee
T000952,V0031,INV-96652,23 Aug 2024,594.23,GBP,6300,Air travel
T000953,V0185,INV-24855,2025-05-08,101.83,GBP,6500,Ad spend
T000954,V0123,INV-37617,14/06/2024,1974.64,GBP,6500,Ad spend
T000955,V0006,INV-41938,14 Feb 2024,368.57,GBP,6100,Freight
T000956,V0152,INV-31119,17/05/2024,1378.88,GBP,6500,Freight
T000957,V9802,INV-85008,05/30/2024,588.16,GBP,6000,Office supplies
T000958,V0067,INV-33597,06/13/2025,666.76,GBP,6300,Freight
T000959,V0145,INV-93574,20/01/2024,755.02,GBP,6500,Advisory fee
T000960,V0170,INV-47152,28/03/2024,£660.16,GBP,6100,Ad spend
T000961,V0156,INV-71789,08/05/2025,818.11,GBP,6100,Office supplies
T000962,V0106,INV-88753,26 May 2024,"£1,740.74",GBP,6400,Office supplies
T000963,V0160,INV-96461,06/07/2025,500.78,GBP,6200,Office supplies
T000964,V0186,INV-99861,16/12/2024,879.98,GBP,6300,Freight
T000965,V0152,INV-19023,08/23/2024,£365.51,GBP,6300,Ad spend
T000966,V0034,INV-24230,17 Jan 2024,"1,966.73",GBP,6100,Freight
T000967,V0130,INV-99701,05/03/2025,191.71,GBP,6100,Freight
T000968,V0025,INV-33255,2025-05-02,2924.96,GBP,6400,Freight
T000969,V0010,INV-79655,30 May 2025,£386.00,GBP,6000,Software licence
T000970,V0124,INV-96427,13/05/2024,83.61,GBP,6400,Freight
T000971,V0001,INV-98940,2025-03-17,464.48,GBP,6400,Ad spend
T000972,V0095,INV-15693,15 Mar 2025,190.73,GBP,6100,Ad spend
T000973,V0197,INV-59969,24/12/2024,1017.1,GBP,6400,Advisory fee
T000974,V0195,INV-85513,2024-04-10,196.79,GBP,6300,Office supplies
T000975,V0066,INV-72539,08/26/2024,246.95,GBP,6000,Air travel
T000976,V0154,INV-81267,22/02/2025,50.48,GBP,6200,Office supplies
T000977,V0002,INV-10932,06/19/2025,245.3,GBP,6000,Freight
T000978,V0002,INV-59155,29 Jul 2024,28.04,GBP,6500,Air travel
T000979,V0105,INV-57483,2024-04-19,70.65,GBP,6100,Ad spend
T000980,V0167,INV-86725,16 Sep 2024,931.18,GBP,6200,Freight
T000981,V0109,INV-84012,01/09/2025,957.55,GBP,6400,Air travel
T000982,V0175,INV-62095,2024-07-27,644.2,GBP,6300,Freight
T000983,V0143,INV-73238,02 Jul 2024,139.26,GBP,6200,Freight
T000984,V0143,INV-73407,16/09/2024,£382.80,GBP,6200,Freight
T000985,V0089,INV-62183,21 May 2024,£401.83,GBP,6500,Software licence
T000986,V0192,INV-40116,2025-04-02,112.82,GBP,6500,Office supplies
T000987,V0026,INV-38109,04 Jun 2025,"2,108.51",GBP,6300,Air travel
T000988,V0141,INV-90481,23/02/2024,1059.02,GBP,6100,Ad spend
T000989,V0163,INV-10693,03 Apr 2024,316.38,GBP,6100,Ad spend
T000990,V0154,INV-67065,31/03/2024,415.54,GBP,6000,Air travel
T000991,V0057,INV-58606,2024-03-22,£507.36,GBP,6400,Software licence
T000992,V0186,INV-60374,,£42.70,GBP,6400,Advisory fee
T000993,V0134,INV-47548,28 Feb 2024,307.39,GBP,6100,Advisory fee
T000994,V0127,INV-67536,11 Jan 2024,190.53,GBP,6100,Advisory fee
T000995,V0133,INV-47487,07/18/2024,134.05,GBP,6000,Freight
T000996,V0131,INV-77608,08/25/2024,296.13,GBP,6400,Office supplies
T000997,V0173,INV-14726,03/01/2025,2914.50,GBP,6100,Advisory fee
T000998,V0001,INV-30636,03/29/2024,£816.42,GBP,6200,Ad spend
T000999,V0091,INV-97773,08 Feb 2025,215.23,GBP,6300,Freight
T001000,V0052,INV-77861,16/01/2024,£757.36,GBP,6500,Advisory fee
T001001,V0018,INV-21818,10/18/2024,1880.50,GBP,6500,Freight
T001002,V0150,INV-55625,21/12/2024,"£1,115.54",GBP,6200,Office supplies
T001003,V0156,INV-35496,04/10/2025,430.78,GBP,6300,Freight
T001004,V0002,INV-44223,28 Jun 2024,198.02,GBP,6300,Freight
T001005,V0028,INV-83220,03/15/2024,869.61,GBP,6400,Air travel
T001006,V0088,INV-25336,09/06/2025,621.93,GBP,6200,Freight
T001007,V0148,INV-42786,29/03/2025,1080.0,GBP,6300,Freight
T001008,V0124,INV-41886,2024-12-13,811.34,GBP,6300,Advisory fee
T001009,V0118,INV-86916,01/29/2024,1279.86,GBP,6300,Software licence
T001010,V0067,INV-18854,2025-01-26,223.91,GBP,6500,Office supplies
T001011,V0174,INV-40137,19/11/2024,1718.37,GBP,6300,Air travel
T001012,V0133,INV-80208,10/01/2024,501.38,GBP,6500,Air travel
T001013,V0064,INV-47655,2024-04-05,"3,955.20",GBP,6300,Advisory fee
T001014,V0192,INV-54825,18/03/2024,189.03,GBP,6400,Office supplies
T001015,V0122,INV-51139,28 Dec 2024,2723.19,GBP,6100,Freight
T001016,V0069,INV-33957,2024-07-13,501.55,GBP,6300,Advisory fee
T001017,V0052,INV-40783,2024-09-04,£197.05,GBP,6200,Office supplies
T001018,V0059,INV-36577,2024-09-12,£236.92,GBP,6400,Air travel
T001019,V0040,INV-23983,02/05/2024,283.62,GBP,6000,Advisory fee
T001020,V0170,INV-74574,07/01/2024,643.28,GBP,6400,Software licence
T001021,V0124,INV-58653,2024-11-18,717.03,GBP,6300,Freight
T001022,V0071,INV-74330,2024-07-06,214.63,GBP,6400,Air travel
T001023,V0102,INV-39110,2024-05-11,392.76,GBP,6000,Freight
T001024,V0109,INV-72694,02/03/2024,"4,257.76",GBP,6400,Air travel
T001025,V0101,INV-99959,27 Jun 2024,"2,698.08",GBP,6300,Software licence
T001026,V0179,INV-77922,16/04/2025,651.94,GBP,6200,Advisory fee
T001027,V0003,INV-11549,03 Aug 2024,420.65,GBP,6300,Freight
T001028,V0026,INV-52655,2025-01-05,460.37,GBP,6400,Air travel
T001029,V0048,INV-81901,26/09/2024,792.24,GBP,6100,Air travel
T001030,V0121,INV-90358,,£130.96,GBP,6200,Office supplies
T001031,V0128,INV-65567,03 Aug 2024,303.96,GBP,6300,Advisory fee
T001032,V0193,INV-58799,01/08/2025,64.36,GBP,6300,Air travel
T001033,V0116,INV-33578,14 May 2024,625.87,GBP,6400,Advisory fee
T001034,V0059,INV-23090,03 Oct 2024,£822.14,GBP,6100,Freight
T001035,V0111,INV-59923,2024-07-19,£237.10,GBP,6100,Advisory fee
T001036,V0039,INV-71995,10/01/2024,"2,278.76",GBP,6100,Ad spend
T001037,V0128,INV-27625,13/06/2025,104.76,GBP,6400,Advisory fee
T001038,V0081,INV-73782,03/11/2024,£80.57,GBP,6200,Freight
T001039,V0146,INV-16253,11/02/2025,516.41,GBP,6000,Advisory fee
T001040,V0042,INV-17869,08/08/2024,1276.41,GBP,6200,Ad spend
T001041,V0162,INV-22622,05/04/2025,2571.69,GBP,6500,Air travel
T001042,V0067,INV-57312,03/01/2025,£243.53,GBP,6400,Freight
T001043,V0066,INV-55107,2024-01-21,1321.53,GBP,6300,Software licence
T001044,V0090,INV-99074,07/22/2024,386.7,GBP,6400,Freight
T001045,V0167,INV-95082,27/06/2024,333.66,GBP,6200,Air travel
T001046,V0084,INV-98236,06 Jun 2025,1066.38,GBP,6300,Advisory fee
T001047,V0115,INV-20277,01/25/2025,826.79,GBP,6400,Air travel
T001048,V0119,INV-92799,2024-05-28,£71.23,GBP,6100,Advisory fee
T001049,V0087,INV-65288,18 Feb 2025,2047.13,GBP,6000,Software licence
T001050,V9767,INV-55039,21/08/2024,"£1,841.07",GBP,6200,Air travel
T001051,V0168,INV-48188,2024-09-30,202.73,GBP,6400,Advisory fee
T001052,V0102,INV-45553,31/03/2025,623.52,GBP,6200,Advisory fee
T001053,V0151,INV-78280,04/06/2025,694.67,GBP,6300,Office supplies
T001054,V0048,INV-13027,2024-05-08,537.4,GBP,6500,Office supplies
T001055,V0170,INV-42983,22 Mar 2024,£220.23,GBP,6100,Office supplies
T001056,V0102,INV-23501,04/07/2024,£192.72,GBP,6000,Ad spend
T001057,V0141,INV-17055,27/01/2024,392.25,GBP,6300,Freight
T001058,V0196,INV-20911,04/16/2024,"£1,465.57",GBP,6200,Freight
T001059,V0040,INV-21050,03/02/2025,733.60,GBP,6200,Office supplies
T001060,V0064,INV-47247,2025-03-29,£268.36,GBP,6500,Office supplies
T001061,V0034,INV-79041,23/06/2024,942.81,GBP,6000,Software licence
T001062,V0170,INV-56771,2024-11-29,17.58,GBP,6300,Ad spend
T001063,V0139,INV-45705,03/31/2025,"£1,427.45",GBP,6100,Advisory fee
T001064,V0139,INV-33204,12/04/2025,£59.52,GBP,6500,Advisory fee
T001065,V0163,INV-83922,21/03/2025,£270.78,GBP,6400,Advisory fee
T001066,V0164,INV-79964,11/13/2024,117.73,GBP,6200,Ad spend
T001067,V0139,INV-39770,2024-04-01,£97.11,GBP,6300,Air travel
T001068,V0094,INV-64028,2024-09-23,1446.51,GBP,6100,Air travel
T001069,V0003,INV-10012,19/06/2025,241.18,GBP,6100,Air travel
T001070,V0074,INV-71498,01/09/2024,590.61,GBP,6500,Ad spend
T001071,V0194,INV-72530,2024-11-02,383.13,GBP,6000,Ad spend
T001072,V0075,INV-88250,24 Aug 2024,681.81,GBP,6000,Freight
T001073,V0096,INV-34716,2025-02-25,439.00,GBP,6400,Ad spend
T001074,V0102,INV-42754,16/06/2024,98.37,GBP,6500,Advisory fee
T001075,V0166,INV-61081,2025-01-22,1207.00,GBP,6100,Air travel
T001076,V0021,INV-65343,09/02/2024,,GBP,6400,Freight
T001077,V0178,INV-99737,05 Oct 2024,72.80,GBP,6200,Advisory fee
T001078,V0191,INV-79722,02 Oct 2024,251.91,GBP,6300,Office supplies
T001079,V0018,INV-33908,19/05/2024,2102.4,GBP,6200,Software licence
T001080,V0164,INV-69682,2025-04-08,1027.87,GBP,6200,Advisory fee
T001081,V0160,INV-74486,11/07/2024,274.92,GBP,6200,Software licence
T001082,V0039,INV-16505,01/23/2024,274.74,GBP,6100,Software licence
T001083,V0073,INV-45283,08 May 2024,283.21,GBP,6500,Ad spend
T001084,V0187,INV-11075,08/26/2024,"3,961.68",GBP,6000,Office supplies
T001085,V0004,INV-74694,10/08/2024,£614.08,GBP,6200,Ad spend
T001086,V9433,INV-75325,2025-01-15,647.45,GBP,6300,Advisory fee
T001087,V0009,INV-53286,2024-03-23,1253.02,GBP,6100,Software licence
T001088,V0069,INV-61435,14/03/2024,524.62,GBP,6400,Ad spend
T001089,V0047,INV-35191,13/09/2024,£303.40,GBP,6300,Software licence
T001090,V0032,INV-42631,01/29/2025,325.06,GBP,6300,Office supplies
T001091,V0189,INV-14392,2024-07-22,372.87,GBP,6300,Advisory fee
T001092,V0198,INV-22315,17 Jun 2025,£387.24,GBP,6500,Office supplies
T001093,V0122,INV-61003,15 Nov 2024,898.2,GBP,6200,Office supplies
T001094,V0162,INV-15529,06/17/2025,427.15,GBP,6000,Air travel
T001095,V0124,INV-93692,01/11/2024,903.16,GBP,6100,Air travel
T001096,V0014,INV-97385,11 Aug 2024,369.15,GBP,6000,Office supplies
T001097,V0163,INV-66906,28 Nov 2024,£439.88,GBP,6000,Office supplies
T001098,V0071,INV-86637,02 May 2024,44.79,GBP,6300,Office supplies
T001099,V0003,INV-15504,01 May 2025,"£1,105.40",GBP,6500,Freight
T001100,V0040,INV-58679,2024-04-01,590.60,GBP,6100,Office supplies
T001101,V0128,INV-21980,12/12/2024,1209.32,GBP,6500,Software licence
T001102,V0016,INV-56598,06/06/2024,16.68,GBP,6500,Freight
T001103,V0028,INV-26492,2025-05-14,"£4,012.67",GBP,6100,Air travel
T001104,V0143,INV-94495,2024-12-21,346.0,GBP,6300,Advisory fee
T001105,V9972,INV-12798,21 Jan 2025,"£1,365.12",GBP,6200,Advisory fee
T001106,V0035,INV-42859,10/02/2024,128.52,GBP,6300,Advisory fee
T001107,V0113,INV-83272,28 Oct 2024,791.6,GBP,6400,Advisory fee
T001108,V0126,INV-34874,10 Jul 2024,126.63,GBP,6400,Air travel
T001109,V0083,INV-71393,08/10/2024,£203.13,GBP,6400,Freight
T001110,V0042,INV-19027,07/06/2024,"£9,999.00",GBP,6300,Air travel
T001111,V0068,INV-80989,10 Jan 2025,327.09,GBP,6300,Software licence
T001112,V0199,INV-93627,2025-06-02,512.44,GBP,6300,Advisory fee
T001113,V0048,INV-12453,2025-01-07,1050.56,GBP,6400,Office supplies
T001114,V0083,INV-18302,2025-01-31,£695.93,GBP,6100,Freight
T001115,V0175,INV-75214,06/06/2024,£476.02,GBP,6400,Air travel
T001116,V0083,INV-63713,25/11/2024,602.72,GBP,6000,Software licence
T001117,V0134,INV-96362,09 Mar 2024,5674.61,GBP,6000,Office supplies
T001118,V0046,INV-14099,2024-07-25,378.65,GBP,6000,Ad spend
T001119,V0050,INV-22943,02/02/2024,£503.31,GBP,6400,Advisory fee
T001120,V0100,INV-96235,16 May 2025,"£1,281.41",GBP,6400,Freight
T001121,V0180,INV-87371,09/19/2024,"£1,361.14",GBP,6000,Air travel
T001122,V0057,INV-89423,03/13/2024,1488.81,GBP,6000,Office supplies
T001123,V0168,INV-74409,22/03/2024,814.52,GBP,6300,Advisory fee
T001124,V0016,INV-57307,01 Mar 2025,£114.74,GBP,6200,Advisory fee
T001125,V0015,INV-90862,09/29/2024,2432.74,GBP,6400,Software licence
T001126,V0188,INV-19225,07 Nov 2024,114.32,GBP,6000,Office supplies
T001127,V0133,INV-22729,13/04/2024,562.79,GBP,6500,Office supplies
T001128,V0137,INV-60506,07/13/2024,£175.97,GBP,6100,Freight
T001129,V0169,INV-42605,2024-07-02,375.95,GBP,6400,Advisory fee
T001130,V0143,INV-64419,18 Apr 2024,579.19,GBP,6500,Freight
T001131,V0092,INV-98407,04/14/2025,574.50,GBP,6500,Advisory fee
T001132,V0110,INV-23644,19 Jun 2024,641.69,GBP,6100,Freight
T001133,V0103,INV-76151,2024-12-11,2380.54,GBP,6500,Office supplies
T001134,V0137,INV-88632,29 Mar 2025,664.40,GBP,6200,Air travel
T001135,V0141,INV-52553,15/01/2025,308.41,GBP,6300,Advisory fee
T001136,V0111,INV-52395,03/09/2024,"£1,165.02",GBP,6400,Freight
T001137,V0055,INV-59160,2024-09-17,"1,492.81",GBP,6200,Ad spend
T001138,V0115,INV-62047,01/01/2024,9500.00,GBP,6500,Software licence
T001139,V0073,INV-88087,2024-01-17,£778.32,GBP,6400,Office supplies
T001140,V0078,INV-10860,11/03/2024,872.44,GBP,6100,Office supplies
T001141,V0081,INV-12844,10/09/2024,290.81,GBP,6400,Freight
T001142,V0143,INV-84798,06/07/2024,"£1,832.21",GBP,6000,Software licence
T001143,V0118,INV-56616,06/08/2024,342.04,GBP,6100,Air travel
T001144,V0094,INV-86304,2024-09-12,£463.19,GBP,6100,Air travel
T001145,V0077,INV-22046,02/13/2025,333.49,GBP,6400,Office supplies
T001146,V0188,INV-20118,28/11/2024,410.4,GBP,6300,Office supplies
T001147,V0125,INV-85527,07/04/2024,£120.80,GBP,6400,Advisory fee
T001148,V0077,INV-14898,2025-01-25,82.76,GBP,6000,Software licence
T001149,V0198,INV-53829,2024-12-22,"£2,330.77",GBP,6300,Ad spend
T001150,V0031,INV-39716,2024-01-12,£158.91,GBP,6500,Advisory fee
T001151,V0098,INV-17094,11/08/2024,135.57,GBP,6400,Software licence
T001152,V0082,INV-80769,2024-06-02,37.76,GBP,6200,Freight
T001153,V0179,INV-38940,2024-06-05,£199.77,GBP,6000,Advisory fee
T001154,V0188,INV-61495,01 Apr 2025,94.12,GBP,6400,Freight
T001155,V0130,INV-21807,15 Aug 2024,2455.82,GBP,6300,Air travel
T001156,V0101,INV-29400,15/05/2024,1225.13,GBP,6200,Software licence
T001157,V0122,INV-84899,2024-02-20,189.24,GBP,6400,Ad spend
T001158,V0068,INV-21151,12/02/2025,4806.28,GBP,6400,Ad spend
T001159,V0199,INV-27088,05/18/2024,"£1,187.90",GBP,6300,Freight
T001160,V0051,INV-73944,08/02/2025,282.22,GBP,6500,Freight
T001161,V0051,INV-83553,2025-06-20,25.81,GBP,6100,Office supplies
T001162,V0019,INV-44898,16/03/2025,"£5,014.24",GBP,6200,Advisory fee
T001163,V0148,INV-21743,25 Apr 2024,87.49,GBP,6500,Ad spend
T001164,V0109,INV-57876,2024-12-22,66.03,GBP,6100,Air travel
T001165,V0089,INV-87840,25/01/2024,1242.43,GBP,6200,Office supplies
T001166,V0090,INV-90769,03/28/2025,5906.02,GBP,6400,Office supplies
T001167,V0113,INV-15882,08/27/2024,1849.55,GBP,6100,Advisory fee
T001168,V0096,INV-30446,2024-03-28,£750.17,GBP,6000,Advisory fee
T001169,V0014,INV-41856,05/31/2024,776.06,GBP,6200,Software licence
T001170,V0088,INV-24585,2024-11-08,1031.49,GBP,6300,Ad spend
T001171,V0006,INV-53499,02/08/2024,£929.66,GBP,6500,Freight
T001172,V0055,INV-36712,06/19/2025,549.67,GBP,6200,Freight
T001173,V0124,INV-91663,24/05/2024,452.42,GBP,6500,Advisory fee
T001174,V0172,INV-12410,2025-01-20,376.59,GBP,6400,Advisory fee
T001175,V0135,INV-15699,09/18/2024,176.03,GBP,6100,Software licence
T001176,V0073,INV-36305,2024-10-04,296.27,GBP,6000,Ad spend
T001177,V0168,INV-11092,09/03/2024,£62.66,GBP,6300,Advisory fee
T001178,V0070,INV-96898,2025-01-03,362.07,GBP,6000,Software licence
T001179,V0075,INV-95119,2025-01-30,135.99,GBP,6100,Ad spend
T001180,V0131,INV-23055,19 Nov 2024,119.83,GBP,6300,Freight
T001181,V0137,INV-21537,09 Jul 2024,"9,999.00",GBP,6100,Freight
T001182,V0118,INV-83490,23/01/2024,"1,865.35",GBP,6000,Office supplies
T001183,V0136,INV-49967,2024-12-07,"£1,107.82",GBP,6300,Ad spend
T001184,V0191,INV-30578,01/19/2024,£71.70,GBP,6200,Advisory fee
T001185,V0091,INV-56580,05/11/2024,135.83,GBP,6100,Freight
T001186,V0071,INV-18127,2024-09-20,1135.52,GBP,6300,Software licence
T001187,V0143,INV-46725,08/18/2024,£136.90,GBP,6100,Air travel
T001188,V0101,INV-96105,20/05/2024,315.10,GBP,6000,Advisory fee
T001189,V0098,INV-78251,20 Aug 2024,738.82,GBP,6300,Office supplies
T001190,V0147,INV-30021,03/12/2025,139.05,GBP,6200,Freight
T001191,V0085,INV-68873,14 May 2024,£453.01,GBP,6100,Advisory fee
T001192,V0036,INV-86156,26/07/2024,93.00,GBP,6100,Air travel
T001193,V0177,INV-78656,18 May 2024,£208.20,GBP,6300,Office supplies
T001194,V0168,INV-84035,06/10/2024,£573.50,GBP,6200,Software licence
T001195,V0143,INV-79856,01 May 2024,69.94,GBP,6100,Air travel
T001196,V0038,INV-13864,11/22/2024,654.93,GBP,6300,Ad spend
T001197,V0078,INV-68065,07/10/2024,394.81,GBP,6100,Office supplies
T001198,V0028,INV-27241,08/07/2024,£740.81,GBP,6000,Freight
T001199,V0158,INV-44978,24 Aug 2024,,GBP,6400,Office supplies
T001200,V0060,INV-13418,02 Jan 2025,1809.05,GBP,6000,Advisory fee
T001201,V0200,INV-72469,2024-05-17,463.01,GBP,6400,Freight
T001202,V0121,INV-95140,01/17/2025,251.55,GBP,6100,Ad spend
T001203,V0126,INV-72108,20 May 2024,461.52,GBP,6100,Office supplies
T001204,V0058,INV-14224,22/02/2025,733.35,GBP,6000,Air travel
T001205,V0106,INV-39170,2024-07-26,£425.70,GBP,6100,Software licence
T001206,V0046,INV-67577,16 May 2025,421.85,GBP,6500,Air travel
T001207,V0118,INV-42346,13/03/2025,£186.38,GBP,6300,Software licence
T001208,V0156,INV-59856,11/16/2024,194.57,GBP,6300,Freight
T001209,V0191,INV-84964,06/21/2025,£86.24,GBP,6500,Advisory fee
T001210,V0010,INV-78242,2024-04-21,2764.28,GBP,6300,Ad spend
T001211,V0011,INV-42207,15/06/2025,102.69,GBP,6400,Ad spend
T001212,V0189,INV-15144,2025-01-31,188.26,GBP,6400,Advisory fee
T001213,V0013,INV-34884,10/25/2024,183.05,GBP,6300,Ad spend
T001214,V0078,INV-47475,17/04/2025,1079.68,GBP,6100,Ad spend
T001215,V0076,INV-90364,2024-02-25,291.65,GBP,6500,Freight
T001216,V0037,INV-70762,07 Apr 2025,"1,591.63",GBP,6000,Advisory fee
T001217,V0129,INV-24833,07/03/2024,192.32,GBP,6400,Advisory fee
T001218,V0140,INV-27734,2025-02-06,548.34,GBP,6300,Air travel
T001219,V0116,INV-13265,02/07/2024,£160.95,GBP,6300,Freight
T001220,V0183,INV-36467,10 Apr 2025,4271.26,GBP,6000,Air travel
T001221,V0083,INV-95010,16 Jun 2024,109.25,GBP,6500,Advisory fee
T001222,V0032,INV-21952,2024-04-26,567.25,GBP,6500,Ad spend
T001223,V0163,INV-57571,2024-03-28,810.10,GBP,6400,Advisory fee
T001224,V0099,INV-77065,06/12/2024,635.99,GBP,6300,Freight
T001225,V0098,INV-15754,23 Jun 2024,329.04,GBP,6200,Freight
T001226,V0169,INV-29672,15 Jun 2024,£349.74,GBP,6100,Office supplies
T001227,V0197,INV-16725,05 Mar 2025,423.35,GBP,6200,Air travel
T001228,V0187,INV-68491,10/22/2024,343.19,GBP,6500,Office supplies
T001229,V0031,INV-27245,26 Jul 2024,"1,164.76",GBP,6000,Freight
T001230,V0196,INV-43175,01/13/2024,"£9,500.00",GBP,6300,Ad spend
T001231,V0128,INV-81237,2024-01-06,218.49,GBP,6400,Ad spend
T001232,V0061,INV-38426,05/02/2025,£89.41,GBP,6300,Ad spend
T001233,V0114,INV-20407,07 Jan 2024,£366.09,GBP,6100,Freight
T001234,V0072,INV-91233,31 Jul 2024,"£6,888.99",GBP,6000,Office supplies
T001235,V0038,INV-17217,23/12/2024,166.66,GBP,6000,Office supplies
T001236,V0009,INV-97424,2024-11-01,2448.0,GBP,6200,Software licence
T001237,V0013,INV-24272,02 Mar 2025,2554.14,GBP,6100,Office supplies
T001238,V0173,INV-47274,30 Jun 2024,219.43,GBP,6300,Advisory fee
T001239,V0149,INV-57210,2024-02-06,754.37,GBP,6000,Air travel
T001240,V0083,INV-58309,23 Jan 2025,"£2,419.31",GBP,6000,Ad spend
T001241,V0141,INV-18509,2024-10-26,265.86,GBP,6300,Office supplies
T001242,V0032,INV-45968,03 Dec 2024,322.49,GBP,6400,Ad spend
T001243,V0135,INV-37504,02 Aug 2024,212.76,GBP,6400,Software licence
T001244,V0028,INV-84890,03/30/2024,132.13,GBP,6300,Advisory fee
T001245,V0177,INV-89269,10/21/2024,197.51,GBP,6300,Freight
T001246,V0082,INV-44034,22 Jun 2025,£104.97,GBP,6400,Freight
T001247,V0091,INV-27001,2025-05-23,£418.84,GBP,6400,Advisory fee
T001248,V0162,INV-75239,19/05/2025,£172.95,GBP,6100,Freight
T001249,V0060,INV-48074,2024-07-17,£521.74,GBP,6000,Software licence
T001250,V0007,INV-70933,2024-04-30,72.86,GBP,6500,Office supplies
T001251,V0158,INV-64346,02/27/2025,580.55,GBP,6000,Air travel
T001252,V0090,INV-83454,08/05/2024,1009.17,GBP,6000,Advisory fee
T001253,V0052,INV-46913,17 Sep 2024,45.01,GBP,6000,Air travel
T001254,V0077,INV-76412,27/11/2024,608.78,GBP,6000,Software licence
T001255,V0176,INV-53684,2024-12-15,1556.88,GBP,6300,Advisory fee
T001256,V0146,INV-90739,2024-01-30,106.63,GBP,6100,Office supplies
T001257,V0085,INV-54294,2025-05-05,"2,539.77",GBP,6300,Software licence
T001258,V0166,INV-27793,08/05/2025,£639.65,GBP,6100,Advisory fee
T001259,V0118,INV-80381,09 Dec 2024,185.77,GBP,6300,Ad spend
T001260,V0191,INV-17342,2025-06-17,379.42,GBP,6200,Freight
T001261,V0186,INV-98892,19 Nov 2024,£745.58,GBP,6400,Freight
T001262,V0005,INV-37297,2024-12-05,438.61,GBP,6200,Software licence
T001263,V0039,INV-46760,01 Feb 2024,£729.70,GBP,6200,Ad spend
T001264,V0161,INV-80028,2024-06-18,146.53,GBP,6400,Freight
T001265,V0100,INV-34560,04/29/2024,486.04,GBP,6200,Advisory fee
T001266,V0081,INV-14145,10/05/2024,85.19,GBP,6300,Software licence
T001267,V0128,INV-41148,2025-01-15,356.97,GBP,6300,Air travel
T001268,V0056,INV-78825,2024-11-05,149.26,GBP,6100,Software licence
T001269,V0096,INV-14901,25 Jul 2024,"£9,500.00",GBP,6000,Ad spend
T001270,V0130,INV-13268,09 May 2025,"1,571.37",GBP,6400,Office supplies
T001271,V0049,INV-54579,05/10/2025,1340.02,GBP,6500,Freight
T001272,V0080,INV-52904,26 May 2024,788.44,GBP,6000,Freight
T001273,V0174,INV-27395,29 Jul 2024,121.32,GBP,6500,Software licence
T001274,V0118,INV-60801,18 Jun 2025,284.85,GBP,6000,Software licence
T001275,V0080,INV-15771,2024-03-30,"1,532.12",GBP,6200,Ad spend
T001276,V0012,INV-23513,2025-06-17,471.49,GBP,6500,Advisory fee
T001277,V0080,INV-12946,2024-11-15,5173.28,GBP,6500,Office supplies
T001278,V0083,INV-36287,2024-07-16,621.82,GBP,6200,Air travel
T001279,V0137,INV-51831,27 Mar 2025,498.33,GBP,6500,Software licence
T001280,V0070,INV-29571,2024-06-10,287.14,GBP,6200,Software licence
T001281,V0004,INV-91650,2025-06-10,467.26,GBP,6000,Office supplies
T001282,V0139,INV-55916,22 Nov 2024,341.14,GBP,6200,Office supplies
T001283,V0181,INV-47128,09/07/2024,879.12,GBP,6100,Software licence
T001284,V0080,INV-90381,12 Dec 2024,1155.6,GBP,6400,Ad spend
T001285,V0013,INV-27049,30 Jan 2024,£169.93,GBP,6300,Advisory fee
T001286,V0013,INV-23884,27 Jan 2025,93.28,GBP,6000,Software licence
T001287,V0110,INV-61369,07/02/2024,£53.53,GBP,6500,Freight
T001288,V0152,INV-92505,04/01/2025,£705.42,GBP,6400,Air travel
T001289,V0080,INV-53559,21/07/2024,£119.86,GBP,6500,Advisory fee
T001290,V0137,INV-20295,21 Apr 2025,90000.00,GBP,6400,Office supplies
T001291,V0024,INV-71377,04/09/2024,618.59,GBP,6300,Air travel
T001292,V0176,INV-94465,21 Apr 2025,"6,262.28",GBP,6300,Office supplies
T001293,V0058,INV-28837,21/09/2024,£400.74,GBP,6200,Ad spend
T001294,V0047,INV-97186,04 Dec 2024,9500.00,GBP,6200,Ad spend
T001295,V0125,INV-13966,03/07/2024,441.43,GBP,6300,Software licence
T001296,V0090,INV-72737,2025-04-17,361.85,GBP,6100,Air travel
T001297,V0197,INV-55693,10 May 2024,"£1,108.75",GBP,6400,Software licence
T001298,V0104,INV-24022,29/11/2024,£293.15,GBP,6400,Advisory fee
T001299,V0019,INV-49599,17 Apr 2025,541.39,GBP,6300,Freight
T001300,V0106,INV-41270,09/06/2024,574.71,GBP,6400,Office supplies
T001301,V0124,INV-60307,03/08/2024,193.47,GBP,6200,Office supplies
T001302,V0178,INV-87459,17/03/2025,1201.40,GBP,6300,Freight
T001303,V0088,INV-81372,29 Aug 2024,332.8,GBP,6100,Advisory fee
T001304,V0172,INV-20209,05/13/2025,£175.68,GBP,6000,Freight
T001305,V0153,INV-70674,11/29/2024,£727.90,GBP,6400,Software licence
T001306,V0114,INV-33091,2024-11-11,150.16,GBP,6300,Software licence
T001307,V0154,INV-24253,2025-01-23,416.13,GBP,6200,Ad spend
T001308,V0166,INV-96529,03/03/2024,399.40,GBP,6000,Office supplies
T001309,V0036,INV-86122,2024-01-01,"£1,332.06",GBP,6100,Advisory fee
T001310,V0039,INV-69372,10/25/2024,680.05,GBP,6300,Freight
T001311,V0148,INV-68610,19 Jul 2024,£392.47,GBP,6100,Advisory fee
T001312,V0082,INV-49286,2024-11-07,991.82,GBP,6300,Advisory fee
T001313,V0089,INV-21703,2024-01-09,"£1,861.67",GBP,6400,Freight
T001314,V0104,INV-26718,2024-10-28,745.15,GBP,6000,Air travel
T001315,V0141,INV-16963,01/01/2024,408.05,GBP,6500,Freight
T001316,V0092,INV-24378,2024-10-15,95.3,GBP,6000,Office supplies
T001317,V0111,INV-87353,02/07/2025,125.01,GBP,6500,Air travel
T001318,V0183,INV-60173,19 Feb 2025,£288.37,GBP,6300,Ad spend
T001319,V0140,INV-37684,26/06/2024,206.34,GBP,6300,Office supplies
T001320,V0049,INV-82800,28 Jan 2025,328.43,GBP,6200,Ad spend
T001321,V0040,INV-47810,2024-05-08,£429.37,GBP,6100,Software licence
T001322,V0019,INV-94985,2024-01-17,722.46,GBP,6100,Advisory fee
T001323,V0125,INV-96235,23 Mar 2025,£373.33,GBP,6100,Software licence
T001324,V0036,INV-94180,01 Mar 2025,£688.94,GBP,6300,Advisory fee
T001325,V0155,INV-65797,2024-07-03,£433.08,GBP,6300,Freight
T001326,V0109,INV-82358,05 Apr 2025,45.92,GBP,6300,Air travel
T001327,V0058,INV-34352,10/03/2025,143.56,GBP,6400,Software licence
T001328,V0148,INV-75294,2024-08-30,344.3,GBP,6500,Freight
T001329,V0069,INV-63849,10 Jan 2025,106.63,GBP,6000,Software licence
T001330,V0146,INV-73342,2025-01-12,780.49,GBP,6000,Freight
T001331,V0124,INV-20494,05/25/2024,2172.92,GBP,6500,Advisory fee
T001332,V0135,INV-46624,2025-04-21,1541.7,GBP,6400,Software licence
T001333,V0134,INV-89963,03/31/2024,319.01,GBP,6100,Ad spend
T001334,V0162,INV-96997,20 Mar 2024,2079.33,GBP,6500,Advisory fee
T001335,V0139,INV-85973,2024-11-15,475.10,GBP,6400,Software licence
T001336,V0088,INV-80127,01/12/2024,278.44,GBP,6300,Ad spend
T001337,V0132,INV-71503,05 Dec 2024,205.46,GBP,6300,Air travel
T001338,V0076,INV-47907,06/20/2024,289.25,GBP,6000,Advisory fee
T001339,V0153,INV-49855,09/23/2024,263.22,GBP,6000,Advisory fee
T001340,V0122,INV-85778,06/22/2024,486.61,GBP,6400,Software licence
T001341,V0169,INV-48240,28/01/2024,481.37,GBP,6200,Ad spend
T001342,V0022,INV-26622,2025-06-01,404.78,GBP,6000,Air travel
T001343,V0065,INV-27372,2024-10-14,652.38,GBP,6200,Air travel
T001344,V0004,INV-24621,27/06/2024,1494.74,GBP,6400,Advisory fee
T001345,V0039,INV-96396,02/04/2025,1146.55,GBP,6200,Office supplies
T001346,V0067,INV-40958,11/05/2025,£78.78,GBP,6100,Freight
T001347,V0009,INV-54937,2024-03-27,24.31,GBP,6100,Freight
T001348,V0040,INV-75004,02/26/2025,"1,127.49",GBP,6300,Office supplies
T001349,V0170,INV-67695,06/20/2024,89.70,GBP,6100,Freight
T001350,V0188,INV-55229,02/25/2024,315.06,GBP,6500,Air travel
T001351,V0194,INV-25203,2024-02-23,111.37,GBP,6100,Ad spend
T001352,V0103,INV-72420,04/11/2024,55.58,GBP,6300,Advisory fee
T001353,V0193,INV-79798,27 Aug 2024,£731.87,GBP,6300,Advisory fee
T001354,V0181,INV-61127,30 Apr 2025,929.89,GBP,6200,Office supplies
T001355,V0136,INV-66981,01/13/2024,213.97,GBP,6200,Ad spend
T001356,V0098,INV-98931,2024-11-19,23.33,GBP,6400,Advisory fee
T001357,V0011,INV-22761,12/28/2024,221.21,GBP,6300,Freight
T001358,V0167,INV-45728,09 Dec 2024,620.78,GBP,6200,Air travel
T001359,V0026,INV-43468,04 Feb 2025,79.30,GBP,6300,Advisory fee
T001360,V0192,INV-41692,18 Jul 2024,493.59,GBP,6400,Air travel
T001361,V0174,INV-33582,11/16/2024,£396.69,GBP,6400,Software licence
T001362,V0173,INV-11110,03/10/2024,762.97,GBP,6000,Ad spend
T001363,V0026,INV-78847,16 Apr 2024,£460.14,GBP,6500,Ad spend
T001364,V0090,INV-38759,17 Oct 2024,138.33,GBP,6200,Office supplies
T001365,V0009,INV-13106,04/04/2024,1504.52,GBP,6000,Freight
T001366,V0169,INV-38419,04 May 2024,338.87,GBP,6500,Software licence
T001367,V0023,INV-89257,13 May 2024,391.49,GBP,6300,Advisory fee
T001368,V0196,INV-94922,2024-07-08,144.52,GBP,6000,Advisory fee
T001369,V0048,INV-43205,28/10/2024,247.74,GBP,6300,Advisory fee
T001370,V0020,INV-93726,09/04/2025,152.43,GBP,6200,Ad spend
T001371,V0178,INV-97500,2024-11-27,£333.54,GBP,6200,Office supplies
T001372,V0200,INV-19698,2024-10-10,2651.50,GBP,6000,Ad spend
T001373,V0100,INV-53601,02/03/2024,89.20,GBP,6200,Air travel
T001374,V0046,INV-67747,03/12/2024,68.38,GBP,6300,Office supplies
T001375,V0157,INV-61463,01/07/2024,,GBP,6500,Ad spend
T001376,V0028,INV-28857,17 Mar 2025,£320.46,GBP,6100,Freight
T001377,V0165,INV-23926,28 Mar 2025,193.26,GBP,6500,Air travel
T001378,V0027,INV-14569,03/15/2024,"£1,266.35",GBP,6000,Freight
T001379,V0187,INV-42846,01/04/2025,207.23,GBP,6000,Ad spend
T001380,V0039,INV-95572,01/01/2024,"£3,006.74",GBP,6000,Advisory fee
T001381,V0100,INV-44922,04 Jun 2024,850.41,GBP,6500,Air travel
T001382,V0101,INV-85319,2024-01-04,235.87,GBP,6400,Advisory fee
T001383,V0198,INV-74314,04 May 2025,4328.77,GBP,6300,Ad spend
T001384,V0187,INV-19188,19 Aug 2024,£207.21,GBP,6000,Ad spend
T001385,V0177,INV-73185,04 May 2024,£912.61,GBP,6400,Freight
T001386,V0092,INV-53704,2024-11-06,560.72,GBP,6300,Software licence
T001387,V0162,INV-94813,2024-04-02,"£1,689.04",GBP,6200,Freight
T001388,V0088,INV-20545,15 Apr 2025,"2,247.70",GBP,6200,Advisory fee
T001389,V0052,INV-33149,02/10/2024,417.88,GBP,6300,Advisory fee
T001390,V0049,INV-49173,03 Feb 2025,176.13,GBP,6000,Advisory fee
T001391,V0177,INV-57089,13 May 2025,669.12,GBP,6000,Advisory fee
T001392,V0113,INV-34833,05/23/2024,191.43,GBP,6000,Office supplies
T001393,V0007,INV-87718,01/09/2024,3694.96,GBP,6300,Ad spend
T001394,V0017,INV-80851,11/11/2024,468.81,GBP,6300,Freight
T001395,V0116,INV-12151,07 Feb 2024,269.93,GBP,6200,Software licence
T001396,V0087,INV-15611,02/19/2025,494.30,GBP,6000,Office supplies
T001397,V0168,INV-97466,2025-06-19,91.67,GBP,6300,Advisory fee
T001398,V0138,INV-29523,08/26/2024,138.55,GBP,6000,Software licence
T001399,V0189,INV-28558,15/05/2025,"1,510.89",GBP,6500,Software licence
T001400,V0121,INV-91051,02/16/2024,195.86,GBP,6100,Advisory fee
T001401,V0167,INV-27109,01/15/2024,£127.54,GBP,6100,Advisory fee
T001402,V0013,INV-50283,04/09/2024,728.01,GBP,6300,Freight
T001403,V0044,INV-87469,03/06/2024,1486.64,GBP,6000,Software licence
T001404,V0128,INV-87984,13 Aug 2024,£889.67,GBP,6000,Office supplies
T001405,V0110,INV-54216,02/15/2025,1206.71,GBP,6200,Software licence
T001406,V0176,INV-85493,20/05/2024,175.48,GBP,6200,Office supplies
T001407,V0196,INV-15975,06/26/2024,84.44,GBP,6200,Software licence
T001408,V0031,INV-45899,2024-05-24,2103.73,GBP,6300,Office supplies
T001409,V0179,INV-58487,17 Jun 2024,282.89,GBP,6300,Office supplies
T001410,V0149,INV-15334,16/05/2024,306.15,GBP,6000,Advisory fee
T001411,V0157,INV-59300,10 Jun 2024,"1,738.91",GBP,6000,Ad spend
T001412,V0021,INV-10832,08/01/2024,£743.86,GBP,6100,Software licence
T001413,V0181,INV-95426,17 Oct 2024,666.12,GBP,6300,Advisory fee
T001414,V0198,INV-72391,2024-05-09,4365.56,GBP,6100,Office supplies
T001415,V0164,INV-45513,2025-06-19,9500.0,GBP,6300,Ad spend
T001416,V0062,INV-32878,02/08/2024,1119.49,GBP,6400,Office supplies
T001417,V0184,INV-75521,2024-03-31,£429.54,GBP,6500,Air travel
T001418,V0090,INV-64891,01/05/2024,542.1,GBP,6400,Office supplies
T001419,V0050,INV-25401,07/04/2024,2167.47,GBP,6400,Air travel
T001420,V0195,INV-80742,06/03/2025,705.3,GBP,6100,Ad spend
T001421,V0198,INV-92111,01 Aug 2024,729.33,GBP,6200,Software licence
T001422,V0050,INV-24769,06/01/2024,"£1,312.59",GBP,6500,Ad spend
T001423,V0128,INV-33111,06/12/2024,270.04,GBP,6500,Software licence
T001424,V0014,INV-94523,01/07/2025,160.27,GBP,6200,Office supplies
T001425,V0112,INV-42949,12/08/2024,127.83,GBP,6400,Ad spend
T001426,V0012,INV-23686,02/23/2024,46.39,GBP,6400,Office supplies
T001427,V0041,INV-13809,05/11/2025,3873.17,GBP,6400,Software licence
T001428,V0019,INV-40841,2025-03-31,£119.88,GBP,6400,Freight
T001429,V0084,INV-64927,2024-07-22,316.28,GBP,6500,Advisory fee
T001430,V0084,INV-40154,2024-04-22,297.53,GBP,6200,Office supplies
T001431,V0026,INV-41079,26/02/2025,565.75,GBP,6100,Ad spend
T001432,V0057,INV-19637,27 Apr 2025,989.61,GBP,6400,Ad spend
T001433,V0014,INV-67129,28/05/2024,1039.53,GBP,6100,Freight
T001434,V0117,INV-33338,01/31/2025,212.43,GBP,6200,Office supplies
T001435,V0118,INV-35448,02 Jan 2025,£335.68,GBP,6200,Office supplies
T001436,V0086,INV-26673,02/02/2024,550.51,GBP,6500,Freight
T001437,V0016,INV-46779,19 May 2024,£306.87,GBP,6000,Ad spend
T001438,V0118,INV-64817,24/06/2024,"2,363.93",GBP,6200,Office supplies
T001439,V0076,INV-89119,2024-06-09,692.34,GBP,6500,Freight
T001440,V0044,INV-85775,08/23/2024,905.39,GBP,6000,Ad spend
T001441,V0134,INV-74122,08/09/2024,836.45,GBP,6400,Ad spend
T001442,V0119,INV-46591,01/15/2024,1466.77,GBP,6500,Ad spend
T001443,V0189,INV-42329,2024-09-10,£492.32,GBP,6200,Ad spend
T001444,V0149,INV-39151,01 Jun 2024,£96.88,GBP,6400,Software licence
T001445,V0107,INV-15796,02/11/2024,£626.19,GBP,6300,Advisory fee
T001446,V0197,INV-76088,02/04/2024,197.06,GBP,6300,Freight
T001447,V0101,INV-72818,10 Apr 2024,225.55,GBP,6300,Ad spend
T001448,V0062,INV-20890,2024-01-13,768.93,GBP,6500,Advisory fee
T001449,V0105,INV-38574,2024-05-15,1575.16,GBP,6200,Air travel
T001450,V0062,INV-94887,02 Apr 2024,£412.98,GBP,6000,Ad spend
T001451,V0172,INV-49955,06/14/2024,566.64,GBP,6500,Ad spend
T001452,V0147,INV-86501,25/01/2024,2623.95,GBP,6300,Ad spend
T001453,V0198,INV-28169,02/19/2025,£525.75,GBP,6100,Air travel
T001454,V0161,INV-70856,01/02/2024,7057.54,GBP,6500,Software licence
T001455,V0099,INV-53634,2024-02-03,751.49,GBP,6200,Ad spend
T001456,V0193,INV-45361,31 Jul 2024,58.16,GBP,6500,Software licence
T001457,V0159,INV-54000,26 Feb 2024,923.97,GBP,6400,Advisory fee
T001458,V0094,INV-16758,04/23/2024,613.56,GBP,6300,Air travel
T001459,V0120,INV-91151,02/11/2024,1666.91,GBP,6200,Air travel
T001460,V0045,INV-94957,03/09/2024,£845.98,GBP,6400,Advisory fee
T001461,V0199,INV-36832,2024-05-21,£346.44,GBP,6200,Office supplies
T001462,V0139,INV-24884,04 May 2025,104.93,GBP,6500,Freight
T001463,V0180,INV-37498,2024-08-18,£320.56,GBP,6200,Air travel
T001464,V0069,INV-76003,09 Mar 2025,158.29,GBP,6200,Software licence
T001465,V0017,INV-58865,12/19/2024,£213.03,GBP,6300,Ad spend
T001466,V0129,INV-79033,05/05/2024,770.81,GBP,6300,Advisory fee
T001467,V0137,INV-98907,2024-10-26,2532.33,GBP,6300,Freight
T001468,V0095,INV-98251,08/03/2024,£622.75,GBP,6100,Ad spend
T001469,V0023,INV-20508,04 Feb 2025,108.26,GBP,6100,Air travel
T001470,V0020,INV-24334,2024-06-17,657.91,GBP,6200,Software licence
T001471,V0179,INV-29392,2025-05-23,1504.62,GBP,6100,Office supplies
T001472,V0134,INV-92218,24 Jan 2024,206.28,GBP,6200,Ad spend
T001473,V0175,INV-80966,15 May 2024,348.13,GBP,6300,Air travel
T001474,V0108,INV-68177,22 Jan 2024,410.0,GBP,6200,Office supplies
T001475,V0017,INV-12888,25 Aug 2024,170.14,GBP,6400,Advisory fee
T001476,V9882,INV-63961,17 Dec 2024,823.13,GBP,6500,Advisory fee
T001477,V0084,INV-73720,2025-03-31,£353.17,GBP,6300,Air travel
T001478,V0146,INV-27295,09 Nov 2024,£640.01,GBP,6100,Air travel
T001479,V0059,INV-73470,01/15/2025,151.98,GBP,6200,Software licence
T001480,V0038,INV-56284,18 Oct 2024,249.33,GBP,6300,Office supplies
T001481,V0159,INV-31075,19/10/2024,£893.03,GBP,6100,Office supplies
T001482,V0182,INV-97340,06 Jun 2024,267.70,GBP,6100,Office supplies
T001483,V0030,INV-15393,11/20/2024,2696.37,GBP,6400,Office supplies
T001484,V0113,INV-44132,13/01/2025,£259.93,GBP,6100,Office supplies
T001485,V0144,INV-14546,11/20/2024,516.54,GBP,6200,Office supplies
T001486,V0096,INV-68776,15 Jun 2024,1125.35,GBP,6400,Air travel
T001487,V0032,INV-13266,18 Feb 2025,£84.76,GBP,6300,Office supplies
T001488,V0118,INV-51971,08 Jun 2024,58.15,GBP,6000,Advisory fee
T001489,V0140,INV-76507,05 Dec 2024,75.32,GBP,6500,Advisory fee
T001490,V0076,INV-72116,23 Oct 2024,"1,617.83",GBP,6400,Advisory fee
T001491,V0038,INV-84086,28 Mar 2025,219.85,GBP,6200,Advisory fee
T001492,V0029,INV-72781,02/11/2024,6727.91,GBP,6100,Advisory fee
T001493,V0142,INV-25319,11/11/2024,216.88,GBP,6000,Ad spend
T001494,V0159,INV-38883,04/01/2025,494.23,GBP,6200,Software licence
T001495,V0084,INV-17213,18/07/2024,"£2,200.24",GBP,6400,Freight
T001496,V0057,INV-46428,19/07/2024,"£3,665.43",GBP,6000,Software licence
T001497,V0138,INV-68387,30 Mar 2024,"3,895.80",GBP,6400,Ad spend
T001498,V0050,INV-74286,21 Nov 2024,1524.17,GBP,6400,Freight
T001499,V0131,INV-17346,04/01/2025,"£1,244.47",GBP,6300,Office supplies
T001500,V0184,INV-66051,2025-01-13,774.16,GBP,6300,Air travel
T001501,V0004,INV-47309,19 Dec 2024,£949.75,GBP,6200,Air travel
T001502,V0115,INV-83535,2024-03-30,£220.01,GBP,6100,Advisory fee
T001503,V0114,INV-64474,29 Mar 2025,£164.02,GBP,6200,Office supplies
T001504,V0187,INV-65552,28/02/2025,401.93,GBP,6100,Freight
T001505,V0154,INV-21282,2024-05-27,£334.55,GBP,6100,Air travel
T001506,V0122,INV-78852,12/09/2024,245.05,GBP,6000,Freight
T001507,V0194,INV-59253,31/03/2024,867.86,GBP,6000,Ad spend
T001508,V0164,INV-45825,02/28/2025,,GBP,6100,Freight
T001509,V0119,INV-84437,05/20/2024,£444.63,GBP,6100,Office supplies
T001510,V0098,INV-47940,17/05/2025,2049.36,GBP,6000,Air travel
T001511,V9443,INV-49834,20/05/2025,114.91,GBP,6400,Advisory fee
T001512,V0119,INV-39428,01/28/2024,£326.03,GBP,6000,Office supplies
T001513,V0068,INV-49343,04/28/2025,183.37,GBP,6000,Advisory fee
T001514,V0171,INV-47707,03 Mar 2025,51.77,GBP,6100,Ad spend
T001515,V0177,INV-94513,09/07/2024,£368.36,GBP,6000,Software licence
T001516,V0196,INV-46335,2025-05-19,352.86,GBP,6000,Freight
T001517,V0191,INV-57416,07 May 2025,2131.96,GBP,6400,Ad spend
T001518,V0067,INV-92312,02/05/2025,807.46,GBP,6500,Software licence
T001519,V0096,INV-77177,01/18/2024,130.76,GBP,6200,Office supplies
T001520,V0149,INV-17669,05/29/2024,3101.07,GBP,6200,Ad spend
T001521,V0178,INV-27759,2024-12-31,"1,545.55",GBP,6100,Software licence
T001522,V0070,INV-57338,05/03/2025,765.33,GBP,6500,Air travel
T001523,V0013,INV-47992,10/25/2024,£314.46,GBP,6400,Advisory fee
T001524,V0020,INV-77353,07/17/2024,140.42,GBP,6500,Office supplies
T001525,V0196,INV-22387,2024-06-20,267.89,GBP,6400,Air travel
T001526,V0081,INV-99780,04/11/2024,1336.25,GBP,6200,Advisory fee
T001527,V0179,INV-57516,04/08/2024,3206.85,GBP,6400,Freight
T001528,V0091,INV-28837,01/14/2024,"£2,202.98",GBP,6100,Freight
T001529,V0073,INV-58891,11 May 2025,£235.63,GBP,6300,Air travel
T001530,,INV-23424,11 Aug 2024,117.73,GBP,6100,Freight
T001531,V0057,INV-34696,22/06/2025,471.06,GBP,6400,Advisory fee
T001532,V0142,INV-24937,03 Mar 2025,£57.67,GBP,6300,Software licence
T001533,V0030,INV-27200,18/01/2024,575.64,GBP,6300,Air travel
T001534,V0080,INV-57522,22 May 2024,342.97,GBP,6300,Freight
T001535,V0134,INV-54832,2024-06-25,,GBP,6500,Air travel
T001536,V0008,INV-25544,2024-08-15,69.81,GBP,6100,Advisory fee
T001537,V0037,INV-39697,11/10/2024,709.78,GBP,6100,Office supplies
T001538,V0034,INV-20302,03/11/2025,224.53,GBP,6500,Software licence
T001539,V0020,INV-12464,2025-05-10,111.40,GBP,6300,Software licence
T001540,V0051,INV-24131,02/03/2024,£17.12,GBP,6500,Freight
T001541,V0152,INV-17768,25 Apr 2025,£391.40,GBP,6000,Air travel
T001542,V0012,INV-18683,04/11/2024,2834.09,GBP,6500,Software licence
T001543,V0194,INV-22648,05/06/2024,"£2,508.36",GBP,6400,Office supplies
T001544,V0151,INV-36217,07/08/2024,244.01,GBP,6500,Air travel
T001545,V0008,INV-21898,05/29/2024,95000.0,GBP,6500,Air travel
T001546,V0149,INV-55591,26 Dec 2024,675.63,GBP,6100,Freight
T001547,V0200,INV-90341,04/09/2024,134.53,GBP,6400,Freight
T001548,V0018,INV-22989,15 Jan 2024,562.26,GBP,6400,Office supplies
T001549,V0184,INV-35106,10/15/2024,£937.00,GBP,6100,Freight
T001550,V0002,INV-22934,2024-08-07,"1,555.62",GBP,6400,Advisory fee
T001551,V0122,INV-58033,07/08/2024,£361.34,GBP,6300,Advisory fee
T001552,V0028,INV-33704,29 Dec 2024,£322.45,GBP,6300,Ad spend
T001553,V0055,INV-77403,2024-08-21,153.58,GBP,6300,Software licence
T001554,V0195,INV-51193,2024-05-06,£162.46,GBP,6300,Software licence
T001555,V0134,INV-27814,05/22/2025,314.47,GBP,6200,Advisory fee
T001556,V0074,INV-83024,11/02/2024,604.32,GBP,6000,Air travel
T001557,V0127,INV-25167,01/29/2025,"£1,102.07",GBP,6200,Ad spend
T001558,V0154,INV-50895,30 Mar 2025,£166.75,GBP,6100,Freight
T001559,V0105,INV-48088,2025-03-14,"£2,083.82",GBP,6100,Software licence
T001560,V0122,INV-99015,01/11/2025,299.4,GBP,6100,Software licence
T001561,V0173,INV-74441,17/04/2024,394.06,GBP,6300,Ad spend
T001562,V0134,INV-96317,28 Mar 2024,177.34,GBP,6000,Office supplies
T001563,V0102,INV-62510,14/04/2024,£28.03,GBP,6500,Office supplies
T001564,V0017,INV-57672,22 Jul 2024,"£1,066.83",GBP,6200,Office supplies
T001565,V0153,INV-62990,2024-05-05,907.35,GBP,6100,Ad spend
T001566,V0186,INV-75419,2024-10-12,296.05,GBP,6500,Freight
T001567,V0152,INV-45779,02/13/2025,434.28,GBP,6200,Ad spend
T001568,V0171,INV-89058,2025-02-18,711.61,GBP,6300,Freight
T001569,V0072,INV-29316,10 Apr 2025,72.33,GBP,6000,Software licence
T001570,V0065,INV-74138,05/24/2025,225.44,GBP,6100,Advisory fee
T001571,V0035,INV-13895,04/11/2024,966.51,GBP,6500,Software licence
T001572,V0018,INV-75291,2024-01-28,101.52,GBP,6100,Ad spend
T001573,V0155,INV-99024,11/30/2024,557.19,GBP,6100,Air travel
T001574,V0160,INV-91688,08/04/2024,90.72,GBP,6000,Advisory fee
T001575,V0193,INV-78150,19/05/2025,673.89,GBP,6300,Office supplies
T001576,V0076,INV-96781,2025-05-24,387.92,GBP,6300,Freight
T001577,V0067,INV-81098,12/17/2024,68.26,GBP,6400,Freight
T001578,V0005,INV-14141,2025-03-16,"£1,452.75",GBP,6000,Ad spend
T001579,V0116,INV-51229,2025-01-20,179.82,GBP,6300,Ad spend
T001580,V0010,INV-14306,2024-06-30,165.46,GBP,6400,Advisory fee
T001581,V0200,INV-49720,17/06/2024,503.02,GBP,6300,Ad spend
T001582,V0035,INV-50954,02/02/2025,1427.24,GBP,6300,Software licence
T001583,V0146,INV-98476,17 May 2025,£131.97,GBP,6500,Freight
T001584,V0176,INV-80699,2025-04-26,431.75,GBP,6300,Freight
T001585,V0041,INV-76412,27/02/2024,£646.58,GBP,6300,Air travel
T001586,V0127,INV-87469,21/01/2025,864.73,GBP,6400,Advisory fee
T001587,V0091,INV-47281,11/24/2024,489.84,GBP,6000,Software licence
T001588,V0152,INV-15913,11 May 2024,269.42,GBP,6200,Air travel
T001589,V0190,INV-86541,28/01/2024,162.33,GBP,6500,Air travel
T001590,V0098,INV-22759,14/03/2025,443.53,GBP,6200,Air travel
T001591,V0106,INV-56041,02/27/2024,124.05,GBP,6500,Office supplies
T001592,V0064,INV-40752,15/11/2024,16.22,GBP,6400,Software licence
T001593,V0177,INV-18585,08 Nov 2024,"90,000.00",GBP,6000,Air travel
T001594,V0044,INV-12583,29 Nov 2024,1090.43,GBP,6000,Ad spend
T001595,V0169,INV-65374,2025-06-11,29.99,GBP,6300,Air travel
T001596,V0006,INV-71564,2024-01-23,132.86,GBP,6200,Ad spend
T001597,V0147,INV-61157,2024-11-26,797.17,GBP,6400,Software licence
T001598,V0126,INV-23114,07/29/2024,"£3,878.66",GBP,6200,Ad spend
T001599,V0129,INV-97475,13 Dec 2024,412.76,GBP,6100,Freight
T001600,V0077,INV-57622,2025-03-22,181.13,GBP,6100,Ad spend
T001601,V0163,INV-19872,2024-08-07,329.91,GBP,6200,Air travel
T001602,V0013,INV-48970,15/02/2025,"1,830.54",GBP,6100,Freight
T001603,V0191,INV-22053,07 Apr 2024,198.23,GBP,6400,Air travel
T001604,V0070,INV-18817,05/01/2025,167.48,GBP,6300,Office supplies
T001605,V0089,INV-20048,05 Nov 2024,£237.22,GBP,6400,Air travel
T001606,V0111,INV-96960,2024-11-16,141.36,GBP,6100,Ad spend
T001607,V0103,INV-42933,11/06/2025,461.71,GBP,6300,Advisory fee
T001608,V0196,INV-81770,2024-07-03,2409.43,GBP,6000,Advisory fee
T001609,V0181,INV-77662,2024-07-10,575.59,GBP,6400,Ad spend
T001610,V0055,INV-96613,23/04/2025,305.64,GBP,6200,Advisory fee
T001611,V0137,INV-90533,03/20/2025,292.66,GBP,6400,Advisory fee
T001612,V0161,INV-17848,2025-06-18,£72.28,GBP,6100,Air travel
T001613,V0119,INV-29365,03 Sep 2024,1065.74,GBP,6100,Advisory fee
T001614,V0176,INV-49357,03/21/2025,£370.32,GBP,6300,Air travel
T001615,V0017,INV-93090,27 Jul 2024,£330.79,GBP,6300,Air travel
T001616,V0074,INV-94678,13 Jun 2024,13526.67,GBP,6200,Advisory fee
T001617,V0154,INV-40950,2025-02-19,560.39,GBP,6100,Software licence
T001618,,INV-35154,2024-01-29,176.45,GBP,6100,Air travel
T001619,V0119,INV-73620,22/03/2025,252.40,GBP,6300,Advisory fee
T001620,V0010,INV-36475,2024-06-12,"£1,426.94",GBP,6200,Office supplies
T001621,V0008,INV-43868,11/10/2024,456.96,GBP,6500,Freight
T001622,V0046,INV-94448,13/02/2024,£82.92,GBP,6500,Ad spend
T001623,V0006,INV-17251,2024-03-26,1108.93,GBP,6200,Freight
T001624,V0077,INV-18333,20 Feb 2025,193.45,GBP,6200,Advisory fee
T001625,V0169,INV-21836,02/10/2025,"£3,167.28",GBP,6500,Office supplies
T001626,V0061,INV-24671,05/27/2025,1323.52,GBP,6000,Freight
T001627,V0171,INV-86076,06/21/2025,246.64,GBP,6200,Ad spend
T001628,V0024,INV-41205,05 May 2024,"£1,650.97",GBP,6200,Air travel
T001629,V0150,INV-61111,29/08/2024,£434.69,GBP,6300,Office supplies
T001630,V0037,INV-24000,28/06/2024,"£1,030.76",GBP,6100,Air travel
T001631,V0113,INV-63526,17 Sep 2024,687.60,GBP,6400,Software licence
T001632,V0126,INV-79922,18/01/2025,159.02,GBP,6500,Software licence
T001633,V0082,INV-81531,09/03/2025,198.76,GBP,6300,Advisory fee
T001634,V0064,INV-46403,05/28/2024,1252.58,GBP,6200,Ad spend
T001635,V0184,INV-58200,11 Nov 2024,279.15,GBP,6000,Advisory fee
T001636,V0156,INV-14562,25 Feb 2024,£258.78,GBP,6500,Advisory fee
T001637,V0062,INV-43158,28/01/2025,141.09,GBP,6200,Advisory fee
T001638,V0180,INV-57560,04 May 2024,642.88,GBP,6400,Office supplies
T001639,,INV-60917,01/09/2024,3900.18,GBP,6300,Air travel
T001640,V0078,INV-21829,29/08/2024,124.68,GBP,6200,Office supplies
T001641,V0042,INV-67520,11/20/2024,414.32,GBP,6500,Ad spend
T001642,V0009,INV-45918,03/23/2024,"£1,907.30",GBP,6300,Ad spend
T001643,V0189,INV-64127,06/12/2024,£369.59,GBP,6500,Ad spend
T001644,V0026,INV-31016,24 Sep 2024,663.55,GBP,6400,Software licence
T001645,V0091,INV-65164,30 Nov 2024,125.38,GBP,6300,Advisory fee
T001646,V0008,INV-16828,2024-07-07,646.22,GBP,6500,Ad spend
T001647,V0165,INV-27837,04/01/2024,328.37,GBP,6300,Office supplies
T001648,V0161,INV-50048,2024-11-17,"1,193.09",GBP,6400,Software licence
T001649,V0029,INV-30686,12/09/2024,1489.39,GBP,6400,Advisory fee
T001650,V0197,INV-95089,05/13/2024,"6,964.07",GBP,6400,Advisory fee
T001651,V0106,INV-51864,04/07/2025,763.26,GBP,6300,Advisory fee
T001652,V0035,INV-44167,26/06/2024,577.31,GBP,6500,Freight
T001653,V0084,INV-46935,2024-07-22,499.61,GBP,6000,Ad spend
T001654,V0095,INV-33840,02/06/2025,273.56,GBP,6300,Freight
T001655,V0058,INV-12717,24/01/2024,585.42,GBP,6400,Advisory fee
T001656,V0157,INV-92133,2024-08-22,291.51,GBP,6000,Ad spend
T001657,V0051,INV-44312,06/21/2024,485.56,GBP,6000,Ad spend
T001658,V0159,INV-66217,23/09/2024,"9,999.00",GBP,6100,Software licence
T001659,V0095,INV-32298,30 Apr 2024,133.33,GBP,6000,Advisory fee
T001660,V0135,INV-67037,2025-04-09,"£1,413.56",GBP,6500,Ad spend
T001661,V0031,INV-39423,27 Jul 2024,1717.85,GBP,6100,Air travel
T001662,V0074,INV-74771,26 Jan 2025,354.29,GBP,6100,Ad spend
T001663,V0053,INV-88654,08/08/2024,39.09,GBP,6200,Advisory fee
T001664,V0174,INV-34820,04/03/2025,206.73,GBP,6100,Ad spend
T001665,V0038,INV-13771,10/24/2024,"1,680.24",GBP,6200,Office supplies
T001666,V0159,INV-69110,09/11/2024,393.41,GBP,6200,Freight
T001667,V0176,INV-94834,14/04/2025,134.39,GBP,6000,Software licence
T001668,V0121,INV-27459,27 Nov 2024,231.54,GBP,6500,Ad spend
T001669,V0176,INV-37815,27 Jan 2025,1017.07,GBP,6500,Ad spend
T001670,V0189,INV-88275,19/09/2024,736.13,GBP,6000,Software licence
T001671,V0143,INV-17700,02/23/2024,310.19,GBP,6200,Office supplies
T001672,V0121,INV-56439,16/02/2024,269.48,GBP,6000,Air travel
T001673,V0130,INV-91219,01/25/2025,£262.19,GBP,6200,Ad spend
T001674,V0172,INV-58614,05/15/2024,146.25,GBP,6400,Software licence
T001675,V0149,INV-33510,09/23/2024,2384.90,GBP,6100,Freight
T001676,V0127,INV-54456,24/04/2025,283.0,GBP,6100,Software licence
T001677,V0082,INV-79523,19 Mar 2025,"1,538.98",GBP,6100,Air travel
T001678,V0030,INV-51060,2024-02-15,"2,150.48",GBP,6100,Ad spend
T001679,V0072,INV-57263,16/03/2025,1209.72,GBP,6200,Air travel
T001680,V0157,INV-44571,06/13/2025,250.94,GBP,6200,Ad spend
T001681,V0043,INV-51358,05/18/2025,628.98,GBP,6100,Freight
T001682,V0169,INV-93447,26/03/2025,392.83,GBP,6000,Office supplies
T001683,V0039,INV-17152,08/23/2024,149.30,GBP,6100,Software licence
T001684,V0121,INV-44108,06/16/2024,576.4,GBP,6500,Ad spend
T001685,V0112,INV-25207,21 May 2025,£110.28,GBP,6000,Ad spend
T001686,V0092,INV-83512,05/11/2025,"1,489.87",GBP,6300,Ad spend
T001687,V0029,INV-29405,05/06/2024,£242.00,GBP,6200,Software licence
T001688,V0053,INV-47239,2024-07-03,£503.34,GBP,6100,Advisory fee
T001689,V0131,INV-45755,2024-08-05,£550.93,GBP,6400,Software licence
T001690,V0135,INV-84814,03 Jul 2024,303.45,GBP,6300,Software licence
T001691,V0064,INV-75288,2024-04-06,769.21,GBP,6200,Software licence
T001692,V0073,INV-99300,05/04/2024,£239.27,GBP,6300,Air travel
T001693,V0152,INV-23902,11/27/2024,"1,051.98",GBP,6100,Software licence
T001694,V0021,INV-70323,06/05/2025,91.78,GBP,6300,Advisory fee
T001695,V0069,INV-87883,01/06/2024,463.6,GBP,6200,Software licence
T001696,V0168,INV-91574,04/08/2025,3404.39,GBP,6200,Advisory fee
T001697,V0188,INV-84600,12 May 2024,134.24,GBP,6100,Software licence
T001698,V0165,INV-47087,26/11/2024,191.42,GBP,6000,Advisory fee
T001699,V0019,INV-81716,25 Jan 2025,710.02,GBP,6000,Ad spend
T001700,V0066,INV-33332,2024-09-02,£491.54,GBP,6300,Software licence
T001701,V0006,INV-37292,15 Jun 2024,593.30,GBP,6300,Ad spend
T001702,V0073,INV-94825,06/06/2024,690.98,GBP,6000,Air travel
T001703,V0126,INV-66670,13/11/2024,810.94,GBP,6500,Freight
T001704,V0034,INV-57060,2024-04-08,1367.40,GBP,6200,Freight
T001705,V0052,INV-74175,2025-04-01,633.21,GBP,6300,Ad spend
T001706,V0069,INV-83801,09/03/2025,309.39,GBP,6000,Ad spend
T001707,V0095,INV-90460,2024-07-09,845.42,GBP,6300,Advisory fee
T001708,V0110,INV-22182,11 Feb 2024,3261.26,GBP,6400,Air travel
T001709,V0119,INV-98662,2024-08-17,348.66,GBP,6500,Advisory fee
T001710,V0183,INV-30325,22 May 2025,138.11,GBP,6400,Advisory fee
T001711,V0166,INV-78770,2024-03-26,"1,363.47",GBP,6200,Ad spend
T001712,V0112,INV-20378,2025-05-04,353.39,GBP,6200,Office supplies
T001713,V0033,INV-99694,11/03/2024,36.97,GBP,6100,Freight
T001714,V0110,INV-48729,2024-02-18,"1,024.71",GBP,6400,Software licence
T001715,V0012,INV-77294,2024-04-20,223.89,GBP,6400,Ad spend
T001716,V0106,INV-22384,20/04/2025,365.19,GBP,6500,Advisory fee
T001717,V0146,INV-43211,29 Dec 2024,581.25,GBP,6200,Freight
T001718,V0021,INV-75987,17/01/2024,£497.48,GBP,6000,Advisory fee
T001719,V0170,INV-70670,02/07/2024,880.42,GBP,6100,Ad spend
T001720,V0012,INV-20917,03/02/2025,249.88,GBP,6500,Air travel
T001721,V0081,INV-86966,2025-04-10,709.40,GBP,6500,Ad spend
T001722,V0160,INV-44743,15/12/2024,303.23,GBP,6100,Office supplies
T001723,V0048,INV-20252,09/22/2024,909.31,GBP,6500,Software licence
T001724,V9581,INV-80041,19 Jan 2024,£793.86,GBP,6000,Ad spend
T001725,V0030,INV-11743,06/24/2024,144.17,GBP,6500,Ad spend
T001726,V0118,INV-63096,2025-05-13,"£1,332.19",GBP,6200,Freight
T001727,V0158,INV-57281,08 Feb 2025,223.73,GBP,6200,Software licence
T001728,V0033,INV-27709,01/15/2024,981.29,GBP,6100,Software licence
T001729,V0005,INV-34670,28/01/2024,604.27,GBP,6100,Ad spend
T001730,V0167,INV-29025,04 Sep 2024,3047.27,GBP,6300,Advisory fee
T001731,V0138,INV-35023,29 Mar 2024,315.51,GBP,6200,Ad spend
T001732,V0038,INV-72126,2025-03-08,£274.72,GBP,6000,Software licence
T001733,V0043,INV-29978,2025-03-31,394.9,GBP,6300,Ad spend
T001734,V0006,INV-68918,05/09/2024,289.02,GBP,6100,Air travel
T001735,V0146,INV-61345,22 Feb 2024,972.56,GBP,6200,Software licence
T001736,V0027,INV-92629,18/03/2025,68.17,GBP,6300,Ad spend
T001737,V0189,INV-85846,2024-10-24,£126.59,GBP,6000,Ad spend
T001738,V0103,INV-73714,2025-06-09,124.64,GBP,6400,Advisory fee
T001739,V0157,INV-98954,2025-05-14,1147.5,GBP,6100,Advisory fee
T001740,V0016,INV-79246,2024-01-20,2648.30,GBP,6300,Freight
T001741,V0081,INV-82516,06 Mar 2024,359.64,GBP,6200,Advisory fee
T001742,V0107,INV-72041,29 Apr 2024,£335.06,GBP,6300,Freight
T001743,V0166,INV-55451,04 Apr 2025,£435.75,GBP,6500,Ad spend
T001744,V0006,INV-31146,10/21/2024,"£1,448.18",GBP,6500,Office supplies
T001745,V0121,INV-55068,03/24/2025,£145.46,GBP,6100,Freight
T001746,V0057,INV-87025,13/12/2024,£524.37,GBP,6400,Advisory fee
T001747,V0169,INV-71402,2024-05-14,"1,179.35",GBP,6200,Advisory fee
T001748,V0183,INV-61166,02/03/2025,£700.09,GBP,6500,Advisory fee
T001749,V0189,INV-57219,04/28/2025,496.98,GBP,6100,Freight
T001750,V0054,INV-47022,2024-03-29,"1,213.36",GBP,6500,Ad spend
T001751,V0034,INV-32713,2024-07-23,£20.62,GBP,6100,Freight
T001752,V0126,INV-23225,2025-03-01,850.36,GBP,6300,Air travel
T001753,V0061,INV-37450,02/18/2024,196.47,GBP,6000,Air travel
T001754,V0067,INV-56798,11 Jun 2024,53.86,GBP,6100,Freight
T001755,V0009,INV-18344,11/12/2024,707.91,GBP,6300,Software licence
T001756,V0159,INV-39712,2024-05-03,"£1,828.09",GBP,6400,Office supplies
T001757,V0125,INV-43793,12/14/2024,346.82,GBP,6200,Software licence
T001758,V0198,INV-83010,30 Sep 2024,"£1,150.74",GBP,6100,Advisory fee
T001759,V0132,INV-89205,04/16/2024,2376.79,GBP,6500,Software licence
T001760,V0113,INV-69917,2024-04-23,"1,713.69",GBP,6000,Freight
T001761,V0157,INV-23352,02/12/2024,"2,450.29",GBP,6400,Software licence
T001762,V0043,INV-92565,30/04/2024,912.64,GBP,6100,Air travel
T001763,V0041,INV-48289,2025-03-28,438.33,GBP,6400,Ad spend
T001764,V0188,INV-23014,06/06/2024,69.26,GBP,6500,Air travel
T001765,V0086,INV-28058,2024-05-05,307.76,GBP,6100,Ad spend
T001766,V0107,INV-10863,09/08/2024,£159.56,GBP,6300,Air travel
T001767,V0074,INV-76194,24/06/2024,4394.18,GBP,6000,Air travel
T001768,V0096,INV-64396,01/04/2025,332.46,GBP,6500,Advisory fee
T001769,V0063,INV-29871,07/03/2025,461.98,GBP,6100,Office supplies
T001770,V0110,INV-64186,23/02/2025,739.99,GBP,6300,Freight
T001771,V0175,INV-57418,01/31/2024,423.25,GBP,6300,Office supplies
T001772,V0198,INV-11303,2025-06-13,"2,603.35",GBP,6000,Software licence
T001773,V0087,INV-51262,2025-02-15,203.38,GBP,6100,Ad spend
T001774,V0016,INV-61546,,499.73,GBP,6500,Advisory fee
T001775,V0039,INV-85308,2024-02-29,£178.27,GBP,6500,Advisory fee
T001776,V0170,INV-78128,2024-10-29,94.44,GBP,6300,Ad spend
T001777,V0175,INV-82562,07 Nov 2024,205.83,GBP,6500,Advisory fee
T001778,V0081,INV-55109,09/01/2024,387.32,GBP,6200,Freight
T001779,V0157,INV-29249,02/17/2025,251.58,GBP,6300,Advisory fee
T001780,V0053,INV-81358,28/03/2025,188.36,GBP,6500,Air travel
T001781,V0167,INV-63019,2024-07-21,£85.89,GBP,6200,Software licence
T001782,V0010,INV-80442,08/12/2024,368.18,GBP,6300,Advisory fee
T001783,V0185,INV-26515,16/06/2025,£77.08,GBP,6400,Air travel
T001784,V0055,INV-22166,07 Jun 2025,930.82,GBP,6400,Air travel
T001785,V0134,INV-54657,2024-06-12,441.72,GBP,6000,Software licence
T001786,V0139,INV-87660,2024-09-21,£81.18,GBP,6100,Air travel
T001787,V0186,INV-65410,06/01/2025,287.11,GBP,6000,Advisory fee
T001788,V0016,INV-58887,2024-09-22,176.38,GBP,6500,Freight
T001789,V0091,INV-26228,18/02/2024,573.12,GBP,6500,Software licence
T001790,V0115,INV-49054,01/06/2024,1762.51,GBP,6300,Air travel
T001791,V0061,INV-86230,27 Aug 2024,£51.28,GBP,6200,Air travel
T001792,V0073,INV-97414,23 May 2024,£457.84,GBP,6500,Ad spend
T001793,V0134,INV-42457,04/17/2024,£338.27,GBP,6200,Freight
T001794,V0150,INV-35238,01/04/2025,844.27,GBP,6300,Software licence
T001795,V0038,INV-65796,2025-02-25,£510.05,GBP,6000,Software licence
T001796,V0016,INV-65690,13/05/2024,176.41,GBP,6300,Office supplies
T001797,V0115,INV-20233,13 Jan 2025,284.02,GBP,6500,Freight
T001798,V0104,INV-87101,2025-06-15,168.07,GBP,6300,Air travel
T001799,V0150,INV-75382,09 Mar 2025,1317.65,GBP,6300,Advisory fee
T001800,V0126,INV-64646,15/06/2024,413.00,GBP,6100,Freight
T001801,V0033,INV-73539,13 Apr 2025,"3,265.96",GBP,6100,Advisory fee
T001802,V0132,INV-79355,2024-04-30,377.39,GBP,6500,Office supplies
T001803,V0117,INV-72043,03 Feb 2024,185.07,GBP,6500,Office supplies
T001804,V0144,INV-58409,05/01/2024,76.32,GBP,6400,Ad spend
T001805,V0029,INV-25842,2025-01-13,55.51,GBP,6400,Air travel
T001806,V0011,INV-78521,2024-06-05,70.63,GBP,6000,Air travel
T001807,V0079,INV-59081,2024-11-06,541.23,GBP,6200,Ad spend
T001808,V0008,INV-28726,2024-05-25,705.99,GBP,6400,Ad spend
T001809,V0013,INV-49998,17 Oct 2024,£70.86,GBP,6100,Office supplies
T001810,V0190,INV-74067,03 Jan 2024,"1,079.81",GBP,6000,Freight
T001811,V0090,INV-18855,2024-02-15,237.14,GBP,6300,Ad spend
T001812,V0147,INV-50593,2025-04-08,474.13,GBP,6200,Ad spend
T001813,V0122,INV-89391,15 May 2024,"2,376.64",GBP,6100,Freight
T001814,V0163,INV-70415,05/04/2025,"£1,081.95",GBP,6500,Ad spend
T001815,V0039,INV-52626,2024-04-01,£300.25,GBP,6400,Advisory fee
T001816,V0160,INV-63690,2025-01-31,151.36,GBP,6100,Ad spend
T001817,V0087,INV-80909,16 Feb 2024,37.83,GBP,6500,Ad spend
T001818,V0189,INV-46356,03/31/2024,£182.90,GBP,6100,Advisory fee
T001819,V0007,INV-84972,2024-11-12,319.82,GBP,6400,Advisory fee
T001820,V0032,INV-94399,28/03/2024,136.20,GBP,6100,Freight
T001821,V0139,INV-85609,02/24/2024,349.19,GBP,6400,Freight
T001822,V0049,INV-72368,05/29/2025,439.02,GBP,6000,Software licence
T001823,V0169,INV-79711,03/07/2024,£315.03,GBP,6000,Air travel
T001824,,INV-42150,30 Mar 2025,197.35,GBP,6000,Freight
T001825,V0156,INV-51999,02/15/2025,485.67,GBP,6400,Software licence
T001826,V0126,INV-13049,12/14/2024,655.98,GBP,6300,Office supplies
T001827,V0107,INV-13153,06/24/2025,121.58,GBP,6200,Ad spend
T001828,V0066,INV-21930,04/27/2024,"1,904.60",GBP,6000,Freight
T001829,V0044,INV-47401,2024-05-27,361.97,GBP,6100,Air travel
T001830,V0197,INV-21747,06 Jun 2024,411.88,GBP,6200,Ad spend
T001831,V0174,INV-32176,01 Mar 2024,879.22,GBP,6400,Air travel
T001832,V0047,INV-13561,29 Feb 2024,521.41,GBP,6200,Ad spend
T001833,V0026,INV-51948,05/25/2024,1151.07,GBP,6300,Air travel
T001834,V0067,INV-59219,03/05/2024,£553.26,GBP,6000,Office supplies
T001835,V0062,INV-88250,30 Aug 2024,205.68,GBP,6300,Freight
T001836,V0193,INV-76115,01/29/2025,600.43,GBP,6000,Air travel
T001837,V0016,INV-51724,20 Apr 2025,114.65,GBP,6400,Ad spend
T001838,V0017,INV-73461,2024-01-30,454.6,GBP,6300,Advisory fee
T001839,V0060,INV-12440,02 Oct 2024,388.95,GBP,6400,Freight
T001840,V0173,INV-23305,09/09/2024,£320.88,GBP,6400,Advisory fee
T001841,V0033,INV-49926,20/02/2025,350.24,GBP,6300,Software licence
T001842,V0163,INV-75592,27 Jul 2024,£50.91,GBP,6100,Air travel
T001843,V0139,INV-32044,09/08/2024,220.61,GBP,6400,Ad spend
T001844,V0143,INV-69210,12 Feb 2024,£446.81,GBP,6000,Ad spend
T001845,V0159,INV-47912,2024-06-20,480.99,GBP,6000,Software licence
T001846,V0124,INV-45822,09/13/2024,£130.26,GBP,6500,Ad spend
T001847,V0090,INV-92864,05 Aug 2024,1623.4,GBP,6400,Freight
T001848,V0073,INV-15961,06/14/2024,155.59,GBP,6500,Freight
T001849,V0145,INV-19166,2024-11-03,1171.92,GBP,6000,Ad spend
T001850,V0179,INV-26118,05/23/2024,645.43,GBP,6500,Freight
T001851,V0072,INV-66618,03 Aug 2024,198.17,GBP,6400,Freight
T001852,V0082,INV-99404,16 Dec 2024,"£2,843.65",GBP,6500,Air travel
T001853,V0193,INV-69338,2024-10-06,£108.53,GBP,6100,Advisory fee
T001854,V0083,INV-54778,03/08/2024,1108.84,GBP,6300,Freight
T001855,V0085,INV-12080,05/16/2024,1212.74,GBP,6500,Software licence
T001856,V0156,INV-72459,01/05/2024,192.93,GBP,6000,Advisory fee
T001857,V0045,INV-64154,2025-05-15,1866.3,GBP,6300,Freight
T001858,V0021,INV-95078,2024-03-20,£306.42,GBP,6400,Software licence
T001859,V0172,INV-68350,06 May 2024,554.22,GBP,6200,Ad spend
T001860,V0154,INV-56919,2025-01-31,537.19,GBP,6100,Advisory fee
T001861,V0003,INV-26353,04/18/2025,£348.02,GBP,6200,Office supplies
T001862,V0114,INV-11227,2024-08-14,£984.26,GBP,6500,Software licence
T001863,V0195,INV-46848,01 Jan 2025,£965.68,GBP,6100,Software licence
T001864,V0158,INV-91951,2024-11-06,58.95,GBP,6500,Office supplies
T001865,V0060,INV-74724,2025-01-06,1693.88,GBP,6000,Air travel
T001866,V0127,INV-89433,08/02/2024,£64.80,GBP,6000,Office supplies
T001867,V0164,INV-61915,23 Apr 2024,1256.14,GBP,6200,Freight
T001868,V0129,INV-74751,23 Jun 2024,1393.22,GBP,6400,Office supplies
T001869,V0169,INV-84148,06/28/2024,£121.50,GBP,6000,Freight
T001870,V0033,INV-18526,2024-05-10,256.75,GBP,6200,Freight
T001871,V0059,INV-78561,07/10/2024,119.55,GBP,6100,Advisory fee
T001872,V0006,INV-98832,09/15/2024,318.49,GBP,6500,Freight
T001873,V0117,INV-10256,03/13/2025,287.48,GBP,6500,Advisory fee
T001874,V0167,INV-16797,11/26/2024,951.11,GBP,6300,Ad spend
T001875,V0071,INV-25953,14 Jun 2025,"1,705.03",GBP,6300,Ad spend
T001876,V0093,INV-77797,2024-02-14,1872.92,GBP,6500,Office supplies
T001877,V0013,INV-46429,06 Mar 2025,217.37,GBP,6400,Ad spend
T001878,V0081,INV-10676,05 Feb 2025,320.49,GBP,6100,Air travel
T001879,V0021,INV-84949,26 Jan 2024,63.32,GBP,6500,Office supplies
T001880,V0177,INV-65550,2024-03-17,166.26,GBP,6100,Office supplies
T001881,V0043,INV-53152,14 Nov 2024,"£1,166.00",GBP,6000,Advisory fee
T001882,V0161,INV-22678,29 Jan 2024,"2,385.45",GBP,6300,Ad spend
T001883,V0007,INV-87664,08/12/2024,103.77,GBP,6200,Office supplies
T001884,V0028,INV-72072,01 Sep 2024,210.25,GBP,6200,Software licence
T001885,V0086,INV-78114,30/08/2024,391.88,GBP,6000,Freight
T001886,V0159,INV-67478,04/07/2024,549.04,GBP,6500,Ad spend
T001887,V0149,INV-26361,03/28/2024,165.58,GBP,6000,Software licence
T001888,V0097,INV-51062,2024-03-07,643.21,GBP,6100,Software licence
T001889,V0114,INV-17181,2024-11-04,239.55,GBP,6400,Advisory fee
T001890,V0111,INV-18623,14 Apr 2024,£397.07,GBP,6500,Software licence
T001891,V0144,INV-16842,2024-10-28,£735.77,GBP,6300,Ad spend
T001892,V0025,INV-90911,2025-02-24,406.29,GBP,6100,Freight
T001893,V0169,INV-91789,11 Jan 2024,249.63,GBP,6300,Ad spend
T001894,V0119,INV-66112,2024-04-13,£357.61,GBP,6200,Advisory fee
T001895,V0173,INV-13404,09/04/2025,£366.06,GBP,6400,Air travel
T001896,V0151,INV-35228,04/20/2024,268.54,GBP,6000,Software licence
T001897,V0153,INV-18853,07/17/2024,303.48,GBP,6400,Office supplies
T001898,V0164,INV-76702,19/09/2024,"£9,500.00",GBP,6200,Ad spend
T001899,V0124,INV-91376,03/31/2025,747.71,GBP,6100,Office supplies
T001900,V0036,INV-15776,02 Mar 2024,291.48,GBP,6100,Air travel
T001901,V0150,INV-67127,06/09/2025,868.4,GBP,6500,Air travel
T001902,V0080,INV-86502,2024-05-29,279.44,GBP,6100,Ad spend
T001903,V0080,INV-89079,17 Dec 2024,1466.21,GBP,6200,Air travel
T001904,V0003,INV-77853,28/05/2024,605.83,GBP,6000,Office supplies
T001905,V0130,INV-83328,25 Feb 2024,358.51,GBP,6300,Air travel
T001906,V0051,INV-36263,2024-07-25,660.16,GBP,6000,Air travel
T001907,V0049,INV-97537,05/02/2025,£71.67,GBP,6500,Advisory fee
T001908,V0120,INV-88612,2024-12-05,£116.81,GBP,6400,Freight
T001909,V0086,INV-90753,02 Nov 2024,108.49,GBP,6300,Air travel
T001910,V0042,INV-23742,10/04/2025,472.12,GBP,6000,Ad spend
T001911,V0057,INV-10484,2024-08-16,2712.88,GBP,6500,Office supplies
T001912,V0120,INV-91778,08/06/2024,4695.83,GBP,6100,Ad spend
T001913,V0189,INV-53452,01/19/2025,£813.92,GBP,6100,Ad spend
T001914,V0048,INV-10881,2025-01-06,£699.89,GBP,6000,Software licence
T001915,V0092,INV-13934,04/27/2024,55.64,GBP,6100,Air travel
T001916,V0113,INV-35480,2025-01-03,£222.08,GBP,6000,Software licence
T001917,V0051,INV-35929,2024-10-17,169.60,GBP,6100,Office supplies
T001918,V0068,INV-32843,12/13/2024,203.79,GBP,6400,Office supplies
T001919,V0046,INV-35688,2024-01-23,335.31,GBP,6100,Air travel
T001920,V0026,INV-12751,20 May 2024,240.01,GBP,6300,Advisory fee
T001921,V0029,INV-54352,03/08/2024,£45.73,GBP,6200,Ad spend
T001922,V0062,INV-58449,01/16/2025,918.46,GBP,6500,Office supplies
T001923,V0135,INV-91684,20 Mar 2025,123.96,GBP,6500,Software licence
T001924,V0031,INV-28931,05/13/2024,524.88,GBP,6100,Office supplies
T001925,V0137,INV-59570,18/01/2025,"90,000.00",GBP,6200,Freight
T001926,V9980,INV-93380,07/09/2024,146.74,GBP,6000,Freight
T001927,V0151,INV-34785,10/28/2024,24.95,GBP,6100,Air travel
T001928,V0064,INV-16980,10/13/2024,294.53,GBP,6100,Freight
T001929,V0150,INV-74092,08/02/2024,1354.32,GBP,6500,Software licence
T001930,V0121,INV-96966,2024-03-07,"3,477.89",GBP,6100,Freight
T001931,V0100,INV-94550,2025-06-05,104.32,GBP,6200,Ad spend
T001932,V0133,INV-70852,02 Jul 2024,£696.71,GBP,6200,Advisory fee
T001933,V0096,INV-78875,09 May 2025,241.81,GBP,6500,Ad spend
T001934,V0122,INV-45171,2025-02-14,359.05,GBP,6500,Freight
T001935,V0167,INV-14797,07/31/2024,7396.61,GBP,6100,Office supplies
T001936,V0116,INV-40721,2025-02-09,77.23,GBP,6100,Air travel
T001937,V0109,INV-59425,09 Jun 2024,£533.32,GBP,6200,Air travel
T001938,V0141,INV-21109,2024-05-17,674.83,GBP,6000,Air travel
T001939,V0114,INV-78002,2024-12-26,1331.90,GBP,6100,Freight
T001940,V0011,INV-70981,06/08/2025,449.34,GBP,6400,Air travel
T001941,V0110,INV-69133,04/23/2025,£566.15,GBP,6300,Ad spend
T001942,V0095,INV-75213,2024-11-20,262.22,GBP,6200,Ad spend
T001943,V0007,INV-33536,2025-03-28,542.42,GBP,6100,Air travel
T001944,V0166,INV-19946,01/02/2025,£276.58,GBP,6000,Air travel
T001945,V0129,INV-77212,21 Mar 2024,£799.29,GBP,6200,Office supplies
T001946,V0026,INV-25543,2024-03-14,£268.66,GBP,6200,Software licence
T001947,V0140,INV-36254,2024-12-07,610.82,GBP,6100,Advisory fee
T001948,V0085,INV-42771,2024-11-05,,GBP,6500,Advisory fee
T001949,V0071,INV-34987,05/21/2024,"£1,392.22",GBP,6500,Advisory fee
T001950,V0140,INV-44227,01/09/2024,£381.25,GBP,6200,Air travel
T001951,V0089,INV-62928,19 Feb 2025,57.38,GBP,6400,Advisory fee
T001952,V0004,INV-71866,08/06/2025,"£1,616.65",GBP,6100,Ad spend
T001953,V0059,INV-39743,02 Aug 2024,148.96,GBP,6300,Office supplies
T001954,V0133,INV-86939,24 Apr 2025,£196.54,GBP,6500,Ad spend
T001955,V0088,INV-21255,16 Nov 2024,209.51,GBP,6100,Ad spend
T001956,V0198,INV-64747,08/02/2024,"£1,829.65",GBP,6300,Ad spend
T001957,V0143,INV-13945,01/18/2025,38.50,GBP,6100,Freight
T001958,V0033,INV-50051,2024-01-10,"£12,727.54",GBP,6300,Advisory fee
T001959,V0091,INV-54541,08/18/2024,1289.05,GBP,6300,Ad spend
T001960,V0176,INV-62870,11/02/2024,£515.72,GBP,6200,Freight
T001961,V0006,INV-84393,02/02/2024,£379.79,GBP,6100,Office supplies
T001962,V0085,INV-84473,2025-02-04,552.31,GBP,6300,Office supplies
T001963,V0101,INV-18350,01/30/2025,715.68,GBP,6100,Ad spend
T001964,V0028,INV-53101,04/07/2025,820.35,GBP,6500,Air travel
T001965,V0024,INV-32468,04/16/2024,743.35,GBP,6500,Freight
T001966,V0046,INV-14202,15/05/2025,445.21,GBP,6000,Office supplies
T001967,V0051,INV-19108,2025-01-30,324.71,GBP,6200,Office supplies
T001968,V0060,INV-48155,20/06/2025,341.59,GBP,6000,Ad spend
T001969,V0015,INV-58319,14/06/2025,325.58,GBP,6000,Office supplies
T001970,V0084,INV-63852,04/02/2025,9000.00,GBP,6100,Software licence
T001971,V0034,INV-80313,04 Mar 2025,"£9,000.00",GBP,6300,Advisory fee
T001972,V0018,INV-60986,2024-07-30,15.89,GBP,6100,Office supplies
T001973,V0080,INV-66649,01 May 2025,830.05,GBP,6100,Freight
T001974,V0148,INV-50673,26/07/2024,499.8,GBP,6400,Advisory fee
T001975,V0176,INV-70156,2024-10-09,395.21,GBP,6100,Software licence
T001976,V0037,INV-68422,06/03/2024,263.13,GBP,6300,Freight
T001977,V0064,INV-78925,2024-12-02,"1,389.26",GBP,6400,Ad spend
T001978,V0118,INV-70646,10 Feb 2024,9999.00,GBP,6500,Software licence
T001979,V0074,INV-94711,12/04/2025,172.40,GBP,6200,Advisory fee
T001980,V0183,INV-48987,02/04/2025,631.29,GBP,6400,Office supplies
T001981,V0107,INV-42654,02/07/2024,138.54,GBP,6400,Advisory fee
T001982,V0111,INV-70008,28 Jan 2025,88.45,GBP,6500,Office supplies
T001983,V0179,INV-84529,04/07/2024,202.47,GBP,6300,Advisory fee
T001984,V0012,INV-41417,10/06/2024,"1,041.72",GBP,6200,Advisory fee
T001985,V0138,INV-48258,09/03/2024,1151.06,GBP,6500,Advisory fee
T001986,V0185,INV-38476,05/20/2025,£709.38,GBP,6300,Freight
T001987,V0032,INV-58330,03/19/2024,895.70,GBP,6000,Freight
T001988,V0197,INV-52731,23 Feb 2025,711.80,GBP,6300,Office supplies
T001989,V0065,INV-37180,2025-06-02,199.21,GBP,6000,Ad spend
T001990,V0007,INV-19593,2025-04-17,£648.79,GBP,6300,Air travel
T001991,V0191,INV-62342,18/07/2024,£973.06,GBP,6300,Software licence
T001992,V0003,INV-42847,2024-04-27,924.93,GBP,6500,Office supplies
T001993,V0084,INV-97856,20 Apr 2025,1491.90,GBP,6300,Ad spend
T001994,V0018,INV-20819,05 Sep 2024,879.31,GBP,6500,Ad spend
T001995,V0036,INV-71707,12 Oct 2024,593.83,GBP,6100,Office supplies
T001996,V0005,INV-89559,04/12/2024,1309.19,GBP,6100,Air travel
T001997,V0032,INV-80078,02/04/2025,391.83,GBP,6100,Software licence
T001998,V0172,INV-11469,2024-10-06,152.92,GBP,6100,Ad spend
T001999,V0092,INV-33322,2024-08-09,337.18,GBP,6500,Software licence
T002000,V0173,INV-79769,09/08/2024,177.79,GBP,6300,Advisory fee
T002001,V0013,INV-93203,19/06/2025,191.96,GBP,6500,Advisory fee
T002002,V0184,INV-96512,15 Apr 2024,344.13,GBP,6300,Advisory fee
T002003,V0079,INV-68194,02/23/2024,168.74,GBP,6400,Software licence
T002004,V0013,INV-59465,25/07/2024,£287.51,GBP,6100,Air travel
T002005,V0062,INV-36212,2024-04-03,£50.25,GBP,6000,Ad spend
T002006,V0008,INV-11908,11/12/2024,£510.11,GBP,6100,Advisory fee
T002007,V0172,INV-18280,08/13/2024,403.96,GBP,6000,Advisory fee
T002008,V0043,INV-31895,2024-02-15,164.22,GBP,6300,Freight
T002009,V0028,INV-52879,2024-11-26,833.11,GBP,6400,Advisory fee
T002010,V0049,INV-91877,2024-07-31,1131.53,GBP,6400,Ad spend
T002011,V0110,INV-25834,25/08/2024,68.83,GBP,6100,Software licence
T002012,V0092,INV-52384,26 Jun 2024,£174.34,GBP,6000,Ad spend
T002013,V0168,INV-51450,01/13/2024,173.11,GBP,6300,Office supplies
T002014,V0118,INV-38848,2024-03-08,143.47,GBP,6500,Air travel
T002015,V0167,INV-91777,2025-01-12,"£1,004.68",GBP,6000,Software licence
T002016,V0056,INV-63883,11/04/2024,325.97,GBP,6400,Ad spend
T002017,V0027,INV-80278,24/06/2024,£301.58,GBP,6200,Software licence
T002018,V0154,INV-52513,2025-02-01,44.51,GBP,6500,Advisory fee
T002019,V0035,INV-53522,06/28/2024,£811.56,GBP,6500,Advisory fee
T002020,V0082,INV-97342,08/05/2025,103.22,GBP,6000,Air travel
T002021,V0005,INV-89761,04/04/2025,£430.92,GBP,6300,Freight
T002022,V0164,INV-40464,2025-05-30,547.36,GBP,6400,Advisory fee
T002023,V0004,INV-40488,22/01/2024,"1,802.13",GBP,6400,Software licence
T002024,V0080,INV-40984,14 Mar 2025,95.61,GBP,6100,Freight
T002025,V0021,INV-17854,20 May 2024,£14.56,GBP,6200,Ad spend
T002026,V0076,INV-36478,04 Jun 2024,493.85,GBP,6300,Office supplies
T002027,V0165,INV-14968,2024-08-31,"£2,923.57",GBP,6500,Freight
T002028,V0114,INV-53082,17 May 2024,"£1,576.31",GBP,6200,Air travel
T002029,V0165,INV-15191,2025-06-17,508.07,GBP,6300,Advisory fee
T002030,V0074,INV-13105,08/22/2024,234.91,GBP,6500,Air travel
T002031,V0088,INV-41752,07/29/2024,"90,000.00",GBP,6400,Software licence
T002032,V0171,INV-42550,08/15/2024,138.25,GBP,6400,Ad spend
T002033,V0134,INV-52157,2024-07-06,£681.29,GBP,6300,Advisory fee
T002034,V0002,INV-18469,05/18/2025,703.46,GBP,6000,Office supplies
T002035,V0014,INV-93147,05/24/2024,"£1,294.95",GBP,6100,Office supplies
T002036,V0024,INV-32764,28/07/2024,"8,396.97",GBP,6100,Freight
T002037,V0021,INV-65868,04/23/2025,621.20,GBP,6200,Office supplies
T002038,V0185,INV-35891,07 Sep 2024,230.47,GBP,6300,Office supplies
T002039,V0156,INV-42632,11/06/2024,392.24,GBP,6200,Freight
T002040,V0115,INV-93309,25/07/2024,57.63,GBP,6200,Ad spend
T002041,V0021,INV-57131,02/11/2025,187.88,GBP,6300,Office supplies
T002042,V0121,INV-67852,2025-03-08,£257.18,GBP,6400,Freight
T002043,V0189,INV-66810,08/06/2024,226.67,GBP,6300,Software licence
T002044,V0196,INV-59993,13 Mar 2025,£477.04,GBP,6000,Air travel
T002045,V0153,INV-80411,05/06/2024,163.26,GBP,6400,Advisory fee
T002046,V0045,INV-43723,01/24/2025,"1,384.55",GBP,6300,Air travel
T002047,V0117,INV-47122,01/19/2025,403.52,GBP,6400,Freight
T002048,V0124,INV-19429,07/12/2024,399.32,GBP,6100,Advisory fee
T002049,V0121,INV-35652,07/06/2024,281.27,GBP,6100,Software licence
T002050,V0004,INV-75627,2025-01-18,478.53,GBP,6300,Ad spend
T002051,V0107,INV-61727,17/01/2025,999.85,GBP,6300,Ad spend
T002052,V0079,INV-94023,13/03/2024,155.42,GBP,6300,Software licence
T002053,V0032,INV-60439,15 Jun 2024,195.60,GBP,6100,Ad spend
T002054,V0066,INV-55688,05 Jun 2025,288.85,GBP,6500,Ad spend
T002055,V0163,INV-58258,29 Feb 2024,£91.79,GBP,6500,Ad spend
T002056,V0109,INV-42347,2024-09-05,163.83,GBP,6300,Software licence
T002057,V0093,INV-92700,2024-01-29,238.93,GBP,6500,Advisory fee
T002058,V0166,INV-29383,09/24/2024,"£1,055.56",GBP,6400,Ad spend
T002059,V0175,INV-29315,17 Sep 2024,£538.52,GBP,6100,Freight
T002060,V0149,INV-96848,2024-06-14,499.17,GBP,6000,Software licence
T002061,V0198,INV-22098,01/28/2025,"1,028.63",GBP,6300,Advisory fee
T002062,V0151,INV-20531,06/14/2025,346.85,GBP,6100,Ad spend
T002063,,INV-65950,15/09/2024,619.87,GBP,6500,Air travel
T002064,V0129,INV-79887,01/26/2025,£360.13,GBP,6400,Air travel
T002065,V0188,INV-63950,2024-04-01,£540.18,GBP,6000,Advisory fee
T002066,V0147,INV-55140,26/05/2024,212.50,GBP,6200,Advisory fee
T002067,V0054,INV-62162,11 Nov 2024,"9,999.00",GBP,6000,Office supplies
T002068,V0126,INV-10206,2024-04-09,348.03,GBP,6000,Advisory fee
T002069,V0107,INV-78807,2025-03-02,1929.51,GBP,6500,Air travel
T002070,V0188,INV-66485,2024-06-23,1117.49,GBP,6100,Air travel
T002071,V0048,INV-27607,2024-07-21,1166.70,GBP,6300,Office supplies
T002072,V0129,INV-24449,04/06/2025,1571.43,GBP,6400,Office supplies
T002073,V0048,INV-36337,03/01/2024,444.75,GBP,6500,Office supplies
T002074,V0195,INV-35150,22 Sep 2024,£501.22,GBP,6300,Ad spend
T002075,V0161,INV-91844,21 Apr 2024,204.50,GBP,6500,Office supplies
T002076,V0021,INV-48420,28 Mar 2024,284.95,GBP,6300,Software licence
T002077,V0071,INV-18423,16/12/2024,£794.21,GBP,6000,Freight
T002078,V0061,INV-72638,11/05/2025,"£1,516.67",GBP,6500,Software licence
T002079,V0003,INV-18002,2024-09-29,346.06,GBP,6000,Advisory fee
T002080,V0150,INV-15486,2024-04-09,£245.87,GBP,6100,Freight
T002081,V0002,INV-59239,16 Jun 2025,403.66,GBP,6200,Ad spend
T002082,V0122,INV-54175,03/15/2025,781.59,GBP,6200,Air travel
T002083,V0175,INV-54967,2024-11-18,82.41,GBP,6100,Air travel
T002084,V0171,INV-62228,22/01/2025,32.27,GBP,6400,Software licence
T002085,V0092,INV-53287,12 Apr 2024,220.17,GBP,6000,Ad spend
T002086,V0179,INV-62665,05/22/2024,105.34,GBP,6000,Freight
T002087,V0032,INV-79550,2024-10-13,230.68,GBP,6500,Office supplies
T002088,V0095,INV-69233,05/01/2025,342.9,GBP,6400,Ad spend
T002089,V0170,INV-34633,2024-01-04,245.04,GBP,6500,Air travel
T002090,V0005,INV-93070,01/03/2025,"£1,993.63",GBP,6000,Advisory fee
T002091,V0084,INV-98857,30 Mar 2025,577.91,GBP,6100,Freight
T002092,V0125,INV-62450,24/03/2024,561.45,GBP,6200,Ad spend
T002093,V0122,INV-96289,04/12/2024,799.85,GBP,6500,Ad spend
T002094,V0076,INV-89583,18 Jul 2024,£115.27,GBP,6500,Office supplies
T002095,V0134,INV-84959,2025-05-31,"£1,265.25",GBP,6000,Office supplies
T002096,V0128,INV-21415,04 Nov 2024,371.17,GBP,6500,Freight
T002097,V0120,INV-32027,01 Apr 2025,843.47,GBP,6000,Ad spend
T002098,V0170,INV-80866,09/03/2024,£124.08,GBP,6100,Office supplies
T002099,V0044,INV-96474,2024-04-01,73.03,GBP,6000,Ad spend
T002100,V0184,INV-13830,13 Jun 2024,£991.96,GBP,6200,Ad spend
T002101,V0197,INV-46747,13/08/2024,610.36,GBP,6500,Air travel
T002102,V0171,INV-72429,2024-05-06,149.57,GBP,6500,Office supplies
T002103,V0137,INV-93040,18 May 2025,154.99,GBP,6000,Advisory fee
T002104,V0086,INV-39334,03/07/2024,"1,391.28",GBP,6500,Air travel
T002105,V0097,INV-60023,2025-03-23,109.03,GBP,6100,Office supplies
T002106,V0067,INV-25163,24/10/2024,2457.6,GBP,6000,Software licence
T002107,V0023,INV-54595,07/11/2024,149.8,GBP,6500,Software licence
T002108,V0147,INV-58200,2024-05-10,£814.22,GBP,6200,Ad spend
T002109,V0148,INV-10220,14/11/2024,281.05,GBP,6000,Freight
T002110,V0138,INV-34885,02/01/2025,783.29,GBP,6300,Air travel
T002111,V0198,INV-57844,05/09/2024,221.73,GBP,6400,Advisory fee
T002112,V0155,INV-87434,15 Aug 2024,337.28,GBP,6000,Ad spend
T002113,V0003,INV-80555,16 Apr 2025,422.00,GBP,6200,Office supplies
T002114,V0076,INV-38692,2025-05-26,133.97,GBP,6500,Ad spend
T002115,V0038,INV-88835,17/10/2024,£911.33,GBP,6100,Advisory fee
T002116,V0171,INV-14501,2024-11-23,229.40,GBP,6200,Freight
T002117,V0177,INV-26182,2024-10-07,313.73,GBP,6500,Freight
T002118,V0123,INV-92716,08 Aug 2024,135.13,GBP,6300,Air travel
T002119,V0181,INV-59375,2024-03-01,24.08,GBP,6200,Office supplies
T002120,V0184,INV-37605,2024-08-18,326.97,GBP,6500,Advisory fee
T002121,V0014,INV-33464,14 May 2025,"5,732.33",GBP,6500,Ad spend
T002122,V0077,INV-96409,06/12/2024,956.29,GBP,6000,Freight
T002123,V0101,INV-54225,08 Mar 2025,394.97,GBP,6500,Ad spend
T002124,V0090,INV-61296,04 Feb 2025,302.12,GBP,6000,Freight
T002125,V0187,INV-47098,10/16/2024,413.52,GBP,6500,Office supplies
T002126,V0180,INV-81828,07/02/2025,736.44,GBP,6000,Office supplies
T002127,V9842,INV-86072,2024-02-25,110.07,GBP,6500,Air travel
T002128,V0118,INV-95804,16 Jun 2024,1374.37,GBP,6400,Office supplies
T002129,V0114,INV-73234,25/10/2024,886.18,GBP,6100,Office supplies
T002130,V0056,INV-35644,01/10/2024,888.92,GBP,6200,Advisory fee
T002131,V0148,INV-23362,31 May 2024,653.49,GBP,6300,Ad spend
T002132,V0174,INV-32049,2024-02-27,412.23,GBP,6000,Air travel
T002133,V0122,INV-33544,02/23/2024,845.69,GBP,6000,Freight
T002134,V0167,INV-54366,20/03/2025,773.55,GBP,6100,Advisory fee
T002135,V0185,INV-62952,07/09/2024,,GBP,6000,Software licence
T002136,V0062,INV-61989,15 May 2025,214.66,GBP,6200,Advisory fee
T002137,V0153,INV-32608,2025-01-19,451.26,GBP,6500,Advisory fee
T002138,V0169,INV-21745,04/19/2025,"2,217.03",GBP,6500,Ad spend
T002139,V0071,INV-92881,31/03/2025,103.23,GBP,6200,Software licence
T002140,V0031,INV-25286,25 Mar 2024,80.30,GBP,6000,Ad spend
T002141,V0165,INV-97659,05 Jun 2025,£483.59,GBP,6100,Software licence
T002142,V0151,INV-85101,06/05/2025,426.66,GBP,6200,Advisory fee
T002143,V0191,INV-22393,04/07/2024,£488.18,GBP,6300,Ad spend
T002144,V0166,INV-66840,2024-11-01,527.61,GBP,6400,Office supplies
T002145,V0026,INV-52628,06 Mar 2024,315.60,GBP,6500,Freight
T002146,V0048,INV-63127,21/01/2024,"£2,077.35",GBP,6300,Freight
T002147,V0138,INV-79479,15 May 2025,69.34,GBP,6000,Freight
T002148,V0150,INV-80645,2024-05-07,162.17,GBP,6100,Advisory fee
T002149,V0031,INV-33680,03 Jul 2024,£360.11,GBP,6000,Freight
T002150,V0115,INV-51195,05 May 2024,66.19,GBP,6000,Office supplies
T002151,V0148,INV-37030,2024-06-14,332.47,GBP,6000,Freight
T002152,V0066,INV-14588,2024-03-27,"£2,508.94",GBP,6000,Freight
T002153,V0077,INV-57652,24/06/2024,412.80,GBP,6300,Advisory fee
T002154,V0001,INV-42550,03 Nov 2024,519.97,GBP,6000,Freight
T002155,V0076,INV-96397,31/03/2025,£100.87,GBP,6100,Freight
T002156,V0126,INV-51017,19 Jun 2025,204.79,GBP,6200,Freight
T002157,V0138,INV-76924,08/02/2024,267.01,GBP,6500,Software licence
T002158,V0170,INV-15863,2024-08-30,284.44,GBP,6000,Office supplies
T002159,V0037,INV-49283,2024-08-08,1652.11,GBP,6100,Freight
T002160,V0142,INV-38316,01/02/2025,745.06,GBP,6200,Office supplies
T002161,V0187,INV-91567,03/08/2025,£118.79,GBP,6000,Freight
T002162,V0066,INV-44167,25 Jan 2025,529.09,GBP,6500,Office supplies
T002163,V0103,INV-69777,2024-03-26,697.88,GBP,6200,Advisory fee
T002164,V0109,INV-28775,27 Jul 2024,"£1,413.98",GBP,6000,Advisory fee
T002165,V0188,INV-45310,2024-07-16,"£2,295.24",GBP,6500,Air travel
T002166,V0145,INV-96155,07/06/2025,132.08,GBP,6400,Office supplies
T002167,V0108,INV-30118,2024-11-19,165.35,GBP,6300,Ad spend
T002168,V0007,INV-89116,10 Sep 2024,101.16,GBP,6000,Air travel
T002169,V0032,INV-79660,2024-04-22,311.87,GBP,6500,Freight
T002170,V0105,INV-18645,2024-12-03,£673.84,GBP,6500,Software licence
T002171,V0093,INV-53714,06 Oct 2024,"1,195.20",GBP,6100,Office supplies
T002172,V0071,INV-11292,2024-04-10,371.09,GBP,6300,Office supplies
T002173,V0097,INV-23762,06 May 2024,"£90,000.00",GBP,6100,Freight
T002174,V0187,INV-50180,2025-05-16,476.72,GBP,6000,Freight
T002175,V0090,INV-84993,15/10/2024,£160.99,GBP,6400,Air travel
T002176,V0156,INV-22984,2024-02-19,"£4,017.81",GBP,6100,Air travel
T002177,V0193,INV-61060,2024-07-04,68.83,GBP,6200,Advisory fee
T002178,V0174,INV-79688,02/16/2025,494.34,GBP,6300,Freight
T002179,V0033,INV-43955,10 Jan 2024,3736.73,GBP,6500,Freight
T002180,V0183,INV-30380,2024-05-09,406.46,GBP,6100,Ad spend
T002181,V0146,INV-45044,24 Feb 2024,327.33,GBP,6500,Advisory fee
T002182,V0095,INV-42651,04 Mar 2025,272.27,GBP,6500,Ad spend
T002183,V0047,INV-67535,2024-12-28,330.82,GBP,6300,Freight
T002184,V0074,INV-46152,14 Mar 2025,"1,826.46",GBP,6400,Advisory fee
T002185,V0059,INV-50001,03/30/2024,35.41,GBP,6200,Ad spend
T002186,V0198,INV-50991,02/04/2024,"2,179.34",GBP,6500,Software licence
T002187,V0020,INV-41462,05/04/2024,£84.24,GBP,6100,Freight
T002188,V0015,INV-21086,19/10/2024,300.87,GBP,6400,Ad spend
T002189,V0003,INV-65572,06/04/2025,251.6,GBP,6500,Office supplies
T002190,V0123,INV-75248,06/11/2025,770.78,GBP,6500,Advisory fee
T002191,V0137,INV-26343,19/02/2025,69.55,GBP,6000,Freight
T002192,V0049,INV-10955,03/11/2025,670.75,GBP,6500,Freight
T002193,V0192,INV-55227,07 Sep 2024,"3,739.62",GBP,6500,Advisory fee
T002194,V0136,INV-99663,02/13/2024,90.06,GBP,6400,Ad spend
T002195,V0044,INV-98410,20/06/2025,497.04,GBP,6100,Office supplies
T002196,V0020,INV-58110,05/16/2024,194.77,GBP,6400,Air travel
T002197,V0014,INV-65407,22/05/2025,644.5,GBP,6300,Office supplies
T002198,V0096,INV-24841,2024-12-12,412.02,GBP,6500,Office supplies
T002199,V0139,INV-25448,24/10/2024,199.21,GBP,6200,Ad spend
T002200,V0076,INV-44701,06 Aug 2024,689.98,GBP,6000,Advisory fee
T002201,V0162,INV-84559,07/02/2025,2935.94,GBP,6100,Air travel
T002202,V0165,INV-77571,06/02/2024,327.01,GBP,6300,Freight
T002203,V0125,INV-17536,2024-12-30,890.46,GBP,6000,Freight
T002204,V0118,INV-53063,11/01/2024,97.26,GBP,6200,Software licence
T002205,V0002,INV-55838,2024-07-09,140.88,GBP,6300,Air travel
T002206,V0003,INV-23282,17 Mar 2025,678.34,GBP,6300,Office supplies
T002207,V0022,INV-79349,06/10/2025,"£2,064.26",GBP,6100,Ad spend
T002208,V0032,INV-73886,08/01/2024,£596.56,GBP,6100,Advisory fee
T002209,V0065,INV-39634,04/26/2025,285.90,GBP,6300,Air travel
T002210,V9587,INV-57775,2025-03-14,403.11,GBP,6100,Freight
T002211,V0069,INV-24246,03/25/2025,101.96,GBP,6500,Ad spend
T002212,V0042,INV-28333,2024-12-28,784.44,GBP,6500,Ad spend
T002213,V0002,INV-57085,22/07/2024,1064.83,GBP,6000,Office supplies
T002214,V0073,INV-15276,16 May 2024,245.35,GBP,6300,Ad spend
T002215,V0191,INV-53412,2024-02-02,£240.56,GBP,6100,Advisory fee
T002216,V0051,INV-72822,29/09/2024,540.48,GBP,6000,Ad spend
T002217,V0126,INV-82105,05/22/2025,£249.54,GBP,6500,Advisory fee
T002218,V0033,INV-52583,13/02/2025,375.12,GBP,6400,Advisory fee
T002219,V0190,INV-60967,14 May 2024,4063.07,GBP,6000,Software licence
T002220,V0006,INV-26531,2024-06-08,307.44,GBP,6200,Freight
T002221,V0004,INV-99710,30/08/2024,£272.01,GBP,6000,Advisory fee
T002222,V0088,INV-66317,09 Jan 2024,197.89,GBP,6300,Ad spend
T002223,V0075,INV-46991,2025-05-12,£914.71,GBP,6000,Ad spend
T002224,V0064,INV-90951,05/06/2024,330.52,GBP,6500,Freight
T002225,V0048,INV-42698,10/14/2024,197.49,GBP,6000,Air travel
T002226,V0180,INV-42421,03/15/2025,"£1,725.78",GBP,6100,Ad spend
T002227,V0181,INV-23508,29 May 2025,1922.85,GBP,6400,Office supplies
T002228,V0049,INV-87489,01/06/2024,£208.42,GBP,6100,Software licence
T002229,V0034,INV-62596,02/09/2024,51.77,GBP,6200,Office supplies
T002230,V0038,INV-65876,19 Jan 2024,1222.03,GBP,6400,Office supplies
T002231,V0024,INV-16678,24/01/2025,189.98,GBP,6300,Freight
T002232,V0079,INV-93009,08/24/2024,962.65,GBP,6100,Air travel
T002233,V0110,INV-72809,03 Mar 2024,£46.20,GBP,6400,Ad spend
T002234,V0165,INV-16770,07/11/2024,1076.92,GBP,6000,Air travel
T002235,V0094,INV-46773,2024-12-25,£106.45,GBP,6500,Ad spend
T002236,V0064,INV-51922,18 Feb 2024,901.30,GBP,6100,Software licence
T002237,V0001,INV-16832,25 Nov 2024,409.81,GBP,6100,Air travel
T002238,V0121,INV-46721,13 Apr 2024,141.27,GBP,6300,Office supplies
T002239,V0065,INV-74393,07 Jan 2025,257.82,GBP,6200,Air travel
T002240,V0029,INV-22699,01/14/2024,858.3,GBP,6500,Freight
T002241,V0198,INV-27079,2024-12-05,£453.27,GBP,6200,Advisory fee
T002242,V0093,INV-87189,15 Jan 2025,767.28,GBP,6100,Advisory fee
T002243,V0071,INV-37529,2025-01-28,"3,547.81",GBP,6000,Software licence
T002244,V0034,INV-92517,03 May 2024,72.19,GBP,6000,Freight
T002245,V0168,INV-34960,2024-07-16,2389.73,GBP,6500,Ad spend
T002246,V0026,INV-19814,17 Dec 2024,452.50,GBP,6200,Advisory fee
T002247,V0122,INV-36476,06/06/2024,150.11,GBP,6000,Office supplies
T002248,V0050,INV-64815,15/09/2024,£93.38,GBP,6400,Air travel
T002249,V0094,INV-68783,2024-04-30,327.66,GBP,6300,Software licence
T002250,V0124,INV-64919,06/20/2025,"£1,111.89",GBP,6400,Software licence
T002251,V0043,INV-88532,10/07/2024,£350.62,GBP,6500,Office supplies
T002252,V0075,INV-15956,03/03/2024,2126.58,GBP,6500,Office supplies
T002253,V0190,INV-62100,21/05/2025,81.75,GBP,6500,Freight
T002254,V0132,INV-19828,18/06/2024,£398.10,GBP,6300,Freight
T002255,V0099,INV-83727,2025-02-03,101.73,GBP,6300,Freight
T002256,V0070,INV-37122,07/07/2024,601.84,GBP,6000,Office supplies
T002257,V0147,INV-38548,10/01/2024,"1,070.17",GBP,6400,Ad spend
T002258,V0129,INV-78822,2024-09-22,253.96,GBP,6200,Office supplies
T002259,V0076,INV-45194,01 May 2024,23.00,GBP,6100,Office supplies
T002260,V0012,INV-79935,31/08/2024,502.12,GBP,6200,Software licence
T002261,V0164,INV-29416,11/10/2024,£652.24,GBP,6100,Air travel
T002262,V0014,INV-94202,11/09/2024,629.37,GBP,6100,Freight
T002263,V0030,INV-10183,21/12/2024,"£1,570.83",GBP,6500,Freight
T002264,V0095,INV-52540,26/03/2024,124.19,GBP,6500,Freight
T002265,V0068,INV-27512,2025-02-22,£852.55,GBP,6400,Air travel
T002266,V0084,INV-17505,01/11/2024,"1,497.81",GBP,6200,Office supplies
T002267,V0188,INV-46659,2024-06-29,£57.03,GBP,6200,Software licence
T002268,V0138,INV-96155,18/04/2024,573.42,GBP,6500,Advisory fee
T002269,V0177,INV-60067,20 Sep 2024,231.69,GBP,6500,Advisory fee
T002270,V0155,INV-82204,2024-07-30,368.83,GBP,6300,Office supplies
T002271,V0084,INV-45231,27/07/2024,£591.37,GBP,6400,Advisory fee
T002272,V0193,INV-61834,06/08/2024,£236.05,GBP,6300,Office supplies
T002273,V0187,INV-66872,2025-01-12,191.85,GBP,6100,Ad spend
T002274,V0024,INV-75006,04 Jul 2024,£418.87,GBP,6300,Office supplies
T002275,V0046,INV-34754,2025-05-17,122.00,GBP,6500,Office supplies
T002276,V0166,INV-46968,2024-01-22,122.19,GBP,6200,Office supplies
T002277,V0046,INV-61668,11 Jul 2024,851.76,GBP,6000,Office supplies
T002278,V0019,INV-65888,08/09/2024,£114.01,GBP,6300,Advisory fee
T002279,V0104,INV-23137,06/23/2025,839.62,GBP,6100,Advisory fee
T002280,V0193,INV-11545,04/12/2024,671.05,GBP,6300,Ad spend
T002281,V0006,INV-24422,01/14/2024,60.44,GBP,6500,Software licence
T002282,V0034,INV-42550,26 Mar 2024,191.46,GBP,6200,Office supplies
T002283,V0161,INV-88595,01/14/2024,"£9,500.00",GBP,6000,Software licence
T002284,V0139,INV-54353,2024-03-28,137.10,GBP,6100,Office supplies
T002285,V0123,INV-83774,03/30/2025,242.05,GBP,6100,Air travel
T002286,V0085,INV-72771,07/06/2024,£670.66,GBP,6100,Software licence
T002287,V0140,INV-45056,05/06/2024,955.02,GBP,6000,Software licence
T002288,V0027,INV-81387,2024-10-30,305.91,GBP,6000,Freight
T002289,V0107,INV-28590,02/01/2024,209.08,GBP,6100,Software licence
T002290,V0059,INV-65985,01/29/2025,"1,928.71",GBP,6100,Air travel
T002291,V0168,INV-47597,19 Aug 2024,"£2,732.00",GBP,6500,Ad spend
T002292,,INV-24733,05/18/2025,"1,184.11",GBP,6100,Software licence
T002293,V0058,INV-23334,10/15/2024,443.12,GBP,6200,Software licence
T002294,V0158,INV-53741,05/01/2024,165.82,GBP,6200,Software licence
T002295,V0012,INV-89233,03/06/2024,161.82,GBP,6100,Ad spend
T002296,V0136,INV-53888,07/04/2024,716.78,GBP,6500,Ad spend
T002297,V0039,INV-97460,2024-11-04,639.21,GBP,6400,Air travel
T002298,V0090,INV-23621,04 Oct 2024,1885.14,GBP,6300,Advisory fee
T002299,V0095,INV-44786,19/03/2024,£825.09,GBP,6000,Office supplies
T002300,V0200,INV-95964,05/30/2024,£77.22,GBP,6200,Office supplies
T002301,V0100,INV-68549,04/05/2025,"£1,283.24",GBP,6000,Software licence
T002302,V0148,INV-66027,2024-10-12,134.58,GBP,6100,Software licence
T002303,V0083,INV-26716,05/07/2024,264.44,GBP,6300,Air travel
T002304,V0082,INV-74776,10/03/2025,531.24,GBP,6300,Advisory fee
T002305,V0106,INV-88871,07/12/2024,"3,623.64",GBP,6100,Advisory fee
T002306,V0063,INV-60224,2025-03-04,12343.82,GBP,6400,Ad spend
T002307,V0138,INV-79962,05/19/2025,786.34,GBP,6400,Freight
T002308,V0059,INV-60413,2024-03-26,329.8,GBP,6400,Advisory fee
T002309,V0108,INV-79067,2024-08-12,726.29,GBP,6500,Software licence
T002310,V0061,INV-57409,03/01/2024,1071.08,GBP,6100,Software licence
T002311,V0093,INV-83187,30 Apr 2025,283.52,GBP,6100,Software licence
T002312,V0016,INV-55789,01/04/2025,"2,906.58",GBP,6100,Air travel
T002313,V0118,INV-28892,03/07/2025,519.61,GBP,6100,Office supplies
T002314,V0058,INV-17322,2024-05-21,697.51,GBP,6000,Advisory fee
T002315,V0181,INV-28753,01/21/2025,£839.26,GBP,6500,Software licence
T002316,V0179,INV-65667,15 Jan 2025,641.46,GBP,6000,Advisory fee
T002317,V0028,INV-96867,2024-03-16,"1,015.19",GBP,6300,Freight
T002318,V0041,INV-13956,05/30/2024,204.59,GBP,6200,Office supplies
T002319,V0021,INV-42118,19/03/2024,218.3,GBP,6000,Freight
T002320,V0107,INV-29623,2024-07-05,120.28,GBP,6300,Advisory fee
T002321,V0036,INV-79133,2024-11-02,654.23,GBP,6300,Ad spend
T002322,V0185,INV-54215,03/30/2025,£950.35,GBP,6500,Advisory fee
T002323,V0004,INV-47587,23/04/2024,667.51,GBP,6100,Software licence
T002324,V0165,INV-14209,06/26/2024,2545.14,GBP,6400,Office supplies
T002325,V0003,INV-61955,03/09/2025,400.95,GBP,6500,Ad spend
T002326,V0142,INV-43823,28/05/2025,841.86,GBP,6200,Advisory fee
T002327,V0059,INV-65531,2024-06-09,121.40,GBP,6200,Software licence
T002328,V0134,INV-59487,05/08/2024,263.54,GBP,6500,Office supplies
T002329,V0103,INV-91139,02/27/2024,867.05,GBP,6100,Ad spend
T002330,V0048,INV-83307,2024-03-20,"1,026.60",GBP,6500,Ad spend
T002331,V0123,INV-51050,2025-02-18,£291.97,GBP,6300,Office supplies
T002332,V0014,INV-58690,03/10/2025,372.87,GBP,6100,Air travel
T002333,V0028,INV-23683,03/20/2024,75.97,GBP,6200,Freight
T002334,V0200,INV-53970,2024-01-29,£272.40,GBP,6100,Air travel
T002335,V0042,INV-80984,19/04/2024,90000.0,GBP,6000,Office supplies
T002336,V0153,INV-11438,11/12/2024,£759.55,GBP,6100,Freight
T002337,V0052,INV-93674,2024-02-03,699.76,GBP,6100,Air travel
T002338,V0022,INV-84727,15 Feb 2024,426.13,GBP,6400,Ad spend
T002339,V0012,INV-16297,18/11/2024,£406.58,GBP,6000,Air travel
T002340,V0003,INV-56746,16 Oct 2024,195.13,GBP,6300,Freight
T002341,V0050,INV-51218,04/02/2025,870.19,GBP,6500,Air travel
T002342,V0034,INV-98432,09 Apr 2024,£641.03,GBP,6200,Ad spend
T002343,V0190,INV-76005,04/13/2024,693.13,GBP,6400,Office supplies
T002344,V0007,INV-86962,26 Jan 2025,£226.19,GBP,6300,Freight
T002345,V0010,INV-48026,2024-06-14,£37.76,GBP,6100,Advisory fee
T002346,V0119,INV-20322,04/05/2024,"1,348.66",GBP,6500,Office supplies
T002347,V0056,INV-99320,2024-05-24,£238.24,GBP,6500,Office supplies
T002348,V0129,INV-77672,06/19/2025,£156.17,GBP,6200,Ad spend
T002349,V0034,INV-54436,24/10/2024,865.08,GBP,6200,Freight
T002350,V0111,INV-15244,31/01/2025,262.12,GBP,6100,Office supplies
T002351,V0157,INV-89544,17 Mar 2024,"1,294.57",GBP,6100,Freight
T002352,V0161,INV-75211,2024-04-09,£795.29,GBP,6000,Office supplies
T002353,V0197,INV-50572,03/30/2024,855.71,GBP,6300,Software licence
T002354,V0117,INV-51119,06/22/2024,£89.79,GBP,6200,Office supplies
T002355,V0018,INV-46715,2025-01-07,"£1,530.18",GBP,6200,Software licence
T002356,V0019,INV-33486,16/04/2025,£537.74,GBP,6200,Ad spend
T002357,V0066,INV-67939,2024-05-23,268.75,GBP,6000,Freight
T002358,V0125,INV-15189,2025-01-07,472.35,GBP,6200,Ad spend
T002359,V0105,INV-91223,2024-05-12,57.18,GBP,6300,Air travel
T002360,V0132,INV-91871,17/11/2024,632.40,GBP,6200,Software licence
T002361,V0175,INV-64158,02 Jun 2025,£130.02,GBP,6300,Air travel
T002362,V0175,INV-15593,2024-02-28,91.11,GBP,6500,Office supplies
T002363,V0180,INV-83505,09 Jan 2024,£75.60,GBP,6100,Software licence
T002364,V0075,INV-59259,11 Jun 2024,1371.91,GBP,6400,Ad spend
T002365,V0019,INV-39235,01 Feb 2025,201.91,GBP,6300,Advisory fee
T002366,V0024,INV-55735,04/22/2025,2180.04,GBP,6300,Advisory fee
T002367,V0137,INV-70929,2024-04-21,£223.77,GBP,6000,Office supplies
T002368,V0188,INV-24201,10 Feb 2025,61.68,GBP,6300,Office supplies
T002369,V0103,INV-53086,07/03/2024,118.13,GBP,6200,Air travel
T002370,V0155,INV-73739,05/08/2024,"1,570.88",GBP,6500,Advisory fee
T002371,V0122,INV-24984,12 Oct 2024,339.85,GBP,6300,Software licence
T002372,V0140,INV-30413,04/26/2025,220.72,GBP,6100,Advisory fee
T002373,V0055,INV-51967,02 Feb 2024,£481.07,GBP,6400,Ad spend
T002374,V0016,INV-57381,03/16/2025,700.62,GBP,6300,Office supplies
T002375,V0014,INV-37720,01/24/2024,"£1,379.03",GBP,6500,Ad spend
T002376,V0070,INV-43039,29/06/2024,"1,984.95",GBP,6000,Office supplies
T002377,V0018,INV-45901,02/18/2025,271.58,GBP,6000,Air travel
T002378,V0183,INV-69168,2025-03-05,93.82,GBP,6400,Office supplies
T002379,V0172,INV-44006,07/07/2024,£256.00,GBP,6000,Software licence
T002380,V0110,INV-54829,2024-10-31,537.17,GBP,6100,Office supplies
T002381,V0090,INV-64932,08/05/2025,£139.75,GBP,6300,Freight
T002382,V0177,INV-31061,2025-03-23,140.77,GBP,6200,Advisory fee
T002383,V0147,INV-61005,2024-01-11,588.85,GBP,6400,Freight
T002384,V0051,INV-20198,05/28/2024,382.41,GBP,6200,Advisory fee
T002385,V0188,INV-51486,01/15/2024,418.25,GBP,6100,Ad spend
T002386,V0038,INV-75463,11/20/2024,175.15,GBP,6000,Advisory fee
T002387,V0105,INV-44446,17 Jun 2025,£313.11,GBP,6500,Software licence
T002388,V0116,INV-26478,2025-04-05,145.96,GBP,6500,Freight
T002389,V0025,INV-14782,11 Aug 2024,"£1,074.08",GBP,6500,Office supplies
T002390,V0108,INV-81576,06/19/2024,1259.88,GBP,6400,Ad spend
T002391,V0056,INV-55624,02 Aug 2024,52.94,GBP,6100,Advisory fee
T002392,V0148,INV-11883,14/01/2025,145.12,GBP,6200,Software licence
T002393,V0078,INV-50234,2025-05-29,77.77,GBP,6000,Advisory fee
T002394,V0128,INV-95054,04/11/2025,£197.35,GBP,6300,Ad spend
T002395,V0091,INV-56165,2025-03-12,368.05,GBP,6400,Air travel
T002396,V0030,INV-33044,14/04/2025,81.89,GBP,6300,Air travel
T002397,V0046,INV-82450,06/15/2024,£146.34,GBP,6400,Ad spend
T002398,V0098,INV-47359,23/03/2025,133.71,GBP,6500,Air travel
T002399,V0180,INV-91313,11 Apr 2024,506.74,GBP,6000,Software licence
T002400,V0023,INV-95147,17/01/2024,435.41,GBP,6400,Ad spend
T002401,V0027,INV-75064,04/12/2024,£182.38,GBP,6500,Ad spend
T002402,V0129,INV-86183,2024-02-03,£490.05,GBP,6500,Air travel
T002403,V0108,INV-37770,16/08/2024,221.11,GBP,6300,Freight
T002404,V0098,INV-25007,07/19/2024,299.22,GBP,6300,Software licence
T002405,V0090,INV-70810,02/26/2025,2542.23,GBP,6500,Advisory fee
T002406,V0190,INV-61879,2024-01-08,"1,762.53",GBP,6200,Office supplies
T002407,V0130,INV-47172,01 Oct 2024,96.59,GBP,6500,Air travel
T002408,V0079,INV-64357,2024-09-04,1004.96,GBP,6000,Ad spend
T002409,V0009,INV-12035,27 Jan 2024,984.90,GBP,6100,Air travel
T002410,V0133,INV-88636,21 Nov 2024,114.08,GBP,6200,Office supplies
T002411,V0147,INV-66363,09/04/2024,£992.93,GBP,6400,Ad spend
T002412,V0050,INV-90775,2025-02-06,2190.15,GBP,6000,Freight
T002413,V0110,INV-26891,03/02/2025,117.35,GBP,6500,Office supplies
T002414,V0104,INV-51697,06/13/2025,147.05,GBP,6100,Ad spend
T002415,V9472,INV-23051,09/05/2024,"1,235.74",GBP,6400,Software licence
T002416,V0162,INV-85619,2025-02-05,543.83,GBP,6500,Air travel
T002417,V0142,INV-30847,26 Nov 2024,£739.98,GBP,6100,Software licence
T002418,V0024,INV-13360,23/03/2025,586.78,GBP,6000,Advisory fee
T002419,V0198,INV-87763,2024-06-05,620.03,GBP,6000,Freight
T002420,V0182,INV-81260,03/21/2024,93.77,GBP,6400,Ad spend
T002421,V0007,INV-27111,09 Apr 2025,1276.72,GBP,6500,Advisory fee
T002422,V0200,INV-56939,07/10/2024,"£1,460.52",GBP,6100,Advisory fee
T002423,V0057,INV-48918,17/07/2024,£313.46,GBP,6400,Office supplies
T002424,V0186,INV-59559,23 Sep 2024,384.59,GBP,6500,Software licence
T002425,V0071,INV-20874,05/27/2024,74.87,GBP,6500,Software licence
T002426,V0164,INV-85937,15 Apr 2024,710.29,GBP,6000,Ad spend
T002427,V0153,INV-26080,19 Apr 2024,756.92,GBP,6100,Air travel
T002428,V0068,INV-33675,05/04/2024,376.75,GBP,6000,Ad spend
T002429,V0093,INV-37259,04/02/2025,1389.62,GBP,6000,Ad spend
T002430,V0006,INV-64230,2024-03-16,279.36,GBP,6300,Advisory fee
T002431,V0020,INV-37563,03/05/2025,£750.75,GBP,6300,Air travel
T002432,V0163,INV-69097,13/06/2024,131.42,GBP,6100,Air travel
T002433,V0003,INV-33419,02/02/2024,393.11,GBP,6000,Air travel
T002434,V0089,INV-73427,06/01/2024,£333.02,GBP,6100,Freight
T002435,V0190,INV-43357,2024-05-04,£516.89,GBP,6100,Freight
T002436,V0008,INV-80248,24 Jan 2024,£268.68,GBP,6400,Freight
T002437,V0195,INV-29968,08/09/2024,349.11,GBP,6200,Software licence
T002438,V0056,INV-13866,12/01/2024,"£1,000.90",GBP,6100,Office supplies
T002439,V0022,INV-26591,,249.53,GBP,6200,Ad spend
T002440,V0052,INV-22054,12/22/2024,68.91,GBP,6500,Freight
T002441,V0167,INV-48577,23/04/2025,"£2,764.30",GBP,6500,Ad spend
T002442,V0112,INV-77194,2025-02-13,"£1,843.83",GBP,6100,Air travel
T002443,V0045,INV-35936,14 Oct 2024,97.37,GBP,6300,Software licence
T002444,V0150,INV-87015,2024-11-15,£861.50,GBP,6100,Office supplies
T002445,V0185,INV-73941,03/19/2025,£232.00,GBP,6300,Ad spend
T002446,V0153,INV-45608,22 Nov 2024,£539.06,GBP,6400,Software licence
T002447,V0156,INV-60206,03/15/2025,£557.60,GBP,6100,Freight
T002448,V0091,INV-59015,06 Mar 2024,311.73,GBP,6300,Office supplies
T002449,V0009,INV-77024,2024-09-16,170.35,GBP,6400,Ad spend
T002450,V0076,INV-89152,2024-12-26,£188.75,GBP,6300,Software licence
T002451,V0030,INV-33580,26 Nov 2024,147.26,GBP,6300,Office supplies
T002452,V0092,INV-42154,03/15/2024,161.58,GBP,6100,Advisory fee
T002453,V0096,INV-58754,05/28/2024,374.69,GBP,6200,Software licence
T002454,V0003,INV-51758,12 Jan 2024,183.58,GBP,6500,Air travel
T002455,V0055,INV-70997,11/25/2024,854.28,GBP,6100,Freight
T002456,V0017,INV-60540,10/17/2024,2071.38,GBP,6400,Office supplies
T002457,V0135,INV-38503,15/04/2024,213.14,GBP,6400,Air travel
T002458,V0184,INV-89679,2024-03-17,£524.97,GBP,6400,Advisory fee
T002459,V0108,INV-99408,03/21/2025,£699.00,GBP,6200,Air travel
T002460,V0051,INV-35837,20 Feb 2024,678.04,GBP,6300,Ad spend
T002461,V0012,INV-45968,03/07/2025,£438.58,GBP,6000,Software licence
T002462,V0116,INV-32431,30 Nov 2024,£913.20,GBP,6400,Ad spend
T002463,V0061,INV-85551,22/01/2024,685.72,GBP,6200,Software licence
T002464,V0165,INV-85465,05 Jan 2024,103.40,GBP,6300,Air travel
T002465,V0034,INV-62797,07 Feb 2024,1049.50,GBP,6400,Freight
T002466,V0011,INV-54222,17 Jan 2024,1070.65,GBP,6000,Ad spend
T002467,V0025,INV-64405,04/11/2024,174.23,GBP,6200,Air travel
T002468,,INV-55327,13 Feb 2025,£420.62,GBP,6000,Freight
T002469,V0199,INV-51048,20 May 2025,855.48,GBP,6400,Software licence
T002470,V0101,INV-49117,04/10/2025,320.46,GBP,6300,Advisory fee
T002471,V0032,INV-59008,04/15/2024,1313.27,GBP,6000,Office supplies
T002472,V0013,INV-11362,05/22/2024,5433.07,GBP,6000,Air travel
T002473,V0177,INV-67105,19/08/2024,£169.93,GBP,6100,Software licence
T002474,V0049,INV-58349,06/01/2024,88.31,GBP,6500,Software licence
T002475,V0067,INV-15646,2024-04-23,563.52,GBP,6000,Air travel
T002476,V0020,INV-44567,12/03/2024,£892.23,GBP,6500,Freight
T002477,V0098,INV-45377,23/06/2024,312.95,GBP,6100,Freight
T002478,V0118,INV-25715,09/05/2024,"1,995.37",GBP,6200,Office supplies
T002479,V0193,INV-86563,02/27/2025,92.53,GBP,6500,Ad spend
T002480,V0172,INV-26039,06/18/2025,864.55,GBP,6400,Office supplies
T002481,V0148,INV-72642,16 May 2025,207.17,GBP,6200,Air travel
T002482,V0198,INV-73269,2024-08-19,2673.96,GBP,6000,Air travel
T002483,V0197,INV-48828,03/25/2024,"£3,611.10",GBP,6200,Freight
T002484,V0063,INV-96439,2024-07-29,£173.59,GBP,6500,Software licence
T002485,V0020,INV-74828,2024-03-02,220.41,GBP,6100,Software licence
T002486,V0172,INV-38329,24 Apr 2025,"1,038.51",GBP,6300,Office supplies
T002487,V0125,INV-23701,14 Dec 2024,263.53,GBP,6100,Freight
T002488,V0195,INV-79159,2025-06-10,383.77,GBP,6200,Air travel
T002489,V0182,INV-69509,06/06/2024,414.85,GBP,6400,Software licence
T002490,V0034,INV-38676,07/01/2025,£48.83,GBP,6300,Ad spend
T002491,V0159,INV-77300,07/26/2024,397.33,GBP,6300,Office supplies
T002492,V0018,INV-46416,09/03/2025,£188.92,GBP,6100,Advisory fee
T002493,V0079,INV-85660,04/14/2024,£234.53,GBP,6100,Ad spend
T002494,V0028,INV-24444,03/09/2024,1974.35,GBP,6000,Ad spend
T002495,V0048,INV-44964,30/01/2024,101.28,GBP,6300,Advisory fee
T002496,V0136,INV-69328,26/12/2024,986.86,GBP,6200,Software licence
T002497,V0141,INV-21018,28/12/2024,£296.82,GBP,6300,Office supplies
T002498,V0039,INV-62026,05/29/2025,£296.56,GBP,6300,Freight
T002499,V0086,INV-16967,27/03/2025,962.38,GBP,6200,Air travel
T002500,V0026,INV-16440,26/01/2025,586.43,GBP,6500,Ad spend
T002501,V0050,INV-48535,12 Jul 2024,£755.72,GBP,6300,Office supplies
T002502,V0153,INV-46166,20 May 2025,"1,170.29",GBP,6400,Ad spend
T002503,V0028,INV-99281,02/21/2024,£280.22,GBP,6500,Office supplies
T002504,V0029,INV-38780,04/27/2024,£205.72,GBP,6000,Software licence
T002505,V0148,INV-44888,01/09/2024,122.28,GBP,6000,Freight
T002506,V0026,INV-46105,08/19/2024,162.72,GBP,6400,Advisory fee
T002507,V9965,INV-63026,02/05/2025,10342.37,GBP,6300,Software licence
T002508,V0057,INV-45162,2025-05-22,"£1,586.28",GBP,6100,Office supplies
T002509,V0053,INV-55564,2024-10-21,91.27,GBP,6500,Freight
T002510,V0074,INV-10407,06/04/2024,94.19,GBP,6100,Freight
T002511,V0180,INV-91542,03 May 2025,£685.43,GBP,6500,Air travel
T002512,V0177,INV-41276,06/23/2024,736.56,GBP,6200,Advisory fee
T002513,V0018,INV-31842,10 Jul 2024,737.87,GBP,6200,Ad spend
T002514,V0037,INV-11669,04/30/2025,304.77,GBP,6300,Air travel
T002515,V0006,INV-33267,27 Sep 2024,351.43,GBP,6000,Office supplies
T002516,V0174,INV-11275,2024-12-26,578.63,GBP,6300,Freight
T002517,V0001,INV-74003,10 Sep 2024,443.40,GBP,6300,Software licence
T002518,V0012,INV-12279,24/10/2024,35.12,GBP,6100,Freight
T002519,V0129,INV-31928,05/30/2024,313.32,GBP,6000,Software licence
T002520,V0078,INV-53997,2025-04-08,158.14,GBP,6300,Advisory fee
T002521,V0090,INV-81527,20 Sep 2024,489.18,GBP,6500,Ad spend
T002522,V0065,INV-57748,14/04/2025,10762.09,GBP,6000,Air travel
T002523,V0078,INV-53743,06/14/2025,£604.40,GBP,6500,Freight
T002524,V0124,INV-24779,03/10/2024,£285.75,GBP,6500,Freight
T002525,V0187,INV-93859,01/22/2024,"£1,112.07",GBP,6100,Ad spend
T002526,V0057,INV-96424,25/05/2024,686.05,GBP,6200,Ad spend
T002527,V0008,INV-42029,17 Mar 2025,640.41,GBP,6200,Office supplies
T002528,V0191,INV-21701,2024-07-17,786.46,GBP,6300,Advisory fee
T002529,V0028,INV-45903,04/05/2025,"3,874.60",GBP,6400,Office supplies
T002530,V0068,INV-99006,2024-12-23,116.28,GBP,6200,Ad spend
T002531,V0151,INV-64695,2024-10-09,679.25,GBP,6200,Office supplies
T002532,V0011,INV-85958,2025-06-16,£145.62,GBP,6500,Air travel
T002533,V0157,INV-26116,19/03/2025,£743.27,GBP,6300,Freight
T002534,V0089,INV-47802,04/22/2024,146.85,GBP,6000,Ad spend
T002535,V0176,INV-29284,04/22/2025,£254.91,GBP,6500,Office supplies
T002536,V0134,INV-47982,15 Jun 2024,291.61,GBP,6200,Ad spend
T002537,V0074,INV-18469,10/28/2024,"£1,180.15",GBP,6000,Ad spend
T002538,V0011,INV-38485,2024-10-16,"£1,107.99",GBP,6400,Software licence
T002539,V0014,INV-74011,11/09/2024,102.48,GBP,6000,Ad spend
T002540,V0091,INV-96540,2024-01-01,£428.56,GBP,6000,Air travel
T002541,V0036,INV-55903,17 Oct 2024,184.83,GBP,6400,Advisory fee
T002542,V0197,INV-83498,2024-06-07,£101.05,GBP,6000,Advisory fee
T002543,V0070,INV-28696,2024-07-20,317.76,GBP,6300,Freight
T002544,V0021,INV-48116,2024-08-12,287.34,GBP,6000,Ad spend
T002545,V0091,INV-42601,2025-01-30,5821.94,GBP,6300,Ad spend
T002546,V0026,INV-44243,2024-11-05,£649.53,GBP,6400,Air travel
T002547,V0045,INV-83912,03/22/2025,88.64,GBP,6500,Air travel
T002548,V0149,INV-28242,07/23/2024,£216.75,GBP,6200,Office supplies
T002549,,INV-82651,23 Jul 2024,1240.81,GBP,6200,Air travel
T002550,V0022,INV-48972,17 Apr 2025,"£4,012.97",GBP,6400,Office supplies
T002551,V0097,INV-67264,08 Apr 2024,,GBP,6100,Freight
T002552,V0114,INV-51059,30 May 2025,51.01,GBP,6500,Advisory fee
T002553,V0092,INV-71391,28 Dec 2024,3159.16,GBP,6300,Ad spend
T002554,V0108,INV-63773,17/04/2025,619.29,GBP,6000,Freight
T002555,V0007,INV-65170,2024-03-31,155.23,GBP,6100,Freight
T002556,V0078,INV-41804,2025-06-08,726.39,GBP,6200,Office supplies
T002557,V0159,INV-81207,2024-10-27,22.21,GBP,6000,Ad spend
T002558,V0033,INV-62814,01/07/2024,£404.93,GBP,6300,Freight
T002559,V0118,INV-17123,27 Mar 2024,578.6,GBP,6000,Air travel
T002560,V0167,INV-24031,12/07/2024,"1,115.10",GBP,6400,Software licence
T002561,V9117,INV-84113,08/05/2025,132.25,GBP,6500,Air travel
T002562,V0016,INV-25917,06/07/2025,£443.30,GBP,6500,Advisory fee
T002563,V0014,INV-36878,12 Jun 2025,£145.77,GBP,6100,Freight
T002564,V0190,INV-74920,19/05/2024,9500.0,GBP,6100,Advisory fee
T002565,V0164,INV-30286,2024-11-04,150.67,GBP,6500,Air travel
T002566,V0185,INV-10845,11 May 2025,257.52,GBP,6400,Advisory fee
T002567,V0052,INV-25035,09/03/2024,134.91,GBP,6000,Office supplies
T002568,V0155,INV-25864,16/06/2025,825.72,GBP,6000,Office supplies
T002569,V0053,INV-23579,30 Apr 2025,1037.22,GBP,6000,Freight
T002570,V0114,INV-61211,02/26/2024,311.66,GBP,6000,Air travel
T002571,V0104,INV-73402,07/07/2024,£420.76,GBP,6100,Freight
T002572,V0067,INV-90315,2025-03-25,81.99,GBP,6500,Freight
T002573,V0032,INV-66669,05/29/2024,290.14,GBP,6500,Software licence
T002574,V0048,INV-28571,03/09/2024,381.75,GBP,6100,Freight
T002575,V0190,INV-81654,24/07/2024,"7,207.46",GBP,6300,Ad spend
T002576,V0075,INV-47938,2024-04-12,118.73,GBP,6400,Ad spend
T002577,V0095,INV-97516,10/08/2024,2019.48,GBP,6300,Ad spend
T002578,V0179,INV-24068,04/20/2025,1207.79,GBP,6300,Ad spend
T002579,V0038,INV-13666,17 Oct 2024,549.33,GBP,6300,Software licence
T002580,V0145,INV-61043,01/12/2024,"£2,791.91",GBP,6400,Air travel
T002581,V0009,INV-94555,2025-03-31,607.48,GBP,6000,Air travel
T002582,V0036,INV-71329,2025-04-14,618.98,GBP,6200,Software licence
T002583,V0041,INV-56890,05/27/2025,380.53,GBP,6400,Office supplies
T002584,V0090,INV-78820,2025-02-03,1549.87,GBP,6400,Software licence
T002585,V0045,INV-95972,06/04/2024,"1,347.65",GBP,6200,Advisory fee
T002586,V0185,INV-83812,2024-12-13,£202.71,GBP,6300,Advisory fee
T002587,V0036,INV-46482,2024-11-06,£94.52,GBP,6300,Software licence
T002588,V0166,INV-73405,01/20/2025,322.7,GBP,6300,Freight
T002589,V0169,INV-33642,2025-06-03,£167.33,GBP,6500,Freight
T002590,V0067,INV-26963,27/11/2024,376.20,GBP,6400,Freight
T002591,V0090,INV-86610,17 Feb 2025,1573.70,GBP,6000,Software licence
T002592,V0008,INV-30863,2024-08-25,£243.95,GBP,6000,Advisory fee
T002593,V0028,INV-75461,02/05/2025,384.87,GBP,6200,Office supplies
T002594,V0198,INV-41013,17 Apr 2024,430.02,GBP,6100,Advisory fee
T002595,V0099,INV-65057,2024-03-06,"1,025.85",GBP,6000,Freight
T002596,V0065,INV-25004,2024-02-08,£34.07,GBP,6500,Software licence
T002597,V0114,INV-59063,01/31/2024,£206.98,GBP,6100,Air travel
T002598,V0028,INV-68918,21 Jan 2025,£508.98,GBP,6100,Advisory fee
T002599,V0147,INV-82937,23/07/2024,1510.34,GBP,6100,Air travel
T002600,V0126,INV-67345,19/10/2024,£234.84,GBP,6100,Office supplies
T002601,V0190,INV-31245,03/20/2025,51.2,GBP,6400,Office supplies
T002602,V0023,INV-86298,01/25/2024,797.66,GBP,6500,Advisory fee
T002603,V0025,INV-36678,04 Feb 2024,200.56,GBP,6100,Software licence
T002604,V0093,INV-63480,14/03/2024,109.00,GBP,6200,Office supplies
T002605,V0175,INV-94178,24 Jun 2025,203.0,GBP,6300,Office supplies
T002606,V0054,INV-84759,30 Apr 2025,329.32,GBP,6400,Air travel
T002607,V0092,INV-91065,05/21/2024,£207.43,GBP,6000,Ad spend
T002608,V0110,INV-91981,20 Jan 2025,35.65,GBP,6000,Freight
T002609,V0021,INV-26671,13/06/2025,"1,082.22",GBP,6200,Software licence
T002610,V0031,INV-75367,08/24/2024,1639.85,GBP,6000,Freight
T002611,V0139,INV-53374,24 Jan 2024,826.07,GBP,6100,Air travel
T002612,V0065,INV-61173,2025-01-01,£115.42,GBP,6000,Office supplies
T002613,V0074,INV-19801,04 Sep 2024,323.23,GBP,6400,Freight
T002614,V0129,INV-50925,12/02/2025,400.55,GBP,6400,Software licence
T002615,V0140,INV-24532,27 Apr 2025,£779.52,GBP,6200,Advisory fee
T002616,V0008,INV-14230,12/12/2024,841.49,GBP,6300,Air travel
T002617,V0052,INV-53848,03/01/2024,179.9,GBP,6100,Office supplies
T002618,V0141,INV-53202,04 Mar 2024,£441.51,GBP,6100,Ad spend
T002619,V0019,INV-83905,2024-02-06,667.15,GBP,6200,Software licence
T002620,V0107,INV-88400,2024-03-23,2001.0,GBP,6400,Ad spend
T002621,V0034,INV-45456,02/12/2024,875.64,GBP,6000,Software licence
T002622,V0128,INV-76532,2024-08-18,960.99,GBP,6500,Air travel
T002623,V0111,INV-72599,06/11/2024,442.40,GBP,6100,Software licence
T002624,V0015,INV-13454,19 Jul 2024,1903.61,GBP,6400,Freight
T002625,V0098,INV-99383,19 Jan 2024,633.17,GBP,6400,Ad spend
T002626,V0014,INV-60741,21/01/2025,£156.46,GBP,6500,Office supplies
T002627,V0111,INV-65945,05/21/2024,1888.82,GBP,6000,Ad spend
T002628,V0031,INV-90694,11 Jan 2025,869.30,GBP,6200,Office supplies
T002629,V0088,INV-67216,29 Feb 2024,247.81,GBP,6100,Office supplies
T002630,V0024,INV-87151,01/11/2024,238.07,GBP,6100,Ad spend
T002631,V0192,INV-80283,16 Feb 2024,559.05,GBP,6000,Advisory fee
T002632,V0064,INV-17455,19/03/2024,671.49,GBP,6000,Office supplies
T002633,V0113,INV-33670,2024-10-16,£501.21,GBP,6000,Air travel
T002634,V0090,INV-88959,07 Sep 2024,568.18,GBP,6200,Office supplies
T002635,V0156,INV-62142,2025-05-05,2617.44,GBP,6500,Software licence
T002636,V0169,INV-20066,19 Mar 2024,"£1,311.20",GBP,6200,Freight
T002637,V0053,INV-74871,31 Dec 2024,£497.55,GBP,6100,Ad spend
T002638,V0183,INV-49677,10/01/2025,"£1,136.20",GBP,6400,Air travel
T002639,V0168,INV-42008,23/06/2025,129.57,GBP,6200,Air travel
T002640,V0179,INV-80964,30/05/2025,£624.98,GBP,6000,Software licence
T002641,V0089,INV-63848,2025-05-12,2952.0,GBP,6200,Software licence
T002642,V0053,INV-27974,2025-06-17,£317.40,GBP,6100,Air travel
T002643,V0190,INV-82478,08/03/2024,£158.79,GBP,6000,Air travel
T002644,V0186,INV-28607,06 Feb 2024,£196.90,GBP,6100,Advisory fee
T002645,V0113,INV-95184,09/04/2025,9500.00,GBP,6000,Software licence
T002646,V0128,INV-14424,2024-10-03,170.16,GBP,6200,Freight
T002647,V0099,INV-49375,27/03/2024,268.39,GBP,6000,Air travel
T002648,V0157,INV-60323,22/05/2025,85.96,GBP,6000,Ad spend
T002649,V0099,INV-68198,02/15/2024,410.42,GBP,6100,Office supplies
T002650,V0098,INV-34173,03/17/2025,"1,088.44",GBP,6400,Software licence
T002651,V0170,INV-49996,02 Feb 2024,148.63,GBP,6400,Air travel
T002652,V0007,INV-89788,10 Dec 2024,"2,145.68",GBP,6200,Freight
T002653,V0056,INV-13584,15 Dec 2024,707.59,GBP,6500,Freight
T002654,V0112,INV-66039,28/02/2024,1253.43,GBP,6000,Freight
T002655,V0100,INV-98862,21/10/2024,195.66,GBP,6400,Ad spend
T002656,V0109,INV-85052,15/06/2025,1032.75,GBP,6200,Office supplies
T002657,V0098,INV-71254,31 Aug 2024,121.37,GBP,6100,Software licence
T002658,V0072,INV-99469,07 Oct 2024,1074.14,GBP,6000,Office supplies
T002659,V0198,INV-81146,10/29/2024,£487.37,GBP,6200,Freight
T002660,V0102,INV-15060,10/07/2024,741.43,GBP,6200,Air travel
T002661,V0169,INV-42835,01/13/2024,£110.70,GBP,6000,Air travel
T002662,V0146,INV-96609,24 Nov 2024,150.72,GBP,6200,Office supplies
T002663,V0114,INV-70650,2024-01-18,778.17,GBP,6300,Software licence
T002664,V0120,INV-14850,02 Jan 2025,142.14,GBP,6300,Advisory fee
T002665,V0143,INV-38553,02/22/2025,671.51,GBP,6000,Freight
T002666,V0021,INV-46234,11/17/2024,£89.67,GBP,6000,Ad spend
T002667,V0047,INV-43817,09/10/2024,1025.56,GBP,6200,Ad spend
T002668,V0033,INV-39808,27 Jun 2024,£103.98,GBP,6100,Freight
T002669,V0168,INV-16498,08/26/2024,740.65,GBP,6000,Advisory fee
T002670,V0010,INV-34150,02 Jun 2025,802.87,GBP,6300,Freight
T002671,V0082,INV-15499,08/21/2024,£187.46,GBP,6000,Advisory fee
T002672,V0067,INV-43743,17/01/2024,765.27,GBP,6500,Air travel
T002673,V0139,INV-15863,28/08/2024,537.26,GBP,6200,Software licence
T002674,V0020,INV-76445,30 Mar 2025,223.02,GBP,6000,Freight
T002675,V0020,INV-41061,2024-07-27,133.03,GBP,6200,Freight
T002676,V0096,INV-99262,2025-03-01,46.58,GBP,6000,Advisory fee
T002677,V0110,INV-47104,05/26/2024,592.66,GBP,6000,Air travel
T002678,V0156,INV-57223,12/09/2024,72.15,GBP,6300,Advisory fee
T002679,V0096,INV-71693,2024-10-28,448.04,GBP,6400,Software licence
T002680,V0042,INV-58274,2024-02-15,301.93,GBP,6200,Office supplies
T002681,V0152,INV-13346,2024-04-18,£851.55,GBP,6400,Office supplies
T002682,V0081,INV-76951,06/04/2025,£289.38,GBP,6400,Advisory fee
T002683,V0089,INV-38163,22 Jan 2025,£280.79,GBP,6400,Software licence
T002684,V0169,INV-29670,25 Jan 2025,902.40,GBP,6500,Software licence
T002685,V0020,INV-39436,30/05/2025,583.22,GBP,6400,Advisory fee
T002686,V0141,INV-64798,04/05/2024,571.22,GBP,6400,Software licence
T002687,V0156,INV-71909,21/06/2025,£676.00,GBP,6400,Ad spend
T002688,V0082,INV-45282,2024-07-18,£74.51,GBP,6400,Air travel
T002689,V0063,INV-53081,09/05/2024,927.48,GBP,6200,Office supplies
T002690,V0117,INV-51263,28 Apr 2024,£791.33,GBP,6500,Office supplies
T002691,V0114,INV-63729,05/01/2025,£131.85,GBP,6000,Air travel
T002692,V0144,INV-76275,2024-03-19,308.44,GBP,6200,Advisory fee
T002693,V0124,INV-89327,23/08/2024,386.36,GBP,6300,Ad spend
T002694,V0059,INV-84624,08/05/2024,347.95,GBP,6400,Office supplies
T002695,V0199,INV-63427,05/21/2024,582.45,GBP,6400,Air travel
T002696,V0074,INV-54770,17 Nov 2024,1947.89,GBP,6000,Software licence
T002697,V0105,INV-65184,01 Jun 2025,"£1,326.03",GBP,6100,Freight
T002698,V0127,INV-92920,07/21/2024,£95.26,GBP,6100,Ad spend
T002699,V0004,INV-31859,2024-05-03,799.73,GBP,6300,Air travel
T002700,V0196,INV-82689,26/04/2025,"£1,740.32",GBP,6500,Software licence
T002701,V0033,INV-14466,17 Mar 2025,617.38,GBP,6000,Advisory fee
T002702,V0043,INV-19570,2024-05-15,1339.54,GBP,6400,Freight
T002703,V0100,INV-65359,2024-12-28,3690.43,GBP,6100,Ad spend
T002704,V0179,INV-82999,04 Sep 2024,"£1,243.99",GBP,6500,Air travel
T002705,V0031,INV-54146,10 Dec 2024,530.72,GBP,6400,Freight
T002706,V0158,INV-24125,02/16/2024,1273.59,GBP,6000,Advisory fee
T002707,V0091,INV-68837,2025-02-22,473.13,GBP,6500,Ad spend
T002708,V0190,INV-67106,23 Oct 2024,414.18,GBP,6300,Advisory fee
T002709,V0035,INV-34045,05 Jun 2025,£274.09,GBP,6000,Office supplies
T002710,V0002,INV-87798,13/01/2025,"£2,252.41",GBP,6500,Advisory fee
T002711,V0117,INV-59725,24 Nov 2024,163.98,GBP,6300,Office supplies
T002712,V0131,INV-87080,13 Oct 2024,"£2,176.79",GBP,6000,Office supplies
T002713,V0077,INV-74656,12/15/2024,699.14,GBP,6000,Freight
T002714,V0133,INV-78838,04 Jun 2025,86.55,GBP,6300,Air travel
T002715,V0083,INV-60340,2024-11-22,£604.51,GBP,6100,Office supplies
T002716,V0011,INV-37614,16/03/2025,40.04,GBP,6400,Air travel
T002717,V0148,INV-90671,17/11/2024,802.76,GBP,6000,Air travel
T002718,V0073,INV-31704,01 May 2024,"1,068.23",GBP,6200,Air travel
T002719,V0125,INV-67529,17/08/2024,210.27,GBP,6100,Air travel
T002720,V0067,INV-89451,18 Apr 2024,£462.16,GBP,6100,Advisory fee
T002721,V0072,INV-28481,08 Apr 2024,"£3,461.90",GBP,6100,Freight
T002722,V0131,INV-32131,2024-01-29,231.29,GBP,6400,Software licence
T002723,V0139,INV-80505,07/18/2024,125.86,GBP,6000,Ad spend
T002724,V0007,INV-58436,2024-07-27,2058.70,GBP,6200,Freight
T002725,V0110,INV-68304,2025-06-17,"3,494.15",GBP,6100,Ad spend
T002726,V0076,INV-24367,05/02/2024,405.07,GBP,6300,Ad spend
T002727,V0127,INV-44479,29/03/2024,"1,227.35",GBP,6100,Air travel
T002728,V0188,INV-97649,2024-04-29,1764.5,GBP,6200,Software licence
T002729,V0191,INV-39155,17/03/2024,178.26,GBP,6200,Office supplies
T002730,V0130,INV-53953,09 Oct 2024,£236.55,GBP,6300,Advisory fee
T002731,V0189,INV-77219,16 Mar 2024,1562.37,GBP,6500,Advisory fee
T002732,V0081,INV-15027,19/03/2025,"2,574.77",GBP,6000,Advisory fee
T002733,V0134,INV-51618,13 Jul 2024,749.32,GBP,6400,Advisory fee
T002734,V0161,INV-14670,01/09/2024,153.27,GBP,6100,Office supplies
T002735,V0151,INV-59310,13 Aug 2024,3589.5,GBP,6500,Office supplies
T002736,V0068,INV-71618,04 Jun 2024,£224.96,GBP,6300,Office supplies
T002737,V0188,INV-75106,2024-10-16,279.04,GBP,6100,Office supplies
T002738,V0163,INV-21627,,587.91,GBP,6500,Advisory fee
T002739,V0055,INV-10419,03/20/2025,2229.60,GBP,6000,Ad spend
T002740,V0143,INV-90113,01/08/2024,"1,032.12",GBP,6500,Office supplies
T002741,V0010,INV-64808,2024-09-26,636.73,GBP,6400,Ad spend
T002742,V0162,INV-86532,28/08/2024,671.57,GBP,6500,Air travel
T002743,V0124,INV-79528,03/07/2024,423.21,GBP,6200,Office supplies
T002744,V0075,INV-97552,2025-05-11,745.42,GBP,6300,Advisory fee
T002745,V0101,INV-88360,2024-12-31,£24.97,GBP,6400,Ad spend
T002746,V0076,INV-22652,2024-08-12,291.12,GBP,6000,Air travel
T002747,V0108,INV-68611,29/11/2024,526.08,GBP,6100,Advisory fee
T002748,V0109,INV-25180,06/29/2024,113.74,GBP,6300,Air travel
T002749,V0170,INV-24881,21 Dec 2024,£617.05,GBP,6500,Ad spend
T002750,V0181,INV-26784,10/05/2025,322.17,GBP,6300,Freight
T002751,V0106,INV-40783,2024-01-30,"£2,782.27",GBP,6200,Air travel
T002752,V0130,INV-38194,2025-02-22,"2,276.33",GBP,6000,Freight
T002753,V0198,INV-52361,24 Sep 2024,241.68,GBP,6500,Air travel
T002754,V0106,INV-61298,28 Mar 2025,341.75,GBP,6300,Ad spend
T002755,V0067,INV-17160,01 Oct 2024,371.91,GBP,6300,Advisory fee
T002756,V0057,INV-54543,02/16/2024,245.47,GBP,6200,Ad spend
T002757,V0105,INV-39007,19/06/2024,499.96,GBP,6400,Office supplies
T002758,V0200,INV-91957,04/22/2024,£175.19,GBP,6400,Freight
T002759,V0085,INV-26936,01/21/2024,116.32,GBP,6500,Software licence
T002760,V0098,INV-21829,2024-12-07,£800.30,GBP,6200,Freight
T002761,V0017,INV-95843,02/20/2024,806.32,GBP,6400,Office supplies
T002762,V0093,INV-80185,2024-07-22,166.54,GBP,6100,Freight
T002763,V0102,INV-40059,24 Oct 2024,1080.19,GBP,6100,Air travel
T002764,V0085,INV-64184,2024-08-08,£201.39,GBP,6400,Advisory fee
T002765,V9846,INV-11787,02/06/2024,532.98,GBP,6000,Freight
T002766,V0027,INV-75732,2025-02-11,994.64,GBP,6300,Software licence
T002767,V0041,INV-47105,04 Nov 2024,388.78,GBP,6000,Office supplies
T002768,V0162,INV-42415,2024-02-04,665.28,GBP,6200,Advisory fee
T002769,V0032,INV-59526,02/14/2025,228.59,GBP,6100,Advisory fee
T002770,V0070,INV-21130,19/03/2024,£325.02,GBP,6000,Freight
T002771,V0185,INV-64444,01/21/2024,321.68,GBP,6000,Advisory fee
T002772,V0139,INV-89281,04/06/2024,177.46,GBP,6000,Advisory fee
T002773,V0151,INV-61265,17/07/2024,332.14,GBP,6400,Air travel
T002774,V0083,INV-65725,06/08/2025,£73.44,GBP,6500,Software licence
T002775,V0078,INV-45920,04/14/2025,£235.03,GBP,6100,Software licence
T002776,V0068,INV-95989,27/04/2025,294.90,GBP,6300,Air travel
T002777,V0110,INV-22197,15 Aug 2024,£304.36,GBP,6300,Freight
T002778,V0072,INV-73353,18/10/2024,309.31,GBP,6500,Freight
T002779,V0130,INV-42062,26/01/2025,376.93,GBP,6000,Ad spend
T002780,V0187,INV-61595,,£683.61,GBP,6400,Advisory fee
T002781,V0028,INV-69279,08/17/2024,1055.71,GBP,6400,Software licence
T002782,V0102,INV-40423,02 Apr 2025,197.41,GBP,6200,Ad spend
T002783,V0145,INV-24280,11/14/2024,£107.39,GBP,6200,Office supplies
T002784,V0162,INV-20962,07/04/2024,128.22,GBP,6400,Office supplies
T002785,V0054,INV-74200,2024-09-12,236.06,GBP,6000,Office supplies
T002786,V0104,INV-90804,04/29/2025,£273.93,GBP,6400,Advisory fee
T002787,V0146,INV-40465,2024-03-01,£172.95,GBP,6300,Air travel
T002788,V0106,INV-50823,11 Dec 2024,96.96,GBP,6100,Software licence
T002789,V0083,INV-84096,02/20/2025,244.27,GBP,6000,Air travel
T002790,V0177,INV-37423,2025-05-15,492.54,GBP,6400,Ad spend
T002791,V0081,INV-95460,08/29/2024,776.29,GBP,6200,Ad spend
T002792,V0182,INV-73307,10/06/2025,218.51,GBP,6400,Advisory fee
T002793,V0188,INV-20673,04/17/2024,£256.13,GBP,6300,Advisory fee
T002794,V0020,INV-59241,05/10/2024,145.57,GBP,6000,Office supplies
T002795,V0134,INV-25922,06/19/2024,£389.72,GBP,6100,Ad spend
T002796,V0030,INV-15119,10 Mar 2025,158.65,GBP,6300,Office supplies
T002797,V0161,INV-78758,13/05/2025,757.82,GBP,6100,Advisory fee
T002798,V0141,INV-64807,12/02/2025,56.57,GBP,6000,Air travel
T002799,V0031,INV-67079,10/28/2024,271.62,GBP,6500,Advisory fee
T002800,V0070,INV-78482,,561.84,GBP,6400,Air travel
T002801,V0145,INV-95225,18/06/2024,493.84,GBP,6100,Air travel
T002802,V0134,INV-99787,07/28/2024,"9,500.00",GBP,6400,Advisory fee
T002803,V0096,INV-78076,2024-09-14,592.75,GBP,6300,Ad spend
T002804,V0054,INV-53276,18 May 2024,133.69,GBP,6100,Freight
T002805,V0184,INV-72111,11 Jan 2024,363.21,GBP,6200,Ad spend
T002806,V0046,INV-29706,26 Apr 2025,57.18,GBP,6000,Software licence
T002807,V0080,INV-34598,23 Jul 2024,369.2,GBP,6500,Software licence
T002808,V0138,INV-70108,2024-12-04,161.36,GBP,6000,Software licence
T002809,V0160,INV-71432,09/06/2024,1104.26,GBP,6000,Air travel
T002810,V0163,INV-83289,19 Aug 2024,220.41,GBP,6200,Advisory fee
T002811,V0004,INV-35249,10/08/2024,354.80,GBP,6200,Ad spend
T002812,V0150,INV-50075,11/01/2025,£200.51,GBP,6400,Ad spend
T002813,V0066,INV-83546,26/07/2024,"£2,731.86",GBP,6000,Freight
T002814,V0040,INV-23497,08/09/2024,283.34,GBP,6200,Office supplies
T002815,V0068,INV-83880,14/04/2024,3028.47,GBP,6100,Freight
T002816,V0151,INV-94519,2025-01-27,987.89,GBP,6200,Freight
T002817,V0198,INV-87616,2024-10-10,685.59,GBP,6500,Freight
T002818,V0172,INV-72050,08/02/2024,605.23,GBP,6100,Software licence
T002819,V0060,INV-38369,03 Apr 2024,622.15,GBP,6400,Office supplies
T002820,V0037,INV-31603,2025-05-01,48.40,GBP,6000,Air travel
T002821,V0020,INV-16840,20 May 2024,296.85,GBP,6400,Ad spend
T002822,V0109,INV-97142,28 Apr 2025,"1,022.16",GBP,6200,Air travel
T002823,V0129,INV-25374,03/09/2024,£382.30,GBP,6400,Ad spend
T002824,V0097,INV-60532,04/30/2025,£86.00,GBP,6200,Air travel
T002825,V0134,INV-51546,21 Mar 2024,380.83,GBP,6400,Office supplies
T002826,V0043,INV-93069,10/11/2024,2629.41,GBP,6500,Office supplies
T002827,V0112,INV-83464,03/28/2025,,GBP,6300,Advisory fee
T002828,V0065,INV-99832,2024-05-03,376.83,GBP,6400,Ad spend
T002829,V0167,INV-55636,01 Jul 2024,1148.94,GBP,6000,Air travel
T002830,V0120,INV-97823,20 Dec 2024,£269.57,GBP,6500,Ad spend
T002831,V0055,INV-90868,14/07/2024,90000.0,GBP,6300,Air travel
T002832,V0046,INV-11398,19/07/2024,145.92,GBP,6300,Air travel
T002833,V0135,INV-35544,06/01/2024,"2,251.11",GBP,6400,Air travel
T002834,V0085,INV-22334,2025-01-12,£298.45,GBP,6200,Freight
T002835,V0004,INV-89531,10/06/2024,308.67,GBP,6000,Advisory fee
T002836,V0071,INV-94105,05/05/2025,£290.09,GBP,6300,Software licence
T002837,V0179,INV-43166,2024-10-07,"£3,276.56",GBP,6500,Software licence
T002838,V0147,INV-13988,27/04/2025,2412.83,GBP,6400,Advisory fee
T002839,V0117,INV-74264,26 Jun 2024,4631.6,GBP,6300,Advisory fee
T002840,V0166,INV-81511,04/16/2024,338.68,GBP,6000,Air travel
T002841,V0008,INV-90336,05 Jun 2024,558.46,GBP,6500,Advisory fee
T002842,V0046,INV-27255,03/25/2024,£76.07,GBP,6300,Software licence
T002843,V0015,INV-68114,2024-03-04,2048.02,GBP,6200,Software licence
T002844,V0140,INV-46369,07/17/2024,£111.66,GBP,6500,Freight
T002845,V0189,INV-12185,2024-12-06,512.07,GBP,6500,Air travel
T002846,V0182,INV-32179,01/10/2025,£120.66,GBP,6400,Software licence
T002847,V0171,INV-62844,03/02/2025,£211.08,GBP,6500,Advisory fee
T002848,V0016,INV-18513,16 Jul 2024,£160.62,GBP,6400,Office supplies
T002849,V0187,INV-44948,2024-03-26,206.71,GBP,6100,Ad spend
T002850,V0012,INV-46113,22/07/2024,222.95,GBP,6500,Freight
T002851,V0105,INV-32671,2024-01-04,220.72,GBP,6200,Air travel
T002852,V0144,INV-55964,2024-04-30,"1,008.95",GBP,6200,Ad spend
T002853,V0146,INV-21284,2025-04-19,119.66,GBP,6000,Software licence
T002854,V0024,INV-33920,2024-03-29,514.19,GBP,6100,Air travel
T002855,V0152,INV-92132,21/01/2024,1540.33,GBP,6100,Software licence
T002856,V0056,INV-93616,01/18/2025,229.40,GBP,6300,Software licence
T002857,V0186,INV-42339,11/11/2024,£183.15,GBP,6500,Advisory fee
T002858,V0049,INV-27397,13 Nov 2024,£313.07,GBP,6000,Ad spend
T002859,V0181,INV-47627,01 Jul 2024,"£1,476.90",GBP,6200,Office supplies
T002860,V0145,INV-51358,02/27/2025,499.46,GBP,6100,Office supplies
T002861,V0070,INV-36112,2024-06-30,£224.90,GBP,6200,Air travel
T002862,V0179,INV-67619,2024-09-27,686.95,GBP,6000,Ad spend
T002863,V0091,INV-85850,07 Jan 2025,120.0,GBP,6200,Advisory fee
T002864,V0134,INV-68939,2024-06-23,95000.00,GBP,6000,Freight
T002865,V0099,INV-30408,03/08/2024,632.37,GBP,6500,Ad spend
T002866,V0089,INV-94673,22 Oct 2024,£287.55,GBP,6100,Air travel
T002867,V0180,INV-76029,02/10/2024,£160.38,GBP,6000,Freight
T002868,V0198,INV-37619,2024-09-21,£152.12,GBP,6100,Ad spend
T002869,V0067,INV-14121,04/28/2024,726.54,GBP,6400,Advisory fee
T002870,V0162,INV-34435,01/05/2025,1559.12,GBP,6100,Ad spend
T002871,V0151,INV-52335,2025-01-16,200.13,GBP,6400,Ad spend
T002872,V0169,INV-87121,2024-02-04,£667.96,GBP,6200,Advisory fee
T002873,V0027,INV-92506,02 Jan 2025,40.62,GBP,6000,Office supplies
T002874,V0108,INV-72324,08/12/2024,212.07,GBP,6200,Advisory fee
T002875,V0026,INV-34525,01/01/2025,389.88,GBP,6200,Office supplies
T002876,V0120,INV-81667,07/09/2024,148.32,GBP,6000,Ad spend
T002877,V0158,INV-69827,21/03/2025,£144.00,GBP,6500,Ad spend
T002878,V0122,INV-41927,15/09/2024,193.53,GBP,6500,Air travel
T002879,V0154,INV-54286,05/09/2025,95000.0,GBP,6500,Ad spend
T002880,V0077,INV-15259,27/08/2024,328.30,GBP,6400,Software licence
T002881,V0108,INV-65822,10/02/2024,34.4,GBP,6400,Ad spend
T002882,V0152,INV-13742,16 Jun 2024,39.14,GBP,6400,Office supplies
T002883,V0077,INV-88230,06/20/2025,206.94,GBP,6100,Freight
T002884,V0193,INV-28290,13/05/2024,667.44,GBP,6500,Air travel
T002885,V0014,INV-21848,12/11/2024,19.64,GBP,6100,Air travel
T002886,V0118,INV-61903,06/18/2024,£232.83,GBP,6300,Software licence
T002887,V0169,INV-29331,07/24/2024,226.13,GBP,6100,Air travel
T002888,V0079,INV-20534,08 Jul 2024,"£1,857.84",GBP,6100,Office supplies
T002889,V0112,INV-21818,07/09/2024,264.14,GBP,6100,Advisory fee
T002890,V0143,INV-59054,2024-01-06,614.79,GBP,6300,Office supplies
T002891,V0089,INV-23095,2025-04-27,471.25,GBP,6400,Advisory fee
T002892,V0101,INV-37851,28 Apr 2025,38.72,GBP,6500,Ad spend
T002893,V0119,INV-41816,08/04/2024,£939.20,GBP,6300,Office supplies
T002894,V0082,INV-27501,13 Feb 2025,511.29,GBP,6200,Air travel
T002895,V0173,INV-65652,07/02/2025,705.63,GBP,6400,Software licence
T002896,V0089,INV-74003,01/28/2024,30298.74,GBP,6100,Freight
T002897,V0046,INV-40822,12/01/2025,£40.75,GBP,6200,Air travel
T002898,V0129,INV-10208,2025-02-11,"£2,689.65",GBP,6000,Advisory fee
T002899,V0059,INV-28098,05/26/2025,294.07,GBP,6100,Software licence
T002900,V0055,INV-49575,21 Mar 2025,553.39,GBP,6000,Air travel
T002901,V0099,INV-95726,07/03/2024,383.73,GBP,6300,Office supplies
T002902,V0073,INV-50775,31/01/2025,£252.99,GBP,6500,Ad spend
T002903,V0009,INV-44212,2025-03-07,215.55,GBP,6100,Office supplies
T002904,V0102,INV-99435,13 Jun 2025,579.67,GBP,6000,Ad spend
T002905,V0022,INV-55388,13 Apr 2024,£76.03,GBP,6500,Ad spend
T002906,V0004,INV-31087,22 Nov 2024,921.16,GBP,6100,Freight
T002907,V0130,INV-60330,10 Apr 2025,255.24,GBP,6000,Ad spend
T002908,V0168,INV-97843,2025-02-15,116.39,GBP,6300,Software licence
T002909,V0078,INV-65703,09/21/2024,245.91,GBP,6500,Advisory fee
T002910,V0030,INV-89119,06 Apr 2025,"1,608.19",GBP,6400,Air travel
T002911,V0200,INV-72068,09 Dec 2024,223.88,GBP,6400,Air travel
T002912,V0029,INV-33440,03/10/2025,598.42,GBP,6400,Ad spend
T002913,V0173,INV-20486,02/06/2024,180.54,GBP,6000,Air travel
T002914,V0182,INV-87352,21 Sep 2024,928.63,GBP,6100,Freight
T002915,V0158,INV-69636,21/03/2025,857.53,GBP,6000,Ad spend
T002916,V0073,INV-15222,04 May 2024,3082.42,GBP,6300,Ad spend
T002917,V0094,INV-16563,2025-01-13,332.58,GBP,6200,Ad spend
T002918,V0087,INV-98473,30/10/2024,841.78,GBP,6000,Freight
T002919,V0069,INV-33426,10/27/2024,449.38,GBP,6200,Ad spend
T002920,V0005,INV-68559,11/28/2024,1678.17,GBP,6200,Advisory fee
T002921,V0010,INV-88089,2024-04-24,182.96,GBP,6200,Advisory fee
T002922,V0010,INV-79634,09 Feb 2025,915.53,GBP,6100,Office supplies
T002923,V0022,INV-80121,04/06/2024,325.65,GBP,6100,Advisory fee
T002924,V0038,INV-92958,20/05/2025,375.93,GBP,6300,Air travel
T002925,V0089,INV-70035,09/06/2024,£446.27,GBP,6500,Freight
T002926,V0146,INV-70085,11 Feb 2024,532.44,GBP,6000,Air travel
T002927,V0096,INV-15018,2024-05-30,355.01,GBP,6400,Advisory fee
T002928,V0164,INV-23254,01/26/2025,510.91,GBP,6400,Advisory fee
T002929,V0021,INV-54272,2024-11-05,2289.14,GBP,6300,Ad spend
T002930,V0006,INV-34108,20 Sep 2024,"£1,192.72",GBP,6500,Advisory fee
T002931,V0191,INV-20391,2025-03-19,1049.5,GBP,6000,Office supplies
T002932,V0147,INV-44206,06/11/2024,244.42,GBP,6400,Freight
T002933,V0139,INV-41949,20 Feb 2024,151.69,GBP,6200,Freight
T002934,V0122,INV-38207,2025-03-23,1153.82,GBP,6200,Advisory fee
T002935,V0177,INV-34341,2024-10-10,1057.49,GBP,6400,Advisory fee
T002936,V0012,INV-89249,2025-02-12,2038.44,GBP,6100,Advisory fee
T002937,V0073,INV-45740,06/01/2024,207.60,GBP,6300,Office supplies
T002938,V0005,INV-64306,2024-05-12,313.41,GBP,6200,Air travel
T002939,V0119,INV-88522,11/21/2024,66.46,GBP,6000,Office supplies
T002940,V0058,INV-12368,11/28/2024,261.98,GBP,6100,Software licence
T002941,V0157,INV-47726,16/04/2025,1207.4,GBP,6400,Ad spend
T002942,V0163,INV-88018,2024-12-02,241.50,GBP,6400,Ad spend
T002943,V0122,INV-83093,01/13/2024,816.09,GBP,6200,Air travel
T002944,V0082,INV-55398,31 Mar 2025,£327.16,GBP,6100,Ad spend
T002945,V0191,INV-75401,2024-08-03,576.20,GBP,6400,Advisory fee
T002946,V0044,INV-98209,03 Feb 2025,114.15,GBP,6200,Ad spend
T002947,V0009,INV-96599,,443.07,GBP,6500,Ad spend
T002948,V0144,INV-55259,26 Mar 2024,15.03,GBP,6100,Advisory fee
T002949,V0136,INV-58390,07 Nov 2024,328.46,GBP,6200,Air travel
T002950,V0116,INV-98408,04/23/2025,67.12,GBP,6000,Office supplies
T002951,V0160,INV-86668,06/19/2024,1520.2,GBP,6400,Air travel
T002952,V0145,INV-66561,2025-03-01,948.75,GBP,6000,Air travel
T002953,V0143,INV-74324,08/28/2024,674.07,GBP,6300,Freight
T002954,V0034,INV-59601,05/06/2024,"£2,149.75",GBP,6000,Ad spend
T002955,V0056,INV-37696,04/23/2024,142.05,GBP,6400,Air travel
T002956,V0046,INV-30855,02/14/2025,2757.55,GBP,6400,Ad spend
T002957,V0091,INV-38541,2025-03-04,"1,124.86",GBP,6400,Air travel
T002958,V0082,INV-57602,2024-04-18,311.00,GBP,6500,Advisory fee
T002959,V0163,INV-93389,21 Nov 2024,1406.95,GBP,6400,Freight
T002960,V0137,INV-61402,2024-08-18,119.47,GBP,6300,Ad spend
T002961,V0194,INV-70806,20 Oct 2024,162.88,GBP,6300,Office supplies
T002962,V0046,INV-62435,22/10/2024,£206.55,GBP,6000,Freight
T002963,V0086,INV-70820,25 Jun 2024,£225.46,GBP,6500,Software licence
T002964,V0099,INV-86042,2025-03-04,126.19,GBP,6300,Ad spend
T002965,V0049,INV-93416,2024-01-30,1549.04,GBP,6400,Office supplies
T002966,V0036,INV-89915,2025-05-30,303.46,GBP,6000,Freight
T002967,V0147,INV-63578,24/01/2024,594.52,GBP,6200,Freight
T002968,V0064,INV-31818,04/28/2025,215.43,GBP,6500,Software licence
T002969,V0095,INV-12977,02 Feb 2025,£54.45,GBP,6400,Freight
T002970,V0050,INV-31152,13 Apr 2025,542.97,GBP,6200,Advisory fee
T002971,V0062,INV-32965,04/28/2025,49.23,GBP,6500,Office supplies
T002972,V0083,INV-27386,10/27/2024,374.09,GBP,6000,Software licence
T002973,V0053,INV-85707,17 Apr 2025,89.56,GBP,6300,Office supplies
T002974,V0176,INV-89069,03/30/2025,3590.35,GBP,6100,Office supplies
T002975,V0119,INV-75564,23 Apr 2024,1099.38,GBP,6400,Air travel
T002976,V0041,INV-42094,04/18/2025,453.2,GBP,6500,Software licence
T002977,V0002,INV-14236,02/20/2025,1619.83,GBP,6400,Ad spend
T002978,V0099,INV-19222,03 Mar 2025,159.02,GBP,6200,Advisory fee
T002979,V0138,INV-25857,01/25/2024,733.5,GBP,6300,Ad spend
T002980,V0186,INV-17836,26/10/2024,£502.60,GBP,6300,Advisory fee
T002981,V0197,INV-15230,07/01/2025,£539.38,GBP,6300,Advisory fee
T002982,V0131,INV-92479,03/26/2025,"1,635.31",GBP,6300,Software licence
T002983,V0027,INV-29134,09/25/2024,£903.02,GBP,6400,Software licence
T002984,V0185,INV-32145,10 Jan 2025,554.24,GBP,6300,Advisory fee
T002985,V0087,INV-28605,2024-09-05,65.34,GBP,6300,Office supplies
T002986,V0068,INV-22730,2024-12-03,140.32,GBP,6500,Advisory fee
T002987,V0019,INV-70062,18 May 2025,352.49,GBP,6100,Air travel
T002988,V0088,INV-48704,2025-03-31,447.07,GBP,6200,Ad spend
T002989,V0180,INV-43806,10/08/2024,£116.37,GBP,6400,Software licence
T002990,V0195,INV-28352,31 May 2024,5726.41,GBP,6400,Air travel
T002991,V0007,INV-38969,2025-01-14,2138.87,GBP,6400,Air travel
T002992,V0183,INV-48170,10/11/2024,9000.0,GBP,6500,Office supplies
T002993,V0146,INV-93085,08/11/2024,436.70,GBP,6300,Advisory fee
T002994,V0113,INV-98247,28/10/2024,319.44,GBP,6100,Advisory fee
T002995,V0178,INV-26849,2024-05-30,£141.58,GBP,6400,Air travel
T002996,V0099,INV-43725,21 Aug 2024,439.32,GBP,6000,Office supplies
T002997,V0150,INV-49709,05/31/2024,£535.68,GBP,6400,Software licence
T002998,V0067,INV-57731,,102.93,GBP,6500,Freight
T002999,V0104,INV-72517,23/06/2024,582.65,GBP,6200,Advisory fee
T003000,V0040,INV-86957,2025-05-28,340.09,GBP,6200,Freight
T003001,V0096,INV-59542,11 May 2025,49.47,GBP,6500,Office supplies
T003002,V0135,INV-73183,06/28/2024,156.58,GBP,6300,Ad spend
T003003,V0004,INV-97653,2024-03-07,255.96,GBP,6200,Office supplies
T003004,V0080,INV-37057,08/17/2024,"£3,217.81",GBP,6100,Air travel
T003005,V0156,INV-25675,2024-07-20,744.12,GBP,6200,Ad spend
T003006,V0118,INV-84633,01/13/2024,92.85,GBP,6500,Freight
T003007,V0059,INV-36546,07 Jan 2025,688.59,GBP,6500,Software licence
T003008,V0103,INV-92103,11/04/2024,73.55,GBP,6200,Freight
T003009,V0018,INV-45582,03/22/2024,1327.38,GBP,6000,Ad spend
T003010,V0146,INV-78543,10/09/2024,£240.27,GBP,6100,Air travel
T003011,V0190,INV-33944,2024-09-07,363.94,GBP,6100,Advisory fee
T003012,V0184,INV-69777,30 Jun 2024,1734.33,GBP,6000,Freight
T003013,V0069,INV-82348,11/10/2024,£97.92,GBP,6000,Advisory fee
T003014,V0049,INV-18345,15 May 2024,86.76,GBP,6400,Air travel
T003015,V0016,INV-37227,21/08/2024,212.31,GBP,6100,Freight
T003016,V0195,INV-86188,2025-05-03,"£1,264.23",GBP,6300,Software licence
T003017,V0138,INV-16695,11/22/2024,75.85,GBP,6500,Software licence
T003018,V0051,INV-72691,2024-04-29,£17.90,GBP,6300,Software licence
T003019,V0122,INV-35873,04/12/2024,245.61,GBP,6400,Freight
T003020,V0056,INV-88419,13/05/2025,£740.20,GBP,6200,Freight
T003021,V0003,INV-86246,16/03/2025,"1,510.64",GBP,6000,Advisory fee
T003022,V0114,INV-94230,2024-07-18,242.38,GBP,6400,Advisory fee
T003023,V0158,INV-69802,01/01/2024,256.58,GBP,6200,Ad spend
T003024,V0154,INV-45486,2025-05-19,"£1,435.53",GBP,6500,Office supplies
T003025,V0085,INV-76491,09 May 2025,51.59,GBP,6400,Air travel
T003026,V0166,INV-49274,2024-09-27,263.12,GBP,6400,Office supplies
T003027,V0088,INV-46082,05/30/2025,497.44,GBP,6200,Advisory fee
T003028,V0113,INV-24610,2024-07-05,£661.26,GBP,6300,Software licence
T003029,V0082,INV-76787,2025-04-26,230.26,GBP,6300,Office supplies
T003030,V0046,INV-18593,03/18/2025,95000.0,GBP,6500,Air travel
T003031,V0025,INV-68090,12/16/2024,26.12,GBP,6500,Advisory fee
T003032,V0138,INV-33941,2024-07-17,£195.57,GBP,6000,Office supplies
T003033,V0055,INV-50265,05/28/2025,£664.38,GBP,6200,Air travel
T003034,V0197,INV-79520,2025-04-28,136.93,GBP,6000,Advisory fee
T003035,V0077,INV-89891,03/08/2024,£430.47,GBP,6400,Advisory fee
T003036,V0040,INV-52436,06/09/2024,659.55,GBP,6100,Ad spend
T003037,V0044,INV-30701,06/09/2024,276.77,GBP,6200,Freight
T003038,V0122,INV-95654,2025-03-02,486.63,GBP,6500,Air travel
T003039,V0059,INV-44452,28 Apr 2025,139.91,GBP,6200,Air travel
T003040,V0038,INV-50138,2024-12-07,£321.41,GBP,6500,Air travel
T003041,V0191,INV-51333,05 Apr 2025,£789.37,GBP,6200,Ad spend
T003042,V0145,INV-61582,2025-03-03,479.46,GBP,6000,Ad spend
T003043,V0015,INV-63580,2024-12-28,211.62,GBP,6500,Office supplies
T003044,V0117,INV-45940,01/20/2024,516.27,GBP,6500,Office supplies
T003045,V0054,INV-96776,09/19/2024,885.43,GBP,6200,Air travel
T003046,V0007,INV-52184,03/13/2025,42.31,GBP,6300,Air travel
T003047,V0143,INV-83396,07/23/2024,1443.72,GBP,6100,Freight
T003048,V0129,INV-67685,07/10/2024,£278.70,GBP,6000,Software licence
T003049,V0063,INV-31026,2024-11-29,644.22,GBP,6500,Ad spend
T003050,V0185,INV-87717,26 Apr 2025,1505.64,GBP,6000,Advisory fee
T003051,V0100,INV-73837,09/12/2024,89.22,GBP,6200,Freight
T003052,V0151,INV-59154,03/01/2024,184.86,GBP,6000,Software licence
T003053,V0164,INV-54917,2024-10-09,293.71,GBP,6400,Air travel
T003054,V0113,INV-47255,04/23/2024,170.35,GBP,6300,Office supplies
T003055,V0192,INV-19697,2024-11-28,2720.12,GBP,6500,Ad spend
T003056,V0039,INV-29715,11/02/2024,157.21,GBP,6400,Office supplies
T003057,V0144,INV-21535,24 Mar 2025,218.96,GBP,6100,Air travel
T003058,V0147,INV-81642,09/23/2024,505.14,GBP,6400,Freight
T003059,V0075,INV-12864,2024-05-23,107.52,GBP,6000,Advisory fee
T003060,V0183,INV-51151,04/01/2025,£261.06,GBP,6300,Advisory fee
T003061,V0055,INV-34135,24/11/2024,572.03,GBP,6300,Office supplies
T003062,V0118,INV-57474,07/12/2024,279.74,GBP,6100,Advisory fee
T003063,V0181,INV-43951,2024-09-18,364.04,GBP,6400,Advisory fee
T003064,V0006,INV-28385,05/02/2024,£225.37,GBP,6500,Ad spend
T003065,V0110,INV-61944,13 May 2025,76.25,GBP,6000,Freight
T003066,V0016,INV-77143,01/17/2025,574.65,GBP,6000,Freight
T003067,V0112,INV-14205,05/31/2025,2780.61,GBP,6200,Freight
T003068,V0126,INV-47047,07/12/2024,£411.68,GBP,6500,Software licence
T003069,V0189,INV-19902,04 Apr 2024,£516.87,GBP,6400,Software licence
T003070,V0137,INV-30738,09/06/2025,864.36,GBP,6000,Freight
T003071,V0120,INV-89958,07/14/2024,£99.86,GBP,6000,Advisory fee
T003072,V0111,INV-46289,21 Apr 2025,"£2,624.82",GBP,6300,Advisory fee
T003073,V0039,INV-95254,12/04/2024,£503.99,GBP,6000,Office supplies
T003074,V0166,INV-85395,12/13/2024,"2,428.53",GBP,6300,Freight
T003075,V0200,INV-66675,01/22/2024,£180.13,GBP,6300,Freight
T003076,V0076,INV-10832,03/02/2025,2980.56,GBP,6000,Software licence
T003077,V0058,INV-52255,03/13/2025,£946.41,GBP,6100,Air travel
T003078,V0058,INV-86595,30 Nov 2024,£741.25,GBP,6400,Ad spend
T003079,V0168,INV-97215,24/07/2024,521.87,GBP,6400,Air travel
T003080,V0184,INV-85609,05/06/2024,306.93,GBP,6100,Office supplies
T003081,V0053,INV-50433,2024-07-04,1511.09,GBP,6000,Software licence
T003082,V0137,INV-88895,2024-02-10,470.78,GBP,6100,Freight
T003083,V0090,INV-19078,12/01/2024,46.35,GBP,6200,Office supplies
T003084,V0169,INV-37368,2024-07-25,118.05,GBP,6200,Office supplies
T003085,V0109,INV-45530,26 Aug 2024,328.84,GBP,6100,Air travel
T003086,V0007,INV-27997,26 Mar 2025,567.36,GBP,6000,Ad spend
T003087,V0007,INV-68189,08/01/2024,379.08,GBP,6300,Software licence
T003088,V0115,INV-67481,12 Feb 2025,"1,542.05",GBP,6100,Office supplies
T003089,V0198,INV-59873,07 May 2024,47.17,GBP,6000,Office supplies
T003090,V0130,INV-85799,2025-06-12,472.46,GBP,6000,Office supplies
T003091,V0194,INV-37477,2024-05-03,54.61,GBP,6300,Advisory fee
T003092,V0155,INV-56974,20/11/2024,£930.46,GBP,6300,Office supplies
T003093,V0054,INV-21900,03/06/2025,363.61,GBP,6200,Ad spend
T003094,V0066,INV-76680,04/24/2024,640.07,GBP,6300,Software licence
T003095,V0002,INV-59811,03/06/2025,£155.98,GBP,6300,Software licence
T003096,V0091,INV-57237,13/11/2024,"1,648.15",GBP,6000,Ad spend
T003097,V0167,INV-49412,2024-08-22,1268.89,GBP,6500,Software licence
T003098,V0167,INV-94355,2025-02-03,766.55,GBP,6300,Software licence
T003099,V0071,INV-94850,27 Nov 2024,349.86,GBP,6000,Office supplies
T003100,V0064,INV-33246,01/10/2024,763.45,GBP,6100,Freight
T003101,V0040,INV-28378,04/26/2025,185.38,GBP,6000,Software licence
T003102,V0153,INV-37502,2024-10-27,"£1,033.92",GBP,6200,Freight
T003103,V0107,INV-30641,05 Mar 2025,2476.07,GBP,6100,Office supplies
T003104,V0133,INV-29841,2024-07-04,1309.85,GBP,6200,Software licence
T003105,V0042,INV-13929,24/05/2025,180.81,GBP,6100,Air travel
T003106,V0104,INV-91960,17/01/2025,600.38,GBP,6200,Freight
T003107,V0083,INV-13732,27 Jan 2024,97.28,GBP,6200,Software licence
T003108,V0121,INV-14485,05/27/2024,757.2,GBP,6300,Software licence
T003109,V9702,INV-59418,21 Jun 2025,662.26,GBP,6100,Office supplies
T003110,V0026,INV-11958,2024-12-23,51.58,GBP,6100,Software licence
T003111,V0108,INV-18693,25/04/2024,112.40,GBP,6300,Ad spend
T003112,V0107,INV-80349,03/26/2025,295.46,GBP,6100,Freight
T003113,V0164,INV-10094,2024-11-14,289.76,GBP,6300,Ad spend
T003114,V0066,INV-26803,11/26/2024,106.65,GBP,6500,Freight
T003115,V0094,INV-90427,08 Apr 2024,£618.86,GBP,6300,Ad spend
T003116,V0192,INV-84873,2024-07-19,531.99,GBP,6100,Office supplies
T003117,V0132,INV-27014,26 May 2024,325.81,GBP,6100,Advisory fee
T003118,V0022,INV-22424,17/02/2025,£175.67,GBP,6200,Freight
T003119,V0027,INV-42739,19/08/2024,"1,278.67",GBP,6200,Office supplies
T003120,V0187,INV-96424,2024-11-04,2492.27,GBP,6200,Advisory fee
T003121,V0119,INV-97602,16 Jun 2025,237.01,GBP,6400,Freight
T003122,V0069,INV-27263,12/01/2024,205.74,GBP,6300,Air travel
T003123,V0170,INV-29034,05/02/2024,692.51,GBP,6500,Ad spend
T003124,V0162,INV-16293,07/21/2024,272.10,GBP,6100,Software licence
T003125,V0037,INV-93182,2024-02-04,,GBP,6100,Office supplies
T003126,V0102,INV-52274,12/01/2024,£910.16,GBP,6400,Ad spend
T003127,V0124,INV-55075,2024-07-11,£49.39,GBP,6500,Freight
T003128,V0104,INV-69258,2024-08-07,1720.09,GBP,6300,Freight
T003129,V0068,INV-81549,26 Mar 2025,437.01,GBP,6000,Advisory fee
T003130,V0072,INV-95912,2025-06-10,£256.56,GBP,6200,Air travel
T003131,V0048,INV-43460,2024-12-15,365.71,GBP,6300,Freight
T003132,V0117,INV-96933,08/04/2024,387.1,GBP,6500,Air travel
T003133,V0196,INV-78035,09/26/2024,60.08,GBP,6000,Air travel
T003134,V0110,INV-94186,2024-01-27,"£2,088.98",GBP,6400,Office supplies
T003135,V0025,INV-39769,2025-04-13,422.19,GBP,6000,Software licence
T003136,V0141,INV-48759,09 May 2024,656.75,GBP,6200,Air travel
T003137,V0116,INV-67168,03/25/2024,1149.07,GBP,6400,Office supplies
T003138,V0102,INV-76965,2024-07-18,131.20,GBP,6100,Advisory fee
T003139,V0057,INV-12191,22 Jul 2024,679.13,GBP,6500,Advisory fee
T003140,V0091,INV-78888,06/04/2024,300.54,GBP,6400,Freight
T003141,V0135,INV-16159,06 Jan 2025,1023.98,GBP,6400,Office supplies
T003142,V0178,INV-79582,19 Jun 2024,38.86,GBP,6200,Office supplies
T003143,V0026,INV-99180,18 Jun 2024,361.77,GBP,6500,Advisory fee
T003144,V0159,INV-39656,2024-06-04,207.87,GBP,6400,Freight
T003145,V0109,INV-36502,12 Oct 2024,,GBP,6000,Ad spend
T003146,V0076,INV-61088,2025-06-18,676.58,GBP,6300,Ad spend
T003147,V0120,INV-52194,19 May 2024,185.23,GBP,6500,Air travel
T003148,V0001,INV-19813,2024-09-14,184.31,GBP,6500,Freight
T003149,V0172,INV-50842,01/08/2024,£357.19,GBP,6500,Freight
T003150,V0153,INV-18757,01 Mar 2024,150.46,GBP,6300,Office supplies
T003151,V0037,INV-73036,13/06/2024,1018.60,GBP,6100,Ad spend
T003152,V0041,INV-94683,03/05/2025,268.77,GBP,6300,Freight
T003153,V0050,INV-42580,2024-12-24,£16.48,GBP,6000,Office supplies
T003154,V0071,INV-28407,2025-02-15,267.12,GBP,6000,Advisory fee
T003155,V0190,INV-86798,04/06/2024,128.72,GBP,6100,Ad spend
T003156,V0037,INV-98111,10/09/2024,67.06,GBP,6200,Software licence
T003157,V0164,INV-25373,2025-06-17,103.42,GBP,6200,Freight
T003158,V0027,INV-92384,2025-04-27,£455.02,GBP,6100,Advisory fee
T003159,V0113,INV-49167,05/07/2024,"£1,739.76",GBP,6400,Advisory fee
T003160,V0157,INV-69554,2024-06-06,£569.35,GBP,6000,Advisory fee
T003161,V0088,INV-45665,02/11/2024,207.03,GBP,6300,Air travel
T003162,V0029,INV-92168,2025-04-22,666.14,GBP,6300,Freight
T003163,V0044,INV-73871,25 Oct 2024,£243.47,GBP,6100,Freight
T003164,V0027,INV-21609,06 Jan 2025,187.91,GBP,6100,Advisory fee
T003165,V0127,INV-66685,2025-03-07,£113.32,GBP,6000,Advisory fee
T003166,V0027,INV-46726,10/09/2024,58.73,GBP,6200,Advisory fee
T003167,V0131,INV-53100,03/05/2025,£262.72,GBP,6500,Air travel
T003168,V0092,INV-20891,01/14/2024,480.03,GBP,6000,Advisory fee
T003169,V0125,INV-41816,2025-05-21,362.75,GBP,6100,Freight
T003170,V0112,INV-97245,2024-09-29,£255.30,GBP,6000,Advisory fee
T003171,V0125,INV-83488,01/19/2025,142.55,GBP,6400,Freight
T003172,V0171,INV-60146,02/13/2024,787.66,GBP,6400,Software licence
T003173,V0152,INV-94237,10/04/2024,94.74,GBP,6400,Software licence
T003174,V0031,INV-41275,04 Jan 2025,£947.31,GBP,6400,Advisory fee
T003175,V0182,INV-89142,07/03/2025,133.96,GBP,6300,Advisory fee
T003176,V0191,INV-15225,2024-12-21,176.32,GBP,6500,Ad spend
T003177,V0118,INV-85149,06/19/2025,£80.36,GBP,6000,Ad spend
T003178,V0161,INV-66596,01/27/2024,232.4,GBP,6100,Freight
T003179,V0047,INV-13164,2024-12-02,1179.50,GBP,6000,Air travel
T003180,V0106,INV-13719,2025-04-12,711.37,GBP,6200,Air travel
T003181,V0175,INV-55095,26 Dec 2024,"1,183.54",GBP,6100,Air travel
T003182,V0115,INV-16265,28 Nov 2024,716.48,GBP,6300,Advisory fee
T003183,V0163,INV-44494,13/06/2024,£119.82,GBP,6100,Freight
T003184,V0198,INV-81732,25 Nov 2024,£280.38,GBP,6500,Ad spend
T003185,V0193,INV-55683,2024-06-25,171.02,GBP,6300,Software licence
T003186,V0086,INV-56111,21 Aug 2024,1743.47,GBP,6200,Air travel
T003187,V0026,INV-21853,02/19/2025,108.15,GBP,6200,Freight
T003188,V0128,INV-93817,07/09/2024,1078.22,GBP,6300,Office supplies
T003189,V0068,INV-73627,25 Dec 2024,"£1,077.34",GBP,6200,Ad spend
T003190,V0093,INV-30868,06/21/2024,"£3,018.70",GBP,6200,Software licence
T003191,V0029,INV-34876,13/11/2024,£257.07,GBP,6400,Advisory fee
T003192,V0165,INV-83463,30 Oct 2024,883.20,GBP,6400,Freight
T003193,V0046,INV-62162,2024-03-18,"4,963.25",GBP,6100,Software licence
T003194,V0024,INV-88377,2025-02-18,204.51,GBP,6200,Office supplies
T003195,V0184,INV-54585,28/12/2024,74.55,GBP,6300,Office supplies
T003196,V9683,INV-23582,2024-10-27,£51.01,GBP,6400,Freight
T003197,V0022,INV-52445,18/08/2024,883.58,GBP,6300,Software licence
T003198,V0063,INV-81825,2024-06-07,50.83,GBP,6500,Air travel
T003199,V0007,INV-74814,17 Aug 2024,267.86,GBP,6500,Office supplies
T003200,V0063,INV-39600,2025-03-26,652.65,GBP,6500,Office supplies
T003201,V0038,INV-11627,10/30/2024,494.57,GBP,6100,Software licence
T003202,V0157,INV-73343,2025-03-25,644.19,GBP,6300,Freight
T003203,V0142,INV-84460,07/15/2024,515.18,GBP,6300,Office supplies
T003204,V0133,INV-86139,13 Feb 2025,1647.07,GBP,6500,Freight
T003205,V0100,INV-44274,01/07/2025,141.52,GBP,6200,Ad spend
T003206,V0095,INV-57777,28/08/2024,191.58,GBP,6200,Freight
T003207,V0092,INV-20097,17/05/2024,172.44,GBP,6200,Advisory fee
T003208,V0064,INV-80552,11 May 2024,1005.47,GBP,6000,Freight
T003209,V0182,INV-72355,17 Nov 2024,1086.20,GBP,6000,Freight
T003210,V0059,INV-55657,08/17/2024,662.72,GBP,6300,Air travel
T003211,V0148,INV-16973,04/16/2025,"£1,483.03",GBP,6400,Ad spend
T003212,V0128,INV-87471,22 Mar 2025,£110.40,GBP,6000,Office supplies
T003213,V0006,INV-83394,2025-04-04,"2,524.87",GBP,6400,Advisory fee
T003214,V0015,INV-55561,03 May 2025,"2,155.04",GBP,6500,Office supplies
T003215,V0017,INV-99392,28 Dec 2024,"90,000.00",GBP,6000,Advisory fee
T003216,V0071,INV-84678,15/09/2024,"9,999.00",GBP,6500,Software licence
T003217,V0183,INV-88346,17/05/2025,65.22,GBP,6300,Advisory fee
T003218,V0196,INV-27479,09 Feb 2025,226.58,GBP,6100,Advisory fee
T003219,V0116,INV-50609,2024-11-07,179.68,GBP,6200,Office supplies
T003220,V0146,INV-76578,2025-02-20,892.14,GBP,6100,Freight
T003221,V0175,INV-86922,2024-11-18,127.08,GBP,6000,Freight
T003222,V0014,INV-56969,2024-05-02,928.2,GBP,6000,Freight
T003223,V0017,INV-79438,27/02/2025,"1,821.82",GBP,6500,Office supplies
T003224,V0188,INV-35509,09/11/2024,£866.73,GBP,6400,Office supplies
T003225,V0047,INV-13864,21/05/2025,551.22,GBP,6500,Software licence
T003226,V0085,INV-21679,06/04/2024,136.09,GBP,6300,Freight
T003227,V0180,INV-99830,31 Jan 2025,158.93,GBP,6300,Ad spend
T003228,V0179,INV-72181,21/05/2024,"£1,594.92",GBP,6200,Office supplies
T003229,V9872,INV-50789,29/12/2024,950.78,GBP,6100,Advisory fee
T003230,V0111,INV-43031,05/26/2025,,GBP,6000,Office supplies
T003231,V0067,INV-62615,07/24/2024,254.75,GBP,6100,Air travel
T003232,V0166,INV-92969,03/24/2024,43.45,GBP,6200,Ad spend
T003233,V0193,INV-22324,2025-06-20,124.22,GBP,6200,Software licence
T003234,V0156,INV-17982,01 Mar 2024,"3,302.92",GBP,6500,Air travel
T003235,V0025,INV-32087,02 Jan 2024,"95,000.00",GBP,6400,Software licence
T003236,V0002,INV-52842,28/01/2025,496.92,GBP,6200,Software licence
T003237,V0146,INV-83841,01/18/2025,"1,221.93",GBP,6000,Office supplies
T003238,V0049,INV-93424,25/05/2025,£101.45,GBP,6100,Freight
T003239,V0056,INV-55252,09/04/2024,494.32,GBP,6500,Office supplies
T003240,V0154,INV-59042,30 Jun 2024,"£1,131.96",GBP,6300,Advisory fee
T003241,V0198,INV-33264,03 Jun 2025,409.01,GBP,6100,Ad spend
T003242,V0008,INV-91537,09 Feb 2024,9463.93,GBP,6400,Software licence
T003243,V0080,INV-48198,20/04/2024,64.36,GBP,6200,Advisory fee
T003244,V0047,INV-87346,14 Jun 2025,"1,292.85",GBP,6100,Software licence
T003245,V0128,INV-35317,07 Jun 2024,333.59,GBP,6400,Air travel
T003246,V0117,INV-96309,02/02/2025,943.04,GBP,6300,Software licence
T003247,V0172,INV-82674,2024-03-08,,GBP,6200,Office supplies
T003248,V0094,INV-28531,02/09/2024,£180.10,GBP,6300,Office supplies
T003249,V0104,INV-15451,2025-01-01,519.0,GBP,6000,Ad spend
T003250,V0169,INV-87481,2024-04-11,£52.26,GBP,6400,Software licence
T003251,V0170,INV-95826,2024-11-24,783.34,GBP,6400,Freight
T003252,V0148,INV-79720,18 Jun 2025,£560.02,GBP,6300,Freight
T003253,V0165,INV-36336,16 Oct 2024,814.46,GBP,6200,Office supplies
T003254,V0115,INV-35957,10/26/2024,1291.98,GBP,6500,Ad spend
T003255,V0104,INV-67034,01/21/2025,604.49,GBP,6000,Ad spend
T003256,V0007,INV-74387,16 Apr 2024,£474.80,GBP,6200,Freight
T003257,V0124,INV-89909,2025-02-02,153.06,GBP,6200,Ad spend
T003258,V0198,INV-47643,26 Feb 2024,184.3,GBP,6400,Software licence
T003259,V0049,INV-21689,2024-11-10,"£1,488.33",GBP,6400,Advisory fee
T003260,V0147,INV-81144,26/06/2024,1958.57,GBP,6500,Air travel
T003261,V0190,INV-16285,29 Jan 2024,310.47,GBP,6000,Air travel
T003262,V0099,INV-34672,26 Dec 2024,"9,500.00",GBP,6400,Software licence
T003263,V0176,INV-66859,04/06/2025,149.15,GBP,6400,Office supplies
T003264,V0131,INV-58604,15/02/2024,1465.62,GBP,6100,Software licence
T003265,V0118,INV-34340,14/08/2024,838.79,GBP,6500,Air travel
T003266,V0019,INV-36687,05/22/2025,9000.00,GBP,6100,Freight
T003267,V0164,INV-90349,16 Jan 2024,153.52,GBP,6000,Ad spend
T003268,V0053,INV-25247,2024-10-24,266.18,GBP,6000,Office supplies
T003269,V0169,INV-53352,30/06/2024,520.4,GBP,6300,Office supplies
T003270,V0096,INV-62685,02/15/2024,£821.51,GBP,6100,Office supplies
T003271,V0154,INV-42266,21/09/2024,£318.23,GBP,6300,Advisory fee
T003272,V0147,INV-92076,2024-11-13,154.43,GBP,6100,Advisory fee
T003273,V0189,INV-45732,02/23/2025,"£1,063.74",GBP,6500,Software licence
T003274,V0107,INV-64216,21 Jan 2025,891.81,GBP,6200,Office supplies
T003275,V0200,INV-73991,16/09/2024,147.25,GBP,6400,Software licence
T003276,V0161,INV-61834,12 Feb 2024,1791.82,GBP,6500,Ad spend
T003277,V0033,INV-96895,16/08/2024,"1,461.50",GBP,6000,Advisory fee
T003278,V0030,INV-25109,11/06/2024,£467.65,GBP,6300,Software licence
T003279,V0047,INV-80377,01/12/2024,£440.34,GBP,6100,Advisory fee
T003280,V0066,INV-99247,11 Feb 2025,742.08,GBP,6200,Freight
T003281,V0074,INV-47316,24/09/2024,156.35,GBP,6000,Software licence
T003282,V0102,INV-36493,29 Mar 2024,416.98,GBP,6400,Ad spend
T003283,V0052,INV-26661,14/06/2025,37.8,GBP,6000,Ad spend
T003284,V0123,INV-24331,2024-04-24,1057.96,GBP,6100,Software licence
T003285,V0100,INV-34179,26/03/2024,72.41,GBP,6500,Software licence
T003286,V0062,INV-67140,14 Jan 2025,2108.56,GBP,6300,Advisory fee
T003287,V0037,INV-67936,02/12/2024,280.58,GBP,6500,Freight
T003288,V0197,INV-34768,08/03/2024,319.63,GBP,6500,Air travel
T003289,V0012,INV-84553,15 Jan 2024,202.25,GBP,6100,Air travel
T003290,V0065,INV-33006,12/24/2024,293.88,GBP,6300,Office supplies
T003291,V0165,INV-17396,04/02/2025,1920.58,GBP,6300,Office supplies
T003292,V0075,INV-76269,2024-03-06,26.14,GBP,6100,Office supplies
T003293,V0161,INV-35472,12/09/2024,"£1,643.63",GBP,6500,Advisory fee
T003294,V0113,INV-13317,27/03/2025,£585.13,GBP,6000,Office supplies
T003295,V0155,INV-79278,21/10/2024,£106.94,GBP,6400,Office supplies
T003296,V0037,INV-81712,21 Nov 2024,123.61,GBP,6000,Software licence
T003297,V0176,INV-18536,2025-02-23,2550.47,GBP,6400,Freight
T003298,V0005,INV-91079,2024-06-22,142.59,GBP,6500,Air travel
T003299,V9494,INV-15037,05/26/2024,113.44,GBP,6000,Advisory fee
T003300,V0060,INV-10773,25 Jan 2025,"1,409.58",GBP,6000,Freight
T003301,V0015,INV-60793,02 May 2024,585.47,GBP,6100,Advisory fee
T003302,V0010,INV-83877,16 Mar 2024,143.78,GBP,6000,Advisory fee
T003303,V0122,INV-84906,2025-01-30,511.98,GBP,6200,Advisory fee
T003304,V0158,INV-60694,05 Apr 2025,130.54,GBP,6500,Office supplies
T003305,V0175,INV-74298,13/09/2024,1354.12,GBP,6200,Advisory fee
T003306,V0117,INV-72800,05 Jun 2024,"£1,296.61",GBP,6300,Freight
T003307,V0093,INV-39339,2024-05-27,724.30,GBP,6200,Advisory fee
T003308,V0188,INV-32852,02/01/2025,600.54,GBP,6200,Office supplies
T003309,V0095,INV-12744,18/03/2025,"£2,799.81",GBP,6200,Office supplies
T003310,V0011,INV-70284,02/24/2025,403.29,GBP,6500,Freight
T003311,V0059,INV-62721,08/05/2024,109.94,GBP,6500,Air travel
T003312,V0054,INV-63188,07 Mar 2025,661.44,GBP,6300,Ad spend
T003313,V0188,INV-69285,30 Mar 2025,"4,002.41",GBP,6300,Ad spend
T003314,V0094,INV-54276,11/29/2024,£132.13,GBP,6500,Ad spend
T003315,V0035,INV-79459,29/07/2024,£271.07,GBP,6100,Office supplies
T003316,V0183,INV-35030,18/07/2024,"9,500.00",GBP,6500,Advisory fee
T003317,V0159,INV-57633,04/19/2025,380.20,GBP,6400,Ad spend
T003318,V0096,INV-94410,2024-11-10,136.93,GBP,6100,Ad spend
T003319,V0037,INV-71634,04/21/2024,"1,385.81",GBP,6400,Advisory fee
T003320,V0116,INV-49363,26/02/2025,"£5,177.33",GBP,6000,Office supplies
T003321,V0056,INV-54260,09 Jun 2024,500.57,GBP,6500,Ad spend
T003322,V0133,INV-66594,07/03/2024,149.24,GBP,6300,Software licence
T003323,V0178,INV-37060,30/01/2025,73.42,GBP,6400,Advisory fee
T003324,V0045,INV-45824,06/08/2024,535.81,GBP,6500,Ad spend
T003325,V0148,INV-35927,2024-06-03,1358.67,GBP,6300,Air travel
T003326,V0120,INV-42204,2024-05-13,680.4,GBP,6300,Air travel
T003327,V0157,INV-90258,06 Feb 2024,£402.36,GBP,6500,Software licence
T003328,V0017,INV-21239,22 Jan 2024,210.99,GBP,6000,Software licence
T003329,V0085,INV-21789,16/11/2024,121.34,GBP,6200,Office supplies
T003330,V0191,INV-29739,06/08/2024,"£1,010.53",GBP,6200,Software licence
T003331,V0093,INV-91688,11/19/2024,"£1,102.29",GBP,6400,Ad spend
T003332,V0122,INV-54383,28/06/2024,73.68,GBP,6200,Air travel
T003333,V0026,INV-83647,12/06/2024,2318.84,GBP,6100,Office supplies
T003334,V0107,INV-25524,2025-02-23,758.60,GBP,6100,Freight
T003335,V0142,INV-92402,04/25/2025,"1,880.99",GBP,6500,Air travel
T003336,V0177,INV-42688,04/26/2024,92.17,GBP,6500,Office supplies
T003337,V0114,INV-22723,10 Feb 2024,89.8,GBP,6100,Ad spend
T003338,V0122,INV-59724,2025-05-03,342.45,GBP,6100,Software licence
T003339,V0151,INV-57498,2025-03-27,701.39,GBP,6400,Freight
T003340,V0047,INV-68632,2024-01-21,2910.26,GBP,6300,Advisory fee
T003341,V0146,INV-55066,13 Dec 2024,£877.16,GBP,6000,Air travel
T003342,V0018,INV-33230,18/05/2024,308.91,GBP,6400,Air travel
T003343,V0174,INV-61592,02/06/2024,£130.45,GBP,6000,Advisory fee
T003344,V0051,INV-93128,11/24/2024,"£1,560.87",GBP,6200,Advisory fee
T003345,V0022,INV-56492,2025-05-21,£139.61,GBP,6000,Freight
T003346,V0152,INV-64753,22/06/2024,2419.5,GBP,6200,Air travel
T003347,V0050,INV-77295,13 Oct 2024,£295.06,GBP,6400,Software licence
T003348,V0126,INV-51755,2024-06-19,"£2,320.74",GBP,6000,Advisory fee
T003349,V0062,INV-50191,26 Sep 2024,£851.35,GBP,6300,Ad spend
T003350,V0087,INV-15302,10/06/2024,£346.99,GBP,6500,Advisory fee
T003351,V0118,INV-96430,03/23/2024,227.84,GBP,6200,Freight
T003352,V0009,INV-27124,11 Jan 2024,277.27,GBP,6500,Freight
T003353,V0005,INV-49676,01/24/2025,646.23,GBP,6100,Ad spend
T003354,V0098,INV-60907,02/06/2024,£439.16,GBP,6500,Advisory fee
T003355,V0070,INV-59170,09/12/2024,209.94,GBP,6200,Freight
T003356,V0109,INV-63371,12/16/2024,336.23,GBP,6100,Air travel
T003357,V0185,INV-44286,2024-07-16,439.85,GBP,6300,Air travel
T003358,V0069,INV-20919,05/04/2025,38.80,GBP,6500,Software licence
T003359,V0171,INV-51761,06/05/2025,£667.80,GBP,6000,Software licence
T003360,V0033,INV-24031,09/05/2024,137.32,GBP,6000,Office supplies
T003361,V0096,INV-18514,2024-06-06,113.45,GBP,6400,Office supplies
T003362,V0200,INV-21453,2024-03-18,63.05,GBP,6000,Advisory fee
T003363,V0004,INV-54713,13 Mar 2024,£56.08,GBP,6100,Freight
T003364,V0161,INV-70393,04/12/2024,£90.83,GBP,6500,Software licence
T003365,V0157,INV-25987,27/02/2024,184.95,GBP,6500,Office supplies
T003366,V0052,INV-20637,2024-07-09,3458.48,GBP,6000,Advisory fee
T003367,V0024,INV-10503,19/03/2025,226.23,GBP,6500,Office supplies
T003368,V0054,INV-16553,22/03/2024,£490.55,GBP,6300,Air travel
T003369,V0161,INV-79380,16/07/2024,626.74,GBP,6300,Office supplies
T003370,V0182,INV-74920,07/09/2024,£465.99,GBP,6300,Air travel
T003371,V0188,INV-98625,03 Mar 2024,£370.48,GBP,6300,Office supplies
T003372,V0130,INV-10827,03/22/2024,£108.33,GBP,6100,Office supplies
T003373,V0068,INV-28860,12 Jul 2024,1990.26,GBP,6500,Software licence
T003374,V0180,INV-19932,11/07/2024,2945.15,GBP,6100,Air travel
T003375,V0194,INV-39847,06/15/2024,63.38,GBP,6300,Advisory fee
T003376,V0152,INV-48891,02/26/2025,130.79,GBP,6400,Advisory fee
T003377,V0074,INV-38607,12 Mar 2025,296.55,GBP,6200,Air travel
T003378,V0189,INV-41558,08 Jan 2024,139.63,GBP,6500,Advisory fee
T003379,V0065,INV-46890,14 Jun 2024,£703.85,GBP,6000,Software licence
T003380,V0017,INV-74739,2024-12-18,£181.07,GBP,6500,Software licence
T003381,V0159,INV-66373,22/03/2024,4365.82,GBP,6500,Advisory fee
T003382,V0115,INV-11572,31 Mar 2024,"1,494.58",GBP,6200,Freight
T003383,V0198,INV-57379,03/08/2024,£509.70,GBP,6400,Air travel
T003384,V0187,INV-51820,06/04/2025,1248.48,GBP,6200,Advisory fee
T003385,V0123,INV-58554,26/05/2025,1361.7,GBP,6200,Ad spend
T003386,V0081,INV-81554,13/07/2024,216.95,GBP,6100,Freight
T003387,V0044,INV-15596,2024-12-27,£164.38,GBP,6300,Ad spend
T003388,V0119,INV-52515,16/02/2025,439.64,GBP,6300,Ad spend
T003389,V9600,INV-30012,25 May 2024,1040.86,GBP,6500,Ad spend
T003390,V0108,INV-13208,05/22/2024,470.11,GBP,6200,Ad spend
T003391,V0162,INV-29580,13 Feb 2025,71.19,GBP,6200,Software licence
T003392,V0112,INV-96739,25 Jun 2024,£166.82,GBP,6100,Freight
T003393,V0048,INV-38441,07/04/2024,371.90,GBP,6000,Ad spend
T003394,V0121,INV-29647,10/04/2024,371.21,GBP,6200,Office supplies
T003395,V0006,INV-75185,2025-02-05,"3,532.62",GBP,6100,Air travel
T003396,V0141,INV-46394,21/08/2024,£87.83,GBP,6100,Ad spend
T003397,V0156,INV-75422,2025-03-19,703.56,GBP,6300,Office supplies
T003398,V0125,INV-97266,03/02/2024,"£2,075.64",GBP,6200,Software licence
T003399,V0018,INV-52373,2025-05-03,"4,907.87",GBP,6400,Air travel
T003400,V0037,INV-40821,06/15/2025,258.57,GBP,6300,Office supplies
T003401,V0107,INV-74291,2024-01-14,£692.68,GBP,6200,Advisory fee
T003402,V0041,INV-54378,11/14/2024,755.01,GBP,6500,Freight
T003403,V0110,INV-90167,04/05/2024,500.21,GBP,6400,Office supplies
T003404,V0136,INV-46948,15 Dec 2024,361.86,GBP,6500,Air travel
T003405,V0177,INV-26794,13 Jan 2025,£651.69,GBP,6400,Ad spend
T003406,V0017,INV-12321,2025-04-02,24.89,GBP,6200,Ad spend
T003407,V0064,INV-37453,2024-11-30,854.29,GBP,6500,Office supplies
T003408,V0081,INV-93082,05/02/2025,463.50,GBP,6200,Freight
T003409,V0088,INV-85657,05/12/2024,315.85,GBP,6500,Office supplies
T003410,V0033,INV-52183,22/08/2024,"£9,000.00",GBP,6500,Freight
T003411,V0157,INV-41066,12/09/2024,192.01,GBP,6300,Freight
T003412,V0121,INV-12542,2024-11-16,258.95,GBP,6400,Software licence
T003413,V0099,INV-29445,11/25/2024,3607.28,GBP,6000,Freight
T003414,V0126,INV-70645,29/09/2024,£161.54,GBP,6000,Ad spend
T003415,V0100,INV-35320,10/09/2024,220.27,GBP,6500,Office supplies
T003416,V0094,INV-17736,2025-04-30,343.19,GBP,6100,Office supplies
T003417,V0163,INV-10400,01 Dec 2024,1017.20,GBP,6200,Freight
T003418,V0124,INV-83646,29/05/2024,507.04,GBP,6200,Air travel
T003419,V0125,INV-51178,07/23/2024,97.33,GBP,6500,Office supplies
T003420,V0153,INV-89309,03 May 2024,224.67,GBP,6200,Advisory fee
T003421,V0016,INV-35551,06/20/2025,206.83,GBP,6400,Air travel
T003422,V0064,INV-59284,2025-03-09,370.58,GBP,6500,Software licence
T003423,V0077,INV-44208,2024-07-28,644.47,GBP,6100,Air travel
T003424,V0007,INV-13777,07/03/2025,639.08,GBP,6000,Air travel
T003425,V0120,INV-29348,04/02/2025,57.19,GBP,6500,Ad spend
T003426,V0143,INV-30575,30/03/2025,1300.28,GBP,6200,Software licence
T003427,V0071,INV-69761,2024-10-09,£532.63,GBP,6100,Advisory fee
T003428,V0156,INV-69419,18 Oct 2024,1850.08,GBP,6100,Freight
T003429,V0033,INV-52310,01/18/2024,657.61,GBP,6000,Software licence
T003430,V0084,INV-82427,03 May 2025,1354.86,GBP,6200,Office supplies
T003431,V0081,INV-59155,01/27/2024,£673.98,GBP,6500,Ad spend
T003432,V0166,INV-52452,09/02/2025,"£1,773.74",GBP,6100,Air travel
T003433,V0157,INV-14526,16 Oct 2024,£716.57,GBP,6200,Freight
T003434,V0194,INV-84518,2024-02-10,£362.24,GBP,6400,Software licence
T003435,V0186,INV-27284,05/23/2025,"£4,913.19",GBP,6000,Software licence
T003436,V0036,INV-29866,14 Apr 2024,"1,072.71",GBP,6400,Office supplies
T003437,V0183,INV-40803,2024-04-04,758.33,GBP,6200,Air travel
T003438,V0087,INV-20637,26/02/2025,99.09,GBP,6200,Software licence
T003439,V0127,INV-62502,04/03/2024,97.79,GBP,6400,Ad spend
T003440,V0165,INV-61903,07 Jun 2024,556.68,GBP,6400,Software licence
T003441,V0054,INV-68785,11/06/2024,473.46,GBP,6000,Air travel
T003442,V0059,INV-41360,2024-02-27,205.3,GBP,6500,Advisory fee
T003443,V0143,INV-13175,02/23/2024,£471.10,GBP,6500,Advisory fee
T003444,V0058,INV-72743,2024-02-13,"£2,315.75",GBP,6000,Office supplies
T003445,V0195,INV-40495,2024-06-05,866.92,GBP,6100,Freight
T003446,V0082,INV-52329,2025-01-31,115.00,GBP,6500,Advisory fee
T003447,V0102,INV-12523,2025-06-06,356.86,GBP,6200,Ad spend
T003448,V0007,INV-97771,02/28/2025,166.42,GBP,6400,Software licence
T003449,V0011,INV-36230,2024-02-06,263.36,GBP,6100,Office supplies
T003450,V0150,INV-74417,08 Jan 2024,255.96,GBP,6200,Advisory fee
T003451,V0021,INV-86229,11/01/2025,238.55,GBP,6400,Office supplies
T003452,V0102,INV-37889,04/06/2024,101.43,GBP,6400,Software licence
T003453,V0161,INV-91630,10/15/2024,350.58,GBP,6200,Freight
T003454,V0096,INV-76962,2025-02-01,217.75,GBP,6100,Office supplies
T003455,V0194,INV-89641,19/09/2024,16.08,GBP,6200,Office supplies
T003456,V0084,INV-44123,02/06/2025,"3,859.41",GBP,6000,Advisory fee
T003457,V0074,INV-69198,2024-01-30,"1,336.28",GBP,6300,Freight
T003458,V0167,INV-98060,08 Jun 2025,266.69,GBP,6300,Office supplies
T003459,V0048,INV-24770,12 Feb 2024,411.87,GBP,6300,Software licence
T003460,V0191,INV-36946,23 Jul 2024,111.18,GBP,6400,Advisory fee
T003461,V0192,INV-49139,07 Aug 2024,2605.28,GBP,6400,Air travel
T003462,V0093,INV-70788,25/02/2024,"£3,251.97",GBP,6500,Advisory fee
T003463,V0059,INV-84297,09/15/2024,£479.32,GBP,6100,Freight
T003464,V0007,INV-50619,13/01/2024,1243.75,GBP,6100,Office supplies
T003465,V0086,INV-37047,2025-05-26,489.22,GBP,6500,Ad spend
T003466,V0185,INV-52907,13/04/2025,£92.72,GBP,6300,Freight
T003467,V0193,INV-31660,18/05/2025,256.47,GBP,6300,Freight
T003468,V0153,INV-47400,09/11/2024,466.44,GBP,6000,Freight
T003469,V0028,INV-10035,02/01/2024,244.69,GBP,6400,Software licence
T003470,V0003,INV-45944,01/01/2024,317.18,GBP,6200,Ad spend
T003471,V0098,INV-84463,06/12/2024,364.84,GBP,6000,Software licence
T003472,V0095,INV-38220,14/07/2024,369.09,GBP,6300,Advisory fee
T003473,V0096,INV-19974,13/10/2024,427.3,GBP,6300,Advisory fee
T003474,V0006,INV-48989,2024-02-05,£125.63,GBP,6000,Air travel
T003475,V0037,INV-44435,2025-04-12,£183.33,GBP,6100,Software licence
T003476,V0163,INV-99368,2024-02-01,£98.20,GBP,6300,Office supplies
T003477,V9929,INV-24756,29 Mar 2024,"£1,182.75",GBP,6500,Office supplies
T003478,V0117,INV-85992,06/10/2024,£39.80,GBP,6200,Software licence
T003479,V0180,INV-83823,06 May 2025,1435.04,GBP,6000,Advisory fee
T003480,V0178,INV-30092,08/08/2024,"£1,853.78",GBP,6000,Ad spend
T003481,V0174,INV-59469,2024-01-31,£289.34,GBP,6000,Ad spend
T003482,V0111,INV-71040,02/26/2025,23.02,GBP,6100,Software licence
T003483,V0148,INV-15771,03/05/2024,271.12,GBP,6200,Advisory fee
T003484,V0073,INV-72805,26 Jul 2024,375.93,GBP,6200,Software licence
T003485,V0172,INV-45646,07/11/2024,132.73,GBP,6100,Advisory fee
T003486,V0115,INV-10255,15 Feb 2024,228.89,GBP,6400,Ad spend
T003487,V0144,INV-74032,25/08/2024,"2,171.59",GBP,6500,Advisory fee
T003488,V0013,INV-47554,2025-01-07,838.34,GBP,6000,Freight
T003489,V0095,INV-69802,2025-04-28,145.91,GBP,6400,Office supplies
T003490,V0096,INV-96324,2025-01-15,£69.59,GBP,6500,Freight
T003491,V0139,INV-29096,2024-11-24,281.54,GBP,6500,Advisory fee
T003492,V0089,INV-63346,06/27/2024,£319.00,GBP,6400,Ad spend
T003493,V0096,INV-71274,21 Dec 2024,696.33,GBP,6200,Office supplies
T003494,V0173,INV-74816,02/21/2025,223.89,GBP,6200,Ad spend
T003495,V0023,INV-88925,16/09/2024,708.15,GBP,6100,Air travel
T003496,V0092,INV-94602,2025-04-22,"3,390.29",GBP,6300,Freight
T003497,V0175,INV-31532,13/02/2024,£989.35,GBP,6200,Freight
T003498,V0161,INV-29012,2024-12-15,382.64,GBP,6400,Advisory fee
T003499,V0191,INV-30896,2024-05-22,329.82,GBP,6100,Advisory fee
T003500,V0102,INV-20714,05/03/2025,272.51,GBP,6000,Freight
T003501,V0140,INV-15502,06/16/2025,"£1,478.38",GBP,6000,Freight
T003502,V0002,INV-43386,17 Jun 2024,£202.34,GBP,6500,Office supplies
T003503,V0176,INV-53895,05/15/2025,,GBP,6000,Air travel
T003504,V0188,INV-58932,08 Feb 2025,426.8,GBP,6400,Advisory fee
T003505,V0101,INV-38714,12/25/2024,232.30,GBP,6500,Ad spend
T003506,V0177,INV-23949,2024-08-19,89.15,GBP,6500,Advisory fee
T003507,V0117,INV-30408,11/07/2024,575.52,GBP,6500,Software licence
T003508,V0130,INV-24129,2025-05-22,377.25,GBP,6100,Software licence
T003509,V0178,INV-50180,04/09/2024,699.43,GBP,6300,Air travel
T003510,V0054,INV-81036,08/04/2024,£224.31,GBP,6100,Software licence
T003511,V0005,INV-14076,2024-10-29,"1,545.19",GBP,6000,Office supplies
T003512,V0048,INV-99192,14/03/2024,£153.78,GBP,6000,Air travel
T003513,V0116,INV-25591,2025-03-08,"2,652.46",GBP,6200,Advisory fee
T003514,V0104,INV-11385,11/03/2024,59.00,GBP,6200,Ad spend
T003515,V0096,INV-37321,2024-11-07,650.83,GBP,6300,Freight
T003516,V0151,INV-72710,02/12/2024,680.6,GBP,6500,Ad spend
T003517,V0009,INV-75535,2024-11-23,£168.16,GBP,6200,Software licence
T003518,V0066,INV-72075,27 Jan 2025,643.44,GBP,6400,Software licence
T003519,V0109,INV-86955,25/12/2024,1648.25,GBP,6500,Ad spend
T003520,V0007,INV-59803,09/02/2024,35.22,GBP,6300,Software licence
T003521,V0122,INV-43050,04/04/2024,701.36,GBP,6000,Office supplies
T003522,V0186,INV-92745,04/06/2024,25.98,GBP,6300,Ad spend
T003523,V0192,INV-54221,04 Sep 2024,£139.46,GBP,6400,Ad spend
T003524,V0009,INV-52319,2024-11-13,"£2,421.36",GBP,6400,Advisory fee
T003525,V0116,INV-38384,2025-02-24,212.73,GBP,6000,Software licence
T003526,V0176,INV-26827,29 Jan 2024,£110.91,GBP,6400,Ad spend
T003527,V9336,INV-75807,04/07/2024,324.49,GBP,6300,Air travel
T003528,V0179,INV-84062,2025-02-01,3923.33,GBP,6400,Advisory fee
T003529,V0186,INV-16385,09/16/2024,53.79,GBP,6400,Software licence
T003530,V0179,INV-77729,17/05/2025,£126.92,GBP,6100,Ad spend
T003531,V0076,INV-31331,2024-02-10,2094.72,GBP,6200,Freight
T003532,V0085,INV-65932,22 Apr 2024,"3,113.41",GBP,6500,Office supplies
T003533,V0020,INV-36099,2025-05-08,360.04,GBP,6300,Office supplies
T003534,V0002,INV-60764,06/29/2024,103.24,GBP,6300,Software licence
T003535,V0078,INV-33943,16 Aug 2024,9500.0,GBP,6200,Advisory fee
T003536,V0150,INV-74664,22/08/2024,2330.61,GBP,6500,Ad spend
T003537,V0180,INV-25216,04/13/2024,851.37,GBP,6100,Office supplies
T003538,V0034,INV-89325,25/01/2024,165.07,GBP,6300,Ad spend
T003539,V0094,INV-66357,01/22/2024,£382.25,GBP,6500,Freight
T003540,V0178,INV-58272,2024-04-18,£338.19,GBP,6300,Ad spend
T003541,V0009,INV-46556,2025-03-22,580.53,GBP,6400,Advisory fee
T003542,V0109,INV-18773,2024-03-07,1990.42,GBP,6000,Air travel
T003543,V0171,INV-56876,01 May 2025,"1,061.42",GBP,6300,Freight
T003544,V0063,INV-28025,03/05/2024,123.33,GBP,6000,Office supplies
T003545,V0023,INV-84766,2024-07-10,1833.8,GBP,6500,Office supplies
T003546,V0115,INV-96489,2025-01-17,£569.32,GBP,6400,Air travel
T003547,V0123,INV-18758,2024-07-08,"£9,999.00",GBP,6400,Ad spend
T003548,V0030,INV-83356,2024-02-10,"£2,024.74",GBP,6100,Office supplies
T003549,V0038,INV-49366,05/16/2024,118.78,GBP,6500,Advisory fee
T003550,V0101,INV-11467,15/01/2025,387.84,GBP,6000,Freight
T003551,V0004,INV-24778,21 Jun 2025,224.84,GBP,6500,Air travel
T003552,V0150,INV-79536,2024-01-10,71.91,GBP,6200,Office supplies
T003553,V0082,INV-41939,06/05/2025,£590.74,GBP,6100,Office supplies
T003554,V0170,INV-72227,05/04/2025,6391.42,GBP,6300,Office supplies
T003555,V0026,INV-32599,01/02/2025,53.30,GBP,6400,Advisory fee
T003556,V0161,INV-80962,13/03/2024,389.35,GBP,6100,Advisory fee
T003557,V0033,INV-76829,28/05/2024,£816.15,GBP,6000,Ad spend
T003558,V0132,INV-19514,2024-06-17,461.92,GBP,6100,Advisory fee
T003559,V0193,INV-64199,2025-01-05,356.22,GBP,6100,Air travel
T003560,V0105,INV-17821,18/03/2025,96.63,GBP,6000,Air travel
T003561,V0200,INV-61724,01/29/2024,£521.16,GBP,6100,Advisory fee
T003562,V0186,INV-58979,2025-02-04,£175.49,GBP,6300,Freight
T003563,V0058,INV-26688,05/05/2025,36.27,GBP,6400,Freight
T003564,V0105,INV-94677,2024-06-10,1501.25,GBP,6100,Freight
T003565,V0134,INV-47699,2025-05-24,"1,157.74",GBP,6000,Ad spend
T003566,V0154,INV-14051,03 Mar 2025,427.02,GBP,6000,Freight
T003567,V0022,INV-29079,2024-02-10,9000.0,GBP,6200,Air travel
T003568,V0101,INV-46809,2025-04-20,1315.21,GBP,6500,Air travel
T003569,V0078,INV-80161,30 Nov 2024,516.34,GBP,6200,Ad spend
T003570,V0131,INV-73935,01/30/2025,"£1,090.53",GBP,6500,Freight
T003571,V0178,INV-83424,05/20/2024,290.84,GBP,6300,Air travel
T003572,V0024,INV-74182,2024-12-16,"£1,708.18",GBP,6400,Freight
T003573,V0158,INV-92754,05/03/2024,574.13,GBP,6200,Advisory fee
T003574,V0069,INV-45553,10/22/2024,£499.42,GBP,6400,Freight
T003575,V0059,INV-51032,2024-11-27,99.78,GBP,6100,Freight
T003576,V0049,INV-55680,11/09/2024,553.16,GBP,6100,Air travel
T003577,V0133,INV-98617,02/25/2025,£161.56,GBP,6200,Air travel
T003578,V0154,INV-65554,11/07/2024,199.91,GBP,6400,Office supplies
T003579,V0198,INV-48668,07/13/2024,164.53,GBP,6500,Advisory fee
T003580,V0093,INV-81142,24/11/2024,124.85,GBP,6100,Ad spend
T003581,V0149,INV-78172,2024-06-26,"£4,176.58",GBP,6000,Advisory fee
T003582,V0186,INV-48202,09 Sep 2024,"£1,744.94",GBP,6100,Freight
T003583,V0163,INV-54220,06 Jul 2024,"3,335.59",GBP,6500,Ad spend
T003584,V0096,INV-42195,2025-02-05,105.09,GBP,6300,Advisory fee
T003585,V0070,INV-84473,2025-04-15,£436.32,GBP,6400,Air travel
T003586,V0038,INV-43387,03/14/2024,£97.24,GBP,6200,Software licence
T003587,V0097,INV-82179,06/02/2025,187.68,GBP,6000,Software licence
T003588,V0049,INV-43398,21 May 2025,146.95,GBP,6300,Freight
T003589,V0150,INV-46318,07/06/2025,1577.41,GBP,6400,Ad spend
T003590,V0051,INV-44825,22/02/2024,260.90,GBP,6300,Advisory fee
T003591,V0126,INV-88023,20/04/2024,"1,306.64",GBP,6300,Ad spend
T003592,V0100,INV-51044,02 May 2024,784.10,GBP,6100,Office supplies
T003593,V0032,INV-57360,2024-02-25,"5,084.76",GBP,6000,Software licence
T003594,V0072,INV-24085,2024-10-01,£79.25,GBP,6100,Software licence
T003595,V0191,INV-65478,07/28/2024,1611.88,GBP,6000,Advisory fee
T003596,V0146,INV-17848,11/01/2024,1423.80,GBP,6000,Air travel
T003597,V0160,INV-46329,10/18/2024,138.28,GBP,6300,Office supplies
T003598,V0060,INV-38893,30/09/2024,"1,221.51",GBP,6400,Air travel
T003599,V0061,INV-29884,24 Jan 2024,583.92,GBP,6400,Freight
T003600,V0082,INV-38819,2024-06-24,314.12,GBP,6300,Office supplies
T003601,V0139,INV-90779,2024-01-18,£162.99,GBP,6100,Software licence
T003602,V0147,INV-90495,03 Oct 2024,182.91,GBP,6300,Software licence
T003603,V0025,INV-42269,20 Feb 2025,"3,846.02",GBP,6100,Office supplies
T003604,V0118,INV-89902,06/18/2024,403.73,GBP,6100,Office supplies
T003605,V0072,INV-24075,2024-01-04,£953.69,GBP,6100,Advisory fee
T003606,V0079,INV-67041,01/30/2025,169.02,GBP,6300,Office supplies
T003607,V0060,INV-23155,24/03/2024,£171.09,GBP,6300,Advisory fee
T003608,V0114,INV-68002,2024-06-02,1326.35,GBP,6500,Ad spend
T003609,V0158,INV-59828,24 Jan 2024,91.42,GBP,6400,Air travel
T003610,V0053,INV-98252,2025-05-18,255.51,GBP,6300,Freight
T003611,V0088,INV-52215,22 Jan 2024,418.82,GBP,6300,Freight
T003612,V0158,INV-60842,2025-03-28,456.01,GBP,6400,Office supplies
T003613,V0096,INV-28941,20/03/2024,331.29,GBP,6400,Advisory fee
T003614,V0175,INV-59501,21/06/2024,623.53,GBP,6300,Office supplies
T003615,V0056,INV-51184,27/12/2024,864.49,GBP,6300,Air travel
T003616,V0064,INV-48099,2024-08-24,905.15,GBP,6300,Freight
T003617,V0121,INV-13181,09/06/2024,136.40,GBP,6500,Advisory fee
T003618,V0017,INV-69276,01/23/2024,295.13,GBP,6300,Freight
T003619,V0089,INV-57123,25/01/2025,"1,501.53",GBP,6000,Ad spend
T003620,V0112,INV-68369,2025-03-10,"£1,079.35",GBP,6000,Ad spend
T003621,V0066,INV-55643,22/08/2024,89.11,GBP,6200,Air travel
T003622,V0067,INV-72721,10 Jun 2024,593.85,GBP,6100,Office supplies
T003623,,INV-94542,2025-06-13,45.78,GBP,6400,Freight
T003624,V0051,INV-14757,01/25/2025,424.80,GBP,6200,Software licence
T003625,V0195,INV-39960,02 Apr 2024,"3,253.69",GBP,6500,Office supplies
T003626,V0024,INV-90668,2024-02-21,£142.21,GBP,6200,Software licence
T003627,V0135,INV-43442,08/04/2025,£161.14,GBP,6100,Air travel
T003628,V0037,INV-67133,12 Oct 2024,934.89,GBP,6100,Office supplies
T003629,V0105,INV-50841,06/19/2024,73.92,GBP,6400,Software licence
T003630,V0060,INV-22094,02/23/2024,£201.13,GBP,6400,Advisory fee
T003631,V0190,INV-33061,22 Oct 2024,777.5,GBP,6400,Ad spend
T003632,V0109,INV-32010,29/08/2024,200.80,GBP,6000,Office supplies
T003633,V0155,INV-20098,09/03/2024,311.2,GBP,6000,Air travel
T003634,V0046,INV-79986,2024-05-07,914.71,GBP,6300,Freight
T003635,V0195,INV-58356,02/07/2024,641.43,GBP,6100,Freight
T003636,V0048,INV-42197,01/09/2024,541.04,GBP,6200,Office supplies
T003637,V0197,INV-45695,09/06/2025,£277.82,GBP,6000,Freight
T003638,V0130,INV-17451,07 Feb 2025,£606.11,GBP,6100,Office supplies
T003639,V0013,INV-71481,06/08/2024,352.09,GBP,6100,Office supplies
T003640,V0156,INV-58128,12 Oct 2024,667.53,GBP,6300,Office supplies
T003641,V0117,INV-32956,22/04/2024,233.54,GBP,6500,Office supplies
T003642,V0042,INV-93903,13/02/2024,330.03,GBP,6000,Ad spend
T003643,V0035,INV-10075,2024-10-21,£135.78,GBP,6300,Freight
T003644,V0126,INV-98804,08 Feb 2025,388.19,GBP,6400,Freight
T003645,V0186,INV-62939,2025-06-21,165.32,GBP,6300,Advisory fee
T003646,V0134,INV-56391,2025-02-18,118.46,GBP,6200,Freight
T003647,V0105,INV-31875,2025-05-30,536.21,GBP,6300,Office supplies
T003648,V0010,INV-37117,16 Mar 2024,509.8,GBP,6400,Air travel
T003649,V0077,INV-25143,2025-02-26,954.47,GBP,6300,Ad spend
T003650,V0077,INV-58971,01/25/2024,251.08,GBP,6200,Ad spend
T003651,V0051,INV-12102,08/08/2024,£631.98,GBP,6300,Advisory fee
T003652,V0193,INV-29289,04/05/2025,739.43,GBP,6400,Advisory fee
T003653,V0036,INV-95075,11/05/2024,658.03,GBP,6300,Office supplies
T003654,V0037,INV-12146,20 Aug 2024,162.68,GBP,6300,Air travel
T003655,V0125,INV-62329,2025-04-22,£475.47,GBP,6500,Ad spend
T003656,V0096,INV-36829,2025-04-19,£602.18,GBP,6100,Ad spend
T003657,V0014,INV-42160,29 May 2024,406.63,GBP,6500,Software licence
T003658,V0076,INV-59025,02/24/2024,40.64,GBP,6200,Ad spend
T003659,V0099,INV-95646,19/03/2025,£481.32,GBP,6000,Freight
T003660,V0076,INV-56500,2025-06-08,4599.87,GBP,6400,Ad spend
T003661,V0011,INV-72843,10 Mar 2024,271.5,GBP,6200,Air travel
T003662,V0050,INV-50677,06/02/2025,£181.11,GBP,6100,Software licence
T003663,V0026,INV-29128,03 Oct 2024,,GBP,6000,Software licence
T003664,V0131,INV-38664,2025-06-17,£568.85,GBP,6200,Software licence
T003665,V0115,INV-62876,2024-12-08,"£1,498.18",GBP,6400,Ad spend
T003666,V0089,INV-91496,30/11/2024,101.12,GBP,6200,Air travel
T003667,V0014,INV-77763,06 May 2024,901.91,GBP,6300,Ad spend
T003668,V0111,INV-77367,07 Feb 2024,£772.37,GBP,6500,Freight
T003669,V0187,INV-84232,02 Jun 2025,345.03,GBP,6000,Office supplies
T003670,V0097,INV-53273,26 Mar 2025,£585.55,GBP,6500,Advisory fee
T003671,V0163,INV-45010,05/27/2024,1251.88,GBP,6100,Office supplies
T003672,V0024,INV-90854,28 Jan 2025,"1,053.16",GBP,6200,Ad spend
T003673,V0057,INV-15490,15/02/2024,114.74,GBP,6200,Software licence
T003674,V0035,INV-35492,2025-03-04,£994.43,GBP,6400,Office supplies
T003675,V0107,INV-29876,2025-03-13,375.72,GBP,6400,Freight
T003676,V0066,INV-37605,2024-01-01,437.10,GBP,6000,Office supplies
T003677,V0010,INV-44800,2025-05-09,437.26,GBP,6000,Office supplies
T003678,V0120,INV-31706,20/05/2025,341.97,GBP,6000,Software licence
T003679,,INV-70241,16/12/2024,1496.49,GBP,6400,Advisory fee
T003680,V0096,INV-71463,21/09/2024,£367.94,GBP,6400,Freight
T003681,V0141,INV-53332,2024-11-30,117.74,GBP,6400,Office supplies
T003682,V0171,INV-99385,2025-06-16,£261.68,GBP,6500,Air travel
T003683,V0153,INV-42151,08/19/2024,491.06,GBP,6000,Ad spend
T003684,V0124,INV-45676,02 Dec 2024,"£1,559.52",GBP,6400,Air travel
T003685,V0128,INV-63046,2024-02-22,£783.21,GBP,6400,Air travel
T003686,V0066,INV-23958,2024-05-31,£158.29,GBP,6400,Office supplies
T003687,V0057,INV-42602,04/20/2025,"£6,208.71",GBP,6100,Software licence
T003688,V0179,INV-81068,2025-06-01,£539.83,GBP,6200,Ad spend
T003689,V0191,INV-62409,2025-03-05,"£1,640.78",GBP,6400,Air travel
T003690,V0077,INV-20633,09/05/2024,341.42,GBP,6100,Freight
T003691,V0124,INV-96885,08 Mar 2024,725.38,GBP,6200,Software licence
T003692,V0112,INV-63205,2025-03-18,"£1,015.78",GBP,6100,Ad spend
T003693,V0122,INV-14010,12/07/2024,"1,540.73",GBP,6200,Software licence
T003694,V0079,INV-40891,13 May 2025,"£1,290.91",GBP,6300,Ad spend
T003695,V0151,INV-38053,2025-02-19,1053.02,GBP,6300,Office supplies
T003696,V0074,INV-41881,17/06/2024,£285.26,GBP,6200,Office supplies
T003697,V0154,INV-52879,01/20/2025,215.09,GBP,6000,Software licence
T003698,V0022,INV-20788,01/09/2024,£581.65,GBP,6100,Freight
T003699,V0110,INV-74572,04/04/2024,"£1,126.02",GBP,6500,Advisory fee
T003700,V0039,INV-16731,03 Jan 2024,£315.77,GBP,6300,Office supplies
T003701,V0009,INV-27495,2024-10-25,"1,302.04",GBP,6200,Advisory fee
T003702,V0176,INV-56825,30 Mar 2024,"1,993.96",GBP,6000,Office supplies
T003703,V0080,INV-53272,04/12/2024,£147.24,GBP,6000,Freight
T003704,V0022,INV-15179,2024-01-01,160.68,GBP,6100,Office supplies
T003705,V0101,INV-74272,04/20/2024,£345.71,GBP,6200,Freight
T003706,V0075,INV-90666,22/06/2025,565.88,GBP,6000,Freight
T003707,V0073,INV-28168,07/03/2024,226.55,GBP,6300,Freight
T003708,V0067,INV-30629,11 Jun 2025,1785.44,GBP,6000,Ad spend
T003709,V0156,INV-39332,17/10/2024,643.21,GBP,6000,Ad spend
T003710,V0087,INV-97164,06/15/2024,421.32,GBP,6500,Ad spend
T003711,V0116,INV-57022,05 Jun 2025,83.14,GBP,6200,Air travel
T003712,V0168,INV-62572,03/04/2025,94.88,GBP,6100,Air travel
T003713,V0171,INV-52809,08/03/2024,549.56,GBP,6100,Ad spend
T003714,V0039,INV-30344,07/02/2024,38.63,GBP,6000,Software licence
T003715,V0151,INV-25429,2024-05-31,1228.93,GBP,6000,Ad spend
T003716,V0033,INV-29572,16/03/2024,339.01,GBP,6200,Air travel
T003717,V0177,INV-51936,2024-09-01,14291.24,GBP,6500,Ad spend
T003718,V0112,INV-63723,05 May 2024,"£5,108.74",GBP,6500,Advisory fee
T003719,V0172,INV-82367,11/05/2024,330.43,GBP,6500,Office supplies
T003720,V0122,INV-96007,2024-02-04,358.89,GBP,6200,Office supplies
T003721,V0101,INV-35098,2024-12-19,"£1,206.09",GBP,6000,Software licence
T003722,V0009,INV-43053,02/02/2025,2626.72,GBP,6100,Ad spend
T003723,V0119,INV-96288,02/11/2025,66.56,GBP,6500,Air travel
T003724,V0116,INV-27419,30 Nov 2024,56.54,GBP,6500,Advisory fee
T003725,V0109,INV-96298,18/11/2024,203.52,GBP,6400,Advisory fee
T003726,V0048,INV-10975,17 Jun 2024,765.87,GBP,6200,Ad spend
T003727,V0024,INV-73818,12/08/2024,696.84,GBP,6100,Software licence
T003728,V0036,INV-41460,06/09/2025,1308.65,GBP,6400,Ad spend
T003729,V0072,INV-36510,03 Jul 2024,107.81,GBP,6300,Software licence
T003730,V0198,INV-11209,2025-01-04,£31.57,GBP,6500,Air travel
T003731,V0158,INV-58892,11 Dec 2024,"£1,036.72",GBP,6000,Software licence
T003732,V0124,INV-75677,25 Jul 2024,162.22,GBP,6100,Office supplies
T003733,V0086,INV-99175,01/06/2025,43.8,GBP,6200,Freight
T003734,V0101,INV-79302,07/20/2024,£473.22,GBP,6300,Advisory fee
T003735,V0011,INV-69631,2024-10-24,965.35,GBP,6400,Ad spend
T003736,V0012,INV-47288,12/06/2024,£352.74,GBP,6000,Ad spend
T003737,V0151,INV-92187,05 Mar 2024,243.80,GBP,6300,Ad spend
T003738,V0119,INV-89791,24 Aug 2024,338.56,GBP,6200,Freight
T003739,V0058,INV-68886,28/09/2024,268.37,GBP,6200,Advisory fee
T003740,V0010,INV-40077,2024-09-17,91.57,GBP,6300,Air travel
T003741,V0002,INV-79565,22 Aug 2024,183.80,GBP,6000,Office supplies
T003742,V0116,INV-41323,10 Feb 2025,715.81,GBP,6000,Ad spend
T003743,V0013,INV-19975,07 Oct 2024,£574.70,GBP,6400,Freight
T003744,V0107,INV-12142,28 May 2025,485.35,GBP,6500,Advisory fee
T003745,V0079,INV-88675,2024-02-22,135.01,GBP,6300,Freight
T003746,V0055,INV-80004,2024-10-21,£330.41,GBP,6000,Office supplies
T003747,V0100,INV-83499,2024-12-02,36.79,GBP,6100,Freight
T003748,V0168,INV-36248,15/01/2024,490.94,GBP,6500,Ad spend
T003749,V0021,INV-53093,2024-09-08,1942.52,GBP,6300,Software licence
T003750,V0026,INV-27023,09/21/2024,79.71,GBP,6100,Advisory fee
T003751,V0075,INV-98055,20 Sep 2024,"£9,000.00",GBP,6300,Office supplies
T003752,V0110,INV-36750,16 Jun 2024,579.41,GBP,6200,Software licence
T003753,V0196,INV-47850,11/12/2024,"1,600.59",GBP,6400,Advisory fee
T003754,V0141,INV-93757,11/03/2024,246.4,GBP,6000,Office supplies
T003755,V0032,INV-10436,02 Sep 2024,188.39,GBP,6000,Air travel
T003756,V0046,INV-24859,04/07/2025,£46.26,GBP,6200,Software licence
T003757,V0129,INV-80070,21 Apr 2025,452.05,GBP,6400,Software licence
T003758,V0124,INV-97555,,3813.43,GBP,6000,Air travel
T003759,V0024,INV-56299,29/06/2024,547.35,GBP,6300,Office supplies
T003760,V0140,INV-42804,01/19/2024,393.66,GBP,6400,Software licence
T003761,V0017,INV-31271,29/05/2024,574.95,GBP,6200,Office supplies
T003762,V0134,INV-80098,17 Jul 2024,398.54,GBP,6300,Advisory fee
T003763,V0090,INV-13904,14/12/2024,164.96,GBP,6300,Ad spend
T003764,V0027,INV-77163,02/16/2025,997.85,GBP,6100,Office supplies
T003765,V9726,INV-91405,2025-05-10,517.15,GBP,6400,Advisory fee
T003766,V0179,INV-18768,2024-08-20,411.32,GBP,6500,Ad spend
T003767,V0143,INV-70011,2025-01-31,137.98,GBP,6200,Advisory fee
T003768,V0095,INV-36098,12/02/2024,1692.33,GBP,6000,Ad spend
T003769,V0049,INV-10487,29 Dec 2024,838.13,GBP,6000,Advisory fee
T003770,V0096,INV-95028,12 Dec 2024,219.6,GBP,6300,Advisory fee
T003771,V0002,INV-51309,2025-04-19,"1,214.40",GBP,6000,Office supplies
T003772,V0025,INV-87941,2025-06-17,£233.38,GBP,6400,Software licence
T003773,V0152,INV-27795,29 Apr 2025,£170.68,GBP,6300,Freight
T003774,V0142,INV-54656,05/02/2024,174.92,GBP,6400,Software licence
T003775,V0164,INV-51558,08 Sep 2024,57.50,GBP,6200,Freight
T003776,V0109,INV-48463,02/09/2024,£677.69,GBP,6000,Software licence
T003777,V0077,INV-97139,2024-05-20,53.83,GBP,6500,Air travel
T003778,V0098,INV-30058,14/10/2024,104.45,GBP,6200,Ad spend
T003779,V0020,INV-79594,07/01/2025,41.13,GBP,6000,Ad spend
T003780,V0079,INV-49298,02/20/2025,366.99,GBP,6000,Software licence
T003781,V0073,INV-52959,2024-07-08,341.94,GBP,6500,Software licence
T003782,,INV-78806,04/12/2024,281.64,GBP,6200,Software licence
T003783,V0025,INV-44629,07 Dec 2024,128.15,GBP,6200,Software licence
T003784,V0047,INV-85551,2024-08-05,111.11,GBP,6400,Software licence
T003785,V0060,INV-16432,10/10/2024,672.37,GBP,6200,Freight
T003786,V0194,INV-80950,2024-03-22,220.17,GBP,6500,Freight
T003787,V0148,INV-81573,10/31/2024,571.35,GBP,6400,Advisory fee
T003788,V0077,INV-23164,2025-02-17,£152.36,GBP,6000,Air travel
T003789,V0108,INV-22185,07/12/2024,492.34,GBP,6200,Advisory fee
T003790,V0014,INV-27942,11/03/2024,1691.9,GBP,6000,Freight
T003791,V0002,INV-24002,03 May 2025,768.76,GBP,6000,Ad spend
T003792,V0093,INV-63213,19/04/2024,256.3,GBP,6200,Office supplies
T003793,V0152,INV-83556,10 Sep 2024,535.35,GBP,6000,Air travel
T003794,V0044,INV-34265,16 Apr 2024,309.6,GBP,6500,Software licence
T003795,V0121,INV-38628,09/05/2024,£406.94,GBP,6100,Advisory fee
T003796,V0175,INV-76805,2024-09-01,281.98,GBP,6300,Software licence
T003797,V0175,INV-78547,06/10/2024,336.71,GBP,6400,Advisory fee
T003798,V0199,INV-34582,19 May 2025,509.44,GBP,6400,Office supplies
T003799,V0016,INV-66324,2024-08-04,135.27,GBP,6400,Advisory fee
T003800,V0100,INV-35227,06/24/2025,131.96,GBP,6200,Air travel
T003801,V0035,INV-63021,02/25/2025,£87.58,GBP,6400,Air travel
T003802,V0069,INV-42640,07/05/2024,69.39,GBP,6500,Ad spend
T003803,V0066,INV-94978,24/05/2025,105.74,GBP,6000,Software licence
T003804,V0104,INV-87429,2024-07-14,£480.78,GBP,6500,Air travel
T003805,V0177,INV-26802,07 Jul 2024,151.1,GBP,6500,Freight
T003806,V0031,INV-97952,11 Sep 2024,709.79,GBP,6100,Advisory fee
T003807,V0011,INV-40258,2024-09-12,419.13,GBP,6500,Software licence
T003808,V0188,INV-19463,02/08/2025,£46.28,GBP,6100,Office supplies
T003809,V0071,INV-24760,03 Jan 2024,829.21,GBP,6500,Office supplies
T003810,V0184,INV-24519,15 Jan 2024,984.25,GBP,6300,Software licence
T003811,V0088,INV-37044,2025-04-02,£135.20,GBP,6100,Office supplies
T003812,V0186,INV-94929,2024-05-06,640.48,GBP,6200,Air travel
T003813,V0106,INV-59640,06/15/2025,157.25,GBP,6500,Air travel
T003814,V0114,INV-96916,25/07/2024,449.19,GBP,6500,Office supplies
T003815,V0053,INV-61014,12/27/2024,£100.39,GBP,6100,Advisory fee
T003816,V0170,INV-41820,2025-05-16,56.13,GBP,6300,Air travel
T003817,V0112,INV-16413,15 Sep 2024,264.78,GBP,6000,Ad spend
T003818,V0119,INV-30788,03 Mar 2024,352.09,GBP,6000,Advisory fee
T003819,V0118,INV-78718,23/10/2024,260.49,GBP,6100,Ad spend
T003820,V0029,INV-47645,2024-05-24,109.68,GBP,6200,Air travel
T003821,V0046,INV-65856,01/15/2024,259.85,GBP,6300,Freight
T003822,V0017,INV-86871,10/04/2025,542.52,GBP,6200,Air travel
T003823,V0165,INV-39401,05/04/2025,£383.99,GBP,6100,Advisory fee
T003824,V0071,INV-72499,03/02/2025,493.12,GBP,6200,Office supplies
T003825,V0123,INV-38909,03/24/2025,193.04,GBP,6100,Software licence
T003826,V0200,INV-40726,2025-05-12,"£1,463.94",GBP,6300,Office supplies
T003827,V0142,INV-76807,2024-05-28,110.63,GBP,6000,Air travel
T003828,V0185,INV-58605,18/06/2025,£689.74,GBP,6200,Advisory fee
T003829,V0026,INV-45626,06/12/2025,"£1,480.42",GBP,6200,Advisory fee
T003830,V9521,INV-12660,05 Mar 2024,684.71,GBP,6400,Software licence
T003831,V0062,INV-47068,09/15/2024,322.86,GBP,6100,Advisory fee
T003832,V0143,INV-90425,2024-07-06,,GBP,6500,Ad spend
T003833,V0136,INV-10441,01/06/2024,"1,261.05",GBP,6000,Air travel
T003834,V0197,INV-82597,2025-03-05,£84.33,GBP,6400,Air travel
T003835,V0001,INV-73048,07/17/2024,138.78,GBP,6100,Software licence
T003836,V0188,INV-50152,11 Mar 2025,260.52,GBP,6200,Advisory fee
T003837,V0070,INV-86833,07/23/2024,"1,574.07",GBP,6500,Ad spend
T003838,V0172,INV-88849,31 Dec 2024,612.62,GBP,6000,Ad spend
T003839,V0121,INV-91870,07/19/2024,139.09,GBP,6100,Air travel
T003840,V0012,INV-54059,12/31/2024,£286.76,GBP,6300,Office supplies
T003841,V0137,INV-53703,05/19/2025,205.25,GBP,6100,Ad spend
T003842,V0144,INV-12153,19 Mar 2024,184.79,GBP,6000,Freight
T003843,V0036,INV-40317,02/24/2025,1184.15,GBP,6000,Office supplies
T003844,V0120,INV-64048,15 Mar 2024,£89.22,GBP,6000,Advisory fee
T003845,V0141,INV-67839,05/18/2024,2367.66,GBP,6100,Advisory fee
T003846,V0055,INV-38635,14/01/2025,1003.3,GBP,6000,Software licence
T003847,V0066,INV-11533,22 Feb 2025,1339.36,GBP,6000,Air travel
T003848,V0165,INV-87152,2025-04-05,£242.44,GBP,6100,Software licence
T003849,V0088,INV-41025,01 May 2024,£342.09,GBP,6000,Air travel
T003850,V0154,INV-80371,03 Sep 2024,83.39,GBP,6000,Ad spend
T003851,V0177,INV-46317,2024-06-20,226.53,GBP,6500,Advisory fee
T003852,V0187,INV-10833,2025-05-16,694.38,GBP,6100,Ad spend
T003853,V0085,INV-23119,31 Mar 2024,1678.52,GBP,6400,Freight
T003854,V0059,INV-85454,11/10/2024,119.36,GBP,6000,Ad spend
T003855,V0179,INV-55738,31/12/2024,269.87,GBP,6300,Freight
T003856,V0179,INV-31534,28 Jan 2024,341.58,GBP,6500,Software licence
T003857,V0161,INV-84934,01/22/2024,86.89,GBP,6500,Air travel
T003858,V0050,INV-32553,2024-06-09,773.16,GBP,6100,Advisory fee
T003859,V0012,INV-33513,19/07/2024,181.93,GBP,6100,Office supplies
T003860,V0034,INV-48666,04/16/2025,£325.41,GBP,6000,Advisory fee
T003861,V0116,INV-39573,2024-05-17,245.39,GBP,6000,Software licence
T003862,V0186,INV-36760,2025-01-10,£169.31,GBP,6500,Air travel
T003863,V0176,INV-66599,06/06/2024,400.31,GBP,6500,Software licence
T003864,V0041,INV-72092,22 Jan 2025,318.25,GBP,6000,Office supplies
T003865,V0096,INV-14604,28 Jun 2024,267.99,GBP,6500,Ad spend
T003866,V0028,INV-21118,2024-06-10,181.04,GBP,6100,Software licence
T003867,V0040,INV-64401,21 Apr 2024,573.34,GBP,6300,Office supplies
T003868,V0180,INV-31782,29/09/2024,2487.36,GBP,6500,Freight
T003869,V0183,INV-82744,03/12/2024,£470.54,GBP,6300,Office supplies
T003870,V0153,INV-79841,08 Aug 2024,1206.8,GBP,6300,Ad spend
T003871,V0045,INV-90078,31 Mar 2025,87.42,GBP,6200,Air travel
T003872,V0067,INV-89466,07/08/2024,479.88,GBP,6500,Software licence
T003873,V0051,INV-63191,2024-10-29,£120.65,GBP,6300,Freight
T003874,V0120,INV-21930,28/04/2024,£79.47,GBP,6500,Office supplies
T003875,V0014,INV-40112,25/04/2024,178.88,GBP,6400,Ad spend
T003876,V0102,INV-95151,05/18/2024,"1,496.81",GBP,6000,Freight
T003877,V0047,INV-80651,25 Aug 2024,"£1,147.13",GBP,6100,Office supplies
T003878,V0013,INV-76639,2024-03-16,527.06,GBP,6100,Freight
T003879,V0142,INV-20953,2024-12-13,74.74,GBP,6400,Freight
T003880,V0024,INV-44033,2024-09-24,325.09,GBP,6200,Freight
T003881,V0035,INV-33371,15 Feb 2024,562.21,GBP,6300,Ad spend
T003882,V0053,INV-28312,13/08/2024,£489.36,GBP,6500,Advisory fee
T003883,V0023,INV-77889,31/05/2024,£53.08,GBP,6400,Ad spend
T003884,V0019,INV-65328,2024-03-23,£151.51,GBP,6500,Air travel
T003885,V0118,INV-31578,09 Oct 2024,375.97,GBP,6200,Software licence
T003886,V0009,INV-11511,28/01/2024,£727.72,GBP,6500,Advisory fee
T003887,V0007,INV-13977,2024-03-26,36.03,GBP,6200,Office supplies
T003888,V0194,INV-93498,03/24/2024,£337.53,GBP,6000,Advisory fee
T003889,V0049,INV-73016,04/10/2024,£472.18,GBP,6300,Freight
T003890,V0166,INV-58698,28/02/2024,1027.18,GBP,6500,Advisory fee
T003891,V0155,INV-13387,2024-06-02,864.49,GBP,6200,Air travel
T003892,V0098,INV-98103,27/04/2024,765.73,GBP,6400,Advisory fee
T003893,V0075,INV-48291,2024-09-24,£167.35,GBP,6100,Software licence
T003894,V0140,INV-29391,03/05/2025,49.46,GBP,6200,Ad spend
T003895,V0134,INV-20040,03 Jun 2024,£261.82,GBP,6100,Air travel
T003896,V0129,INV-91481,2024-02-13,"£1,214.14",GBP,6200,Ad spend
T003897,V0121,INV-15293,2025-06-03,"1,868.33",GBP,6300,Ad spend
T003898,V0007,INV-15786,02/20/2024,881.48,GBP,6000,Advisory fee
T003899,V0067,INV-42192,01/21/2025,£646.95,GBP,6200,Advisory fee
T003900,V0088,INV-21624,01/05/2025,612.53,GBP,6500,Freight
T003901,V0071,INV-79472,06/02/2024,£218.82,GBP,6300,Ad spend
T003902,V0145,INV-26114,29/08/2024,349.65,GBP,6300,Office supplies
T003903,V0069,INV-77067,2024-08-21,"£2,530.00",GBP,6200,Air travel
T003904,V0170,INV-16422,2025-01-09,143.05,GBP,6200,Office supplies
T003905,V0148,INV-59194,2024-02-12,"£2,383.34",GBP,6400,Advisory fee
T003906,V0011,INV-91922,26 Apr 2025,283.09,GBP,6000,Ad spend
T003907,V0054,INV-41508,2025-02-24,1733.63,GBP,6400,Freight
T003908,V0143,INV-70296,12/29/2024,85.84,GBP,6000,Freight
T003909,V0200,INV-93393,2025-06-22,£768.54,GBP,6100,Office supplies
T003910,V0017,INV-17957,10/01/2024,£179.39,GBP,6000,Software licence
T003911,V0101,INV-43136,2024-05-07,85.05,GBP,6400,Freight
T003912,V0190,INV-10651,24 Sep 2024,513.06,GBP,6500,Advisory fee
T003913,V0067,INV-94381,06/30/2024,1224.66,GBP,6400,Ad spend
T003914,V0128,INV-42638,12 Jun 2025,£159.26,GBP,6100,Ad spend
T003915,V0184,INV-34600,06 Mar 2024,77.56,GBP,6300,Air travel
T003916,V0063,INV-30297,08 Mar 2024,364.66,GBP,6100,Advisory fee
T003917,V0103,INV-91143,29 Oct 2024,£366.43,GBP,6500,Office supplies
T003918,V0134,INV-84897,2024-11-10,737.42,GBP,6300,Air travel
T003919,V0041,INV-12714,09/05/2024,1146.6,GBP,6300,Advisory fee
T003920,V0034,INV-58268,2025-03-17,377.91,GBP,6100,Software licence
T003921,V0080,INV-43010,25 Mar 2024,3105.88,GBP,6300,Software licence
T003922,V0100,INV-48223,03/02/2025,516.28,GBP,6100,Air travel
T003923,V0193,INV-58977,10/24/2024,275.59,GBP,6000,Office supplies
T003924,V9127,INV-40025,01/12/2025,£68.53,GBP,6200,Freight
T003925,V0175,INV-34504,10/27/2024,302.20,GBP,6100,Advisory fee
T003926,V0006,INV-97643,27/03/2024,278.65,GBP,6300,Ad spend
T003927,V0079,INV-63895,13 Oct 2024,"1,160.19",GBP,6200,Freight
T003928,V0148,INV-79514,01/06/2025,670.98,GBP,6000,Office supplies
T003929,V0188,INV-24282,2025-01-12,110.24,GBP,6100,Freight
T003930,V0179,INV-75663,15 Jun 2025,£487.59,GBP,6100,Air travel
T003931,V0085,INV-27596,21 Apr 2025,844.45,GBP,6400,Advisory fee
T003932,V0016,INV-98300,12/14/2024,2166.43,GBP,6000,Air travel
T003933,V0176,INV-93765,02/28/2024,"£1,070.90",GBP,6200,Office supplies
T003934,V0053,INV-38329,08/01/2024,931.63,GBP,6200,Office supplies
T003935,V0135,INV-43779,18 Nov 2024,430.99,GBP,6500,Software licence
T003936,V0102,INV-39082,05/24/2024,618.4,GBP,6000,Software licence
T003937,V0025,INV-88624,10/04/2025,"1,594.72",GBP,6400,Ad spend
T003938,V0185,INV-26223,02/19/2024,£93.13,GBP,6400,Office supplies
T003939,V0062,INV-87767,03/04/2024,274.68,GBP,6500,Advisory fee
T003940,V0051,INV-74563,08/09/2024,172.46,GBP,6100,Ad spend
T003941,V0165,INV-52338,19/08/2024,612.21,GBP,6000,Ad spend
T003942,V0009,INV-20071,26/03/2024,"1,561.25",GBP,6400,Freight
T003943,V0128,INV-52918,02/02/2025,209.21,GBP,6000,Ad spend
T003944,,INV-63372,21/06/2025,29.10,GBP,6000,Software licence
T003945,V0048,INV-37355,28/01/2024,256.35,GBP,6000,Freight
T003946,V0028,INV-53855,28 Feb 2025,1101.93,GBP,6000,Freight
T003947,V0033,INV-88275,20/06/2025,£728.80,GBP,6000,Office supplies
T003948,V0177,INV-59452,12/07/2024,£646.13,GBP,6300,Advisory fee
T003949,V0180,INV-75188,2024-09-27,296.49,GBP,6500,Air travel
T003950,V0153,INV-25689,01/03/2025,98.80,GBP,6000,Freight
T003951,V0175,INV-38010,2025-02-05,711.11,GBP,6200,Freight
T003952,V0089,INV-27553,2024-02-29,161.14,GBP,6000,Air travel
T003953,V0155,INV-19294,06 May 2024,4458.23,GBP,6400,Advisory fee
T003954,V0198,INV-85370,10/20/2024,755.63,GBP,6000,Freight
T003955,V0075,INV-39601,08/24/2024,213.00,GBP,6300,Freight
T003956,V0123,INV-54951,,£205.92,GBP,6400,Office supplies
T003957,V0194,INV-63382,18 Jul 2024,£364.22,GBP,6100,Advisory fee
T003958,V0041,INV-38257,2025-06-01,£309.99,GBP,6100,Software licence
T003959,V0062,INV-69151,08 Oct 2024,1378.18,GBP,6200,Air travel
T003960,V0108,INV-20059,2024-04-04,495.25,GBP,6200,Software licence
T003961,V0179,INV-48528,13/05/2024,180.41,GBP,6400,Freight
T003962,V0105,INV-15616,10 Jan 2025,3227.57,GBP,6500,Software licence
T003963,V0200,INV-54235,31/08/2024,425.91,GBP,6300,Ad spend
T003964,V0110,INV-67064,2024-02-17,939.85,GBP,6400,Advisory fee
T003965,V0025,INV-25271,05/11/2024,£206.63,GBP,6300,Software licence
T003966,V0011,INV-35288,02/26/2024,601.5,GBP,6400,Office supplies
T003967,V0093,INV-61195,11/02/2025,568.06,GBP,6400,Software licence
T003968,V0196,INV-13574,30/01/2025,50.47,GBP,6100,Advisory fee
T003969,V0117,INV-19526,11/24/2024,3702.64,GBP,6500,Office supplies
T003970,V0026,INV-33004,08/11/2024,1668.55,GBP,6200,Air travel
T003971,V0092,INV-16822,2025-03-16,£260.63,GBP,6400,Freight
T003972,V0047,INV-67178,04/21/2024,120.00,GBP,6300,Advisory fee
T003973,V0125,INV-65636,2024-05-26,591.30,GBP,6400,Office supplies
T003974,V0135,INV-44574,24 Oct 2024,£443.80,GBP,6500,Software licence
T003975,V0030,INV-41732,2024-11-07,596.59,GBP,6400,Software licence
T003976,V0136,INV-68645,2024-07-17,498.07,GBP,6200,Air travel
T003977,V0061,INV-72506,05/19/2024,704.06,GBP,6300,Software licence
T003978,V0055,INV-40637,2025-01-18,1982.35,GBP,6400,Advisory fee
T003979,V0032,INV-16999,14/04/2024,753.64,GBP,6500,Air travel
T003980,V0116,INV-12366,18 Feb 2024,127.15,GBP,6400,Air travel
T003981,V0145,INV-86132,07/03/2024,1805.91,GBP,6200,Air travel
T003982,V0147,INV-33826,17/01/2024,"£2,452.04",GBP,6500,Ad spend
T003983,V0066,INV-86401,06/18/2024,12929.44,GBP,6300,Freight
T003984,V0181,INV-85076,06/03/2025,117.23,GBP,6400,Freight
T003985,V0097,INV-96084,10/30/2024,526.98,GBP,6400,Advisory fee
T003986,V0155,INV-88683,12 Apr 2025,£40.84,GBP,6000,Freight
T003987,V0076,INV-29029,09/01/2025,£741.34,GBP,6400,Ad spend
T003988,V0164,INV-84548,09/11/2024,220.74,GBP,6100,Air travel
T003989,V0145,INV-23493,28/10/2024,"3,346.90",GBP,6000,Freight
T003990,V0080,INV-84643,2024-07-18,172.07,GBP,6100,Office supplies
T003991,V0028,INV-34242,2024-08-16,£62.92,GBP,6200,Office supplies
T003992,V0199,INV-66344,17/02/2025,240.23,GBP,6400,Freight
T003993,V0015,INV-63453,2024-01-24,£45.92,GBP,6400,Ad spend
T003994,V0040,INV-62165,30 Apr 2024,921.69,GBP,6300,Ad spend
T003995,V0008,INV-94139,28/03/2025,41.61,GBP,6100,Advisory fee
T003996,V0056,INV-50567,21 Aug 2024,416.26,GBP,6400,Freight
T003997,V0057,INV-52700,2025-01-05,41.03,GBP,6500,Office supplies
T003998,V0134,INV-28156,18/01/2024,283.63,GBP,6200,Software licence
T003999,V0089,INV-63408,30 Apr 2024,2459.51,GBP,6100,Advisory fee
T004000,V0145,INV-89954,03/20/2025,£599.87,GBP,6200,Software licence
T004001,V0141,INV-29299,2025-02-19,156.05,GBP,6400,Air travel
T004002,V0140,INV-98677,05/30/2024,389.82,GBP,6300,Advisory fee
T004003,V0069,INV-22254,26/01/2025,411.5,GBP,6400,Ad spend
T004004,V0089,INV-63336,03/15/2024,£678.51,GBP,6100,Software licence
T004005,V0144,INV-73167,2025-03-12,£89.70,GBP,6000,Advisory fee
T004006,V0176,INV-29099,2024-07-13,£774.20,GBP,6400,Air travel
T004007,V0147,INV-54151,2024-05-03,20.60,GBP,6200,Office supplies
T004008,V0199,INV-45002,12 Feb 2025,£201.77,GBP,6400,Office supplies
T004009,V0062,INV-87019,11/14/2024,235.78,GBP,6400,Air travel
T004010,V0161,INV-15316,01/31/2024,809.7,GBP,6100,Ad spend
T004011,V0193,INV-39325,02/01/2024,413.60,GBP,6000,Advisory fee
T004012,V0132,INV-66917,2025-02-04,85.96,GBP,6300,Software licence
T004013,V0015,INV-25307,01/31/2025,136.52,GBP,6400,Office supplies
T004014,V0020,INV-20644,16/07/2024,501.97,GBP,6400,Air travel
T004015,V0007,INV-16280,08 Mar 2024,£369.82,GBP,6300,Freight
T004016,V0015,INV-90224,10/12/2024,£213.36,GBP,6000,Air travel
T004017,V0162,INV-89499,03/15/2024,237.72,GBP,6500,Air travel
T004018,V0014,INV-69393,21/02/2025,£867.65,GBP,6100,Advisory fee
T004019,V0134,INV-35676,29 Mar 2025,228.27,GBP,6500,Ad spend
T004020,V0161,INV-28828,21 Feb 2024,£366.17,GBP,6500,Air travel
T004021,V0057,INV-93558,2024-10-13,"£4,389.32",GBP,6200,Software licence
T004022,V0127,INV-67756,29 Mar 2025,84.26,GBP,6400,Air travel
T004023,V0101,INV-31274,29 Feb 2024,52.61,GBP,6500,Ad spend
T004024,V0036,INV-62850,25 Feb 2025,955.23,GBP,6500,Office supplies
T004025,V0153,INV-27982,12/18/2024,191.23,GBP,6000,Freight
T004026,V0024,INV-74499,30 Apr 2025,284.27,GBP,6300,Software licence
T004027,V0042,INV-84110,03/09/2024,170.84,GBP,6200,Software licence
T004028,V0102,INV-78679,26/09/2024,303.15,GBP,6000,Office supplies
T004029,V0051,INV-36563,2025-04-09,2341.14,GBP,6100,Software licence
T004030,V9576,INV-51182,2025-01-01,974.91,GBP,6500,Office supplies
T004031,V0052,INV-55185,02/14/2025,"1,041.53",GBP,6000,Ad spend
T004032,V0140,INV-20374,20 Apr 2025,84.96,GBP,6000,Office supplies
T004033,V0043,INV-98871,14/04/2024,113.72,GBP,6000,Freight
T004034,V9611,INV-10060,01/23/2025,17.76,GBP,6000,Office supplies
T004035,V0193,INV-65299,08/31/2024,£165.62,GBP,6400,Advisory fee
T004036,V0082,INV-27348,23/04/2025,"£1,155.60",GBP,6300,Freight
T004037,V0147,INV-55215,01/20/2025,712.40,GBP,6000,Office supplies
T004038,V0056,INV-68653,2024-03-17,316.19,GBP,6500,Freight
T004039,V0076,INV-50251,2024-09-27,£393.65,GBP,6400,Software licence
T004040,V0186,INV-32111,26 Nov 2024,189.09,GBP,6000,Office supplies
T004041,V0102,INV-48537,06/06/2025,505.34,GBP,6000,Software licence
T004042,V0111,INV-46096,18/10/2024,£936.80,GBP,6000,Office supplies
T004043,V0116,INV-36855,2024-09-13,£68.21,GBP,6000,Ad spend
T004044,V0121,INV-80016,2024-04-20,560.94,GBP,6100,Ad spend
T004045,V0190,INV-75491,09 Jun 2025,"1,125.16",GBP,6100,Office supplies
T004046,V0020,INV-11836,14 Jun 2024,255.54,GBP,6500,Software licence
T004047,V0126,INV-87200,07/05/2024,£871.98,GBP,6000,Advisory fee
T004048,V0050,INV-44222,2025-06-15,"8,920.61",GBP,6300,Office supplies
T004049,V0147,INV-81581,12/14/2024,359.68,GBP,6500,Ad spend
T004050,V0188,INV-89494,24 Mar 2025,621.81,GBP,6100,Ad spend
T004051,V0060,INV-80694,09/05/2024,179.13,GBP,6000,Freight
T004052,V0046,INV-81239,2024-11-22,£492.44,GBP,6300,Software licence
T004053,V0087,INV-40003,2025-04-05,669.34,GBP,6500,Software licence
T004054,V9353,INV-87150,14 Mar 2025,499.86,GBP,6300,Advisory fee
T004055,V0031,INV-69450,2025-05-04,£131.41,GBP,6500,Software licence
T004056,V0104,INV-75072,2024-08-29,506.23,GBP,6300,Freight
T004057,V0200,INV-29207,16/01/2024,2015.08,GBP,6200,Software licence
T004058,V0097,INV-80860,27 May 2024,660.83,GBP,6000,Advisory fee
T004059,V0044,INV-33651,17 Aug 2024,"£1,162.33",GBP,6500,Air travel
T004060,V0084,INV-98327,06/12/2024,310.84,GBP,6000,Ad spend
T004061,V0174,INV-96449,,£920.48,GBP,6000,Air travel
T004062,V0139,INV-68626,17/04/2024,548.5,GBP,6500,Air travel
T004063,V0104,INV-84636,02/06/2024,£141.74,GBP,6500,Software licence
T004064,V0134,INV-95367,06/27/2024,,GBP,6000,Freight
T004065,V0036,INV-52911,2025-02-11,£135.52,GBP,6300,Freight
T004066,V0011,INV-83076,10/01/2024,201.11,GBP,6100,Ad spend
T004067,V0160,INV-89817,22/10/2024,496.84,GBP,6400,Software licence
T004068,V0041,INV-26629,08 Feb 2024,559.46,GBP,6200,Software licence
T004069,V0155,INV-40120,03/19/2025,109.05,GBP,6500,Freight
T004070,V0184,INV-42869,2025-06-03,"1,286.12",GBP,6200,Advisory fee
T004071,V0034,INV-49077,12/11/2024,756.88,GBP,6500,Freight
T004072,V0132,INV-82553,08/03/2024,£185.82,GBP,6500,Software licence
T004073,V0073,INV-55453,04/07/2025,74.34,GBP,6500,Freight
T004074,V0130,INV-70015,06/02/2024,343.99,GBP,6500,Advisory fee
T004075,V0113,INV-22014,2024-12-31,247.02,GBP,6100,Office supplies
T004076,V0140,INV-62645,03 Apr 2025,456.90,GBP,6300,Ad spend
T004077,V0051,INV-80683,10/07/2024,£270.58,GBP,6000,Freight
T004078,V0116,INV-46031,2025-01-24,44.34,GBP,6000,Freight
T004079,V0017,INV-92289,2025-04-17,263.17,GBP,6300,Freight
T004080,V0137,INV-74549,28/01/2025,288.25,GBP,6400,Office supplies
T004081,V0160,INV-85313,03/22/2025,809.99,GBP,6400,Ad spend
T004082,V0184,INV-30173,12/05/2024,187.16,GBP,6200,Freight
T004083,V0148,INV-35710,20/05/2025,2556.88,GBP,6500,Software licence
T004084,V0165,INV-79748,21/11/2024,49.26,GBP,6500,Freight
T004085,V0001,INV-62244,2024-07-09,1706.64,GBP,6500,Advisory fee
T004086,V0061,INV-58323,23 Feb 2024,315.21,GBP,6500,Air travel
T004087,V0008,INV-96975,04 Jan 2025,"£1,038.51",GBP,6300,Ad spend
T004088,V0187,INV-91204,2024-12-05,440.44,GBP,6500,Ad spend
T004089,V0146,INV-15022,01/02/2024,"£1,413.06",GBP,6500,Software licence
T004090,V0043,INV-46647,2024-06-29,263.46,GBP,6500,Air travel
T004091,V0096,INV-45169,14/09/2024,£120.48,GBP,6100,Freight
T004092,V0101,INV-70383,07 Feb 2025,1924.76,GBP,6100,Office supplies
T004093,V0091,INV-90135,2024-10-28,356.09,GBP,6100,Advisory fee
T004094,V0064,INV-93092,2024-05-16,514.77,GBP,6500,Freight
T004095,V0190,INV-85504,10/02/2024,"£1,569.05",GBP,6300,Office supplies
T004096,V0050,INV-81589,15 Apr 2024,129.65,GBP,6200,Ad spend
T004097,V0043,INV-44174,03/22/2024,776.69,GBP,6500,Advisory fee
T004098,V0084,INV-34458,12/11/2024,210.84,GBP,6500,Ad spend
T004099,V0046,INV-55003,02 Feb 2025,£348.84,GBP,6100,Freight
T004100,V0044,INV-62907,14/08/2024,436.81,GBP,6500,Office supplies
T004101,V0088,INV-79434,01/13/2025,77.46,GBP,6000,Office supplies
T004102,V0130,INV-23921,04/02/2025,171.28,GBP,6200,Air travel
T004103,V0007,INV-94649,05/16/2025,1783.23,GBP,6400,Air travel
T004104,V0099,INV-83227,2024-11-28,"1,069.35",GBP,6000,Freight
T004105,V0083,INV-73932,21/10/2024,£376.57,GBP,6200,Office supplies
T004106,V0002,INV-35448,09/11/2024,527.12,GBP,6500,Freight
T004107,V0031,INV-98529,06/08/2025,291.88,GBP,6400,Software licence
T004108,V0029,INV-73074,10/05/2025,1794.07,GBP,6100,Software licence
T004109,V0051,INV-78359,07/12/2024,323.63,GBP,6400,Office supplies
T004110,V0069,INV-14940,03/29/2024,520.62,GBP,6200,Office supplies
T004111,V0101,INV-50315,2024-03-31,"£1,423.16",GBP,6200,Air travel
T004112,V0117,INV-24093,2024-11-30,171.55,GBP,6200,Office supplies
T004113,V0028,INV-38389,26 Jun 2024,2240.98,GBP,6200,Freight
T004114,V0055,INV-64982,02 May 2025,74.93,GBP,6500,Freight
T004115,V0025,INV-41214,12/03/2025,2422.62,GBP,6300,Air travel
T004116,V0012,INV-12104,29/09/2024,267.75,GBP,6100,Advisory fee
T004117,V0165,INV-24300,17 Oct 2024,308.90,GBP,6000,Software licence
T004118,V0199,INV-56381,30/06/2024,50.45,GBP,6300,Ad spend
T004119,V0158,INV-79364,2024-05-04,244.62,GBP,6500,Freight
T004120,V0135,INV-71982,02/03/2024,128.54,GBP,6400,Advisory fee
T004121,V0034,INV-72654,2024-01-07,206.77,GBP,6200,Air travel
T004122,V0034,INV-40803,10/06/2025,346.87,GBP,6400,Freight
T004123,V0197,INV-55654,02/15/2025,"1,156.98",GBP,6100,Office supplies
T004124,V0085,INV-83060,03/14/2025,506.93,GBP,6300,Software licence
T004125,V0084,INV-86489,2025-06-02,565.92,GBP,6300,Ad spend
T004126,V0138,INV-67960,10/13/2024,120.9,GBP,6200,Office supplies
T004127,V0036,INV-74580,2024-12-11,153.11,GBP,6400,Air travel
T004128,V0190,INV-97728,13/10/2024,2917.84,GBP,6400,Advisory fee
T004129,V0087,INV-87112,08/03/2025,£179.70,GBP,6200,Air travel
T004130,V0183,INV-90432,21 Oct 2024,"2,494.46",GBP,6100,Freight
T004131,V0033,INV-49916,2024-05-01,308.78,GBP,6000,Advisory fee
T004132,V0110,INV-53554,01/27/2024,404.45,GBP,6100,Software licence
T004133,V0011,INV-15619,06/08/2024,"£1,309.50",GBP,6200,Air travel
T004134,V0164,INV-40090,08/25/2024,1634.48,GBP,6000,Office supplies
T004135,V0034,INV-94233,2024-04-28,357.13,GBP,6200,Air travel
T004136,V0018,INV-37308,06/01/2024,263.20,GBP,6200,Air travel
T004137,V0124,INV-14428,06/18/2025,379.36,GBP,6100,Advisory fee
T004138,V0163,INV-65795,05 Jul 2024,585.08,GBP,6500,Software licence
T004139,V0073,INV-49749,2024-10-18,1075.39,GBP,6400,Freight
T004140,V0158,INV-60209,01/30/2025,405.31,GBP,6400,Freight
T004141,V0184,INV-74307,27/05/2024,£796.94,GBP,6300,Advisory fee
T004142,V0057,INV-65452,04/04/2025,2445.97,GBP,6500,Ad spend
T004143,V0185,INV-48360,27 Feb 2025,613.66,GBP,6100,Advisory fee
T004144,V0002,INV-27004,2025-01-10,568.4,GBP,6400,Advisory fee
T004145,V0181,INV-31981,2025-01-12,75.88,GBP,6200,Office supplies
T004146,V0018,INV-78921,11 Aug 2024,£22.34,GBP,6100,Advisory fee
T004147,V0140,INV-23875,2024-05-16,618.45,GBP,6100,Software licence
T004148,V0033,INV-36238,26/05/2024,363.47,GBP,6500,Software licence
T004149,V0161,INV-49959,2024-04-04,229.00,GBP,6000,Ad spend
T004150,V0190,INV-11063,04/02/2024,527.36,GBP,6400,Office supplies
T004151,V0107,INV-44392,05/16/2025,377.49,GBP,6100,Office supplies
T004152,V0184,INV-82449,2025-04-19,1394.87,GBP,6200,Software licence
T004153,V0137,INV-31634,27/04/2025,£443.51,GBP,6300,Freight
T004154,V0181,INV-21415,11/04/2025,£177.40,GBP,6100,Office supplies
T004155,V0090,INV-72924,04/20/2025,1198.93,GBP,6200,Air travel
T004156,V0192,INV-57603,29/09/2024,317.72,GBP,6300,Office supplies
T004157,V0098,INV-30284,03 Feb 2024,719.96,GBP,6200,Office supplies
T004158,V0159,INV-21827,07/06/2025,£238.61,GBP,6500,Advisory fee
T004159,,INV-60123,2024-09-03,197.39,GBP,6500,Software licence
T004160,V0101,INV-16959,05/07/2024,442.56,GBP,6500,Ad spend
T004161,V0031,INV-94596,25/04/2025,409.16,GBP,6100,Software licence
T004162,V0118,INV-38189,07/22/2024,683.90,GBP,6300,Advisory fee
T004163,V0187,INV-38478,2024-07-09,300.21,GBP,6000,Air travel
T004164,V0047,INV-32615,07 Jun 2024,53.52,GBP,6400,Freight
T004165,V0158,INV-38062,02/25/2025,250.62,GBP,6100,Software licence
T004166,V0188,INV-65980,30 Nov 2024,966.04,GBP,6500,Freight
T004167,V0020,INV-93932,06/11/2024,290.87,GBP,6100,Freight
T004168,V0141,INV-28857,30 Aug 2024,307.65,GBP,6100,Air travel
T004169,V0168,INV-57669,07/09/2024,1193.94,GBP,6400,Freight
T004170,V0053,INV-51969,11/11/2024,184.35,GBP,6200,Ad spend
T004171,V0032,INV-74107,19/04/2025,73.92,GBP,6500,Advisory fee
T004172,V0127,INV-38687,14/06/2024,338.09,GBP,6300,Air travel
T004173,V0064,INV-12563,06/12/2024,£236.85,GBP,6200,Air travel
T004174,V0148,INV-75289,2024-04-29,139.37,GBP,6100,Ad spend
T004175,V0155,INV-86318,03/25/2025,332.65,GBP,6000,Office supplies
T004176,V0147,INV-32849,26/03/2025,£692.74,GBP,6000,Office supplies
T004177,V0015,INV-53399,09 Sep 2024,399.33,GBP,6500,Freight
T004178,V0120,INV-79074,05/24/2025,565.48,GBP,6500,Software licence
T004179,V0055,INV-74268,2024-11-30,2965.34,GBP,6100,Freight
T004180,V0143,INV-78019,2024-09-05,276.67,GBP,6100,Office supplies
T004181,V0008,INV-98502,10 Apr 2024,547.95,GBP,6100,Air travel
T004182,V0102,INV-17115,07/11/2024,230.41,GBP,6100,Software licence
T004183,V0012,INV-44774,15/05/2025,£159.02,GBP,6400,Advisory fee
T004184,V0120,INV-77977,30/05/2025,212.00,GBP,6400,Freight
T004185,V0113,INV-55785,2024-08-03,238.26,GBP,6500,Advisory fee
T004186,V0185,INV-58784,06/10/2025,£599.10,GBP,6200,Office supplies
T004187,V0061,INV-93548,02/07/2025,5345.36,GBP,6000,Software licence
T004188,V0052,INV-12272,2024-10-11,183.53,GBP,6200,Office supplies
T004189,V0100,INV-94594,2024-03-24,255.11,GBP,6400,Freight
T004190,V0083,INV-24349,16 Apr 2025,376.37,GBP,6000,Air travel
T004191,V0042,INV-37531,04/05/2024,£623.52,GBP,6000,Office supplies
T004192,V0165,INV-85653,06/20/2024,"£95,000.00",GBP,6500,Freight
T004193,V0192,INV-55645,2024-01-25,1656.57,GBP,6000,Air travel
T004194,V0051,INV-72648,2024-10-10,27.97,GBP,6500,Advisory fee
T004195,V0131,INV-35277,28 Feb 2024,29.21,GBP,6400,Office supplies
T004196,V0002,INV-85569,2025-03-01,£233.82,GBP,6300,Software licence
T004197,V0054,INV-87789,26/05/2025,1348.88,GBP,6000,Freight
T004198,V0030,INV-29029,2025-02-11,72.08,GBP,6000,Advisory fee
T004199,V0039,INV-29895,28 Apr 2024,14.76,GBP,6100,Office supplies
T004200,V0031,INV-70338,23 Feb 2025,756.19,GBP,6300,Advisory fee
T004201,V0036,INV-17012,04/27/2024,£527.43,GBP,6400,Advisory fee
T004202,V0173,INV-21696,2024-04-28,121.60,GBP,6000,Ad spend
T004203,V0104,INV-23697,12/05/2024,136.44,GBP,6100,Software licence
T004204,V0031,INV-90938,2024-02-02,138.83,GBP,6300,Office supplies
T004205,V0186,INV-54949,24/03/2025,455.59,GBP,6100,Office supplies
T004206,V0160,INV-38061,02/07/2024,202.56,GBP,6200,Freight
T004207,V0050,INV-66550,24/01/2025,694.69,GBP,6200,Office supplies
T004208,V0138,INV-11757,02 Jul 2024,17.46,GBP,6300,Advisory fee
T004209,V0171,INV-49513,06/17/2025,157.19,GBP,6000,Office supplies
T004210,V0196,INV-46968,29 Jun 2024,£116.90,GBP,6000,Software licence
T004211,V0073,INV-12976,08 Feb 2025,304.30,GBP,6500,Freight
T004212,V0036,INV-54191,01/09/2024,223.22,GBP,6400,Advisory fee
T004213,V0084,INV-27646,02/06/2024,970.32,GBP,6400,Air travel
T004214,V0097,INV-26883,18/01/2024,£52.18,GBP,6400,Office supplies
T004215,V0180,INV-58067,12/24/2024,424.13,GBP,6500,Ad spend
T004216,V0017,INV-95872,01/02/2024,745.59,GBP,6100,Advisory fee
T004217,V0171,INV-84562,2024-12-19,"3,109.80",GBP,6100,Advisory fee
T004218,V0150,INV-75084,01/18/2024,£237.47,GBP,6000,Office supplies
T004219,V0117,INV-25551,25/05/2024,£576.46,GBP,6200,Office supplies
T004220,V0109,INV-57056,30/11/2024,55.46,GBP,6400,Air travel
T004221,V0100,INV-50231,05/13/2024,£29.05,GBP,6100,Software licence
T004222,V0067,INV-19823,06/08/2024,1021.73,GBP,6000,Office supplies
T004223,V0124,INV-17053,03/08/2025,£400.97,GBP,6000,Air travel
T004224,V0158,INV-31227,2025-05-05,,GBP,6100,Freight
T004225,V0127,INV-46428,03/02/2024,89.06,GBP,6100,Freight
T004226,V0159,INV-18063,29/03/2025,714.72,GBP,6500,Advisory fee
T004227,V0022,INV-66521,12 Mar 2025,"£3,151.71",GBP,6400,Software licence
T004228,V0106,INV-39910,2024-05-13,640.13,GBP,6100,Air travel
T004229,V0136,INV-95209,19/04/2024,546.89,GBP,6200,Air travel
T004230,V0067,INV-30787,01/08/2024,407.24,GBP,6100,Advisory fee
T004231,V0182,INV-47415,2024-02-03,£71.67,GBP,6100,Software licence
T004232,V0032,INV-12209,01/06/2025,"£1,792.08",GBP,6300,Ad spend
T004233,V0145,INV-93864,07 Apr 2025,206.04,GBP,6200,Ad spend
T004234,V0079,INV-91645,03/07/2024,702.70,GBP,6200,Ad spend
T004235,V0152,INV-98744,22 Dec 2024,72.29,GBP,6200,Air travel
T004236,V0109,INV-32607,2024-09-09,110.23,GBP,6200,Ad spend
T004237,V0028,INV-27938,09/14/2024,1955.88,GBP,6300,Ad spend
T004238,V0001,INV-24491,15 Feb 2024,275.33,GBP,6400,Software licence
T004239,V0197,INV-25533,10/06/2025,"£1,995.41",GBP,6000,Software licence
T004240,V0054,INV-13492,02/26/2025,370.16,GBP,6400,Office supplies
T004241,V0026,INV-68894,02/12/2025,£53.19,GBP,6200,Software licence
T004242,V0126,INV-31217,09/03/2025,"1,076.29",GBP,6400,Software licence
T004243,V0140,INV-11720,13/06/2025,210.84,GBP,6000,Advisory fee
T004244,V0172,INV-58004,04/03/2025,870.06,GBP,6000,Office supplies
T004245,V0152,INV-13995,20 Apr 2024,£414.77,GBP,6200,Advisory fee
T004246,V0016,INV-70746,03/27/2024,73.89,GBP,6100,Freight
T004247,V0011,INV-63554,2025-04-08,483.34,GBP,6000,Office supplies
T004248,V0014,INV-70548,22 Aug 2024,"£4,518.09",GBP,6200,Software licence
T004249,V0013,INV-47712,04 Jan 2025,£693.87,GBP,6400,Air travel
T004250,V0126,INV-49352,23/07/2024,£378.69,GBP,6300,Office supplies
T004251,V0030,INV-35762,26 Jan 2024,"1,316.69",GBP,6000,Freight
T004252,V0112,INV-33819,12/23/2024,"90,000.00",GBP,6400,Freight
T004253,V0174,INV-56574,04/02/2025,508.0,GBP,6300,Advisory fee
T004254,V0110,INV-88139,09/16/2024,121.41,GBP,6300,Software licence
T004255,V0053,INV-25793,01/06/2024,521.77,GBP,6200,Office supplies
T004256,V0172,INV-36262,16 Feb 2025,1260.15,GBP,6100,Ad spend
T004257,V0066,INV-67340,07/02/2025,160.83,GBP,6300,Office supplies
T004258,V0021,INV-56299,06 Mar 2024,1933.23,GBP,6400,Office supplies
T004259,V0036,INV-72259,20 Jan 2024,364.72,GBP,6000,Software licence
T004260,V0069,INV-62819,28/02/2025,151.94,GBP,6300,Software licence
T004261,V0080,INV-53297,01/26/2024,"1,208.81",GBP,6000,Software licence
T004262,V0013,INV-68580,2025-05-12,294.28,GBP,6500,Ad spend
T004263,V0032,INV-43071,08/02/2024,£930.26,GBP,6000,Advisory fee
T004264,V0168,INV-44431,08/29/2024,292.68,GBP,6400,Freight
T004265,V0018,INV-83783,03 Oct 2024,377.73,GBP,6400,Software licence
T004266,V0081,INV-42675,08 Mar 2024,694.31,GBP,6200,Office supplies
T004267,V0011,INV-43491,28/05/2025,555.57,GBP,6000,Freight
T004268,V0077,INV-94749,23/05/2025,"£9,500.00",GBP,6300,Freight
T004269,V0136,INV-74595,08/17/2024,£117.52,GBP,6500,Software licence
T004270,V0051,INV-70718,2025-03-25,1121.42,GBP,6500,Software licence
T004271,V0107,INV-60098,26 Oct 2024,348.85,GBP,6000,Ad spend
T004272,V0098,INV-23051,01/06/2024,£226.76,GBP,6100,Ad spend
T004273,V0074,INV-16436,11 May 2025,£90.52,GBP,6300,Freight
T004274,V0069,INV-42537,26 Aug 2024,123.01,GBP,6100,Air travel
T004275,V0112,INV-33988,03 Aug 2024,43.64,GBP,6500,Advisory fee
T004276,V0132,INV-97783,2024-10-23,£360.90,GBP,6400,Freight
T004277,V0030,INV-90025,01/04/2025,208.87,GBP,6000,Software licence
T004278,V0183,INV-44617,18 Jun 2024,£139.32,GBP,6300,Advisory fee
T004279,V0036,INV-13448,08/07/2024,374.30,GBP,6300,Software licence
T004280,V0132,INV-70390,06/24/2024,£602.07,GBP,6000,Software licence
T004281,V0106,INV-17198,2024-06-11,4034.02,GBP,6500,Advisory fee
T004282,V0169,INV-13595,22/09/2024,76.47,GBP,6000,Freight
T004283,V0022,INV-40829,2025-01-13,"1,444.21",GBP,6500,Advisory fee
T004284,V0193,INV-90636,06/09/2025,1176.63,GBP,6400,Freight
T004285,V0200,INV-86639,04/04/2025,171.23,GBP,6100,Software licence
T004286,V0022,INV-68255,23 Jan 2024,£504.50,GBP,6500,Freight
T004287,V9627,INV-92045,2024-10-23,243.86,GBP,6500,Freight
T004288,V0008,INV-19254,02/12/2025,494.85,GBP,6200,Air travel
T004289,V9127,INV-28119,2024-06-13,"£2,121.85",GBP,6000,Ad spend
T004290,V0092,INV-78412,2025-06-09,785.38,GBP,6500,Office supplies
T004291,V0147,INV-67718,03/06/2025,£705.90,GBP,6200,Ad spend
T004292,V0003,INV-80660,06/25/2024,251.30,GBP,6000,Software licence
T004293,V9821,INV-80791,02/17/2024,£78.85,GBP,6300,Ad spend
T004294,V0082,INV-72033,05/04/2024,320.76,GBP,6100,Office supplies
T004295,V0098,INV-83849,28/03/2024,"1,521.22",GBP,6200,Freight
T004296,V0104,INV-21993,27 Mar 2024,,GBP,6100,Freight
T004297,V0128,INV-98387,2024-10-03,126.39,GBP,6100,Freight
T004298,V0172,INV-65505,31/05/2025,463.54,GBP,6100,Ad spend
T004299,V0186,INV-61393,2025-05-03,£136.58,GBP,6500,Advisory fee
T004300,V0013,INV-45013,14 Feb 2024,£168.72,GBP,6400,Air travel
T004301,V0059,INV-25455,21/09/2024,253.17,GBP,6000,Freight
T004302,V0109,INV-24744,12/29/2024,89.82,GBP,6300,Software licence
T004303,V0127,INV-82331,11 Sep 2024,138.17,GBP,6100,Ad spend
T004304,V0073,INV-98367,2024-08-17,£874.60,GBP,6200,Advisory fee
T004305,V0097,INV-56405,19/04/2024,£95.76,GBP,6300,Freight
T004306,V0169,INV-97821,02/11/2025,69.57,GBP,6100,Air travel
T004307,V0164,INV-15920,2025-03-07,£201.74,GBP,6500,Advisory fee
T004308,V0073,INV-89930,01/20/2025,902.48,GBP,6300,Freight
T004309,V0064,INV-44711,15 Mar 2025,£324.86,GBP,6000,Air travel
T004310,V0116,INV-77069,15 Nov 2024,242.01,GBP,6100,Software licence
T004311,V0114,INV-11522,2024-06-05,423.6,GBP,6400,Air travel
T004312,V0027,INV-60585,2024-05-25,59.13,GBP,6100,Air travel
T004313,V0149,INV-41871,02/20/2025,695.18,GBP,6200,Freight
T004314,V0140,INV-26391,2024-01-01,615.10,GBP,6400,Freight
T004315,V0200,INV-39098,09/29/2024,257.18,GBP,6400,Ad spend
T004316,V0137,INV-75773,2024-08-21,"1,219.89",GBP,6400,Software licence
T004317,V0112,INV-28017,09/21/2024,116.72,GBP,6300,Ad spend
T004318,V0039,INV-79102,31/03/2025,"£1,395.07",GBP,6400,Freight
T004319,V0018,INV-65694,23/01/2024,£478.16,GBP,6400,Software licence
T004320,V0023,INV-49308,2024-03-16,278.60,GBP,6100,Software licence
T004321,V0151,INV-42543,01/01/2025,394.71,GBP,6500,Freight
T004322,V0164,INV-31396,28/07/2024,358.53,GBP,6500,Ad spend
T004323,V0028,INV-40493,06 Aug 2024,1544.28,GBP,6300,Advisory fee
T004324,V0105,INV-10055,2024-12-15,123.43,GBP,6100,Office supplies
T004325,V0012,INV-43359,24/11/2024,174.38,GBP,6400,Freight
T004326,V0025,INV-62508,12/06/2024,"1,261.34",GBP,6500,Software licence
T004327,V9156,INV-57227,12 Oct 2024,209.54,GBP,6200,Ad spend
T004328,V0038,INV-44364,07 May 2024,9999.0,GBP,6400,Software licence
T004329,V0110,INV-51665,02/02/2024,2615.94,GBP,6100,Advisory fee
T004330,V0075,INV-45861,29 Jan 2024,259.31,GBP,6400,Ad spend
T004331,V0103,INV-18281,2025-04-26,£853.63,GBP,6500,Ad spend
T004332,V0192,INV-18563,2025-06-12,113.40,GBP,6100,Advisory fee
T004333,V0067,INV-87928,02/12/2024,925.38,GBP,6400,Freight
T004334,V0187,INV-10373,14 Feb 2025,502.38,GBP,6300,Freight
T004335,V0038,INV-22700,10/05/2024,678.81,GBP,6000,Ad spend
T004336,V0070,INV-64224,13 Jun 2025,198.32,GBP,6000,Office supplies
T004337,V0084,INV-91598,08 Jul 2024,64.9,GBP,6300,Advisory fee
T004338,V0097,INV-44737,08 Mar 2025,£701.75,GBP,6400,Advisory fee
T004339,V0138,INV-90924,09/11/2024,41.69,GBP,6500,Freight
T004340,V0102,INV-91073,26 Mar 2025,284.55,GBP,6200,Freight
T004341,V0098,INV-84346,11/15/2024,1136.04,GBP,6500,Software licence
T004342,V0084,INV-54601,24/09/2024,£498.24,GBP,6200,Advisory fee
T004343,V0013,INV-24502,07/05/2024,"£95,000.00",GBP,6400,Office supplies
T004344,V0185,INV-88526,2024-07-03,1245.91,GBP,6000,Advisory fee
T004345,V0200,INV-72620,2025-01-04,£196.51,GBP,6100,Advisory fee
T004346,V0098,INV-15831,12/25/2024,£415.73,GBP,6000,Software licence
T004347,V0122,INV-20303,2025-03-08,£382.95,GBP,6500,Advisory fee
T004348,V0016,INV-39762,08 Feb 2025,70.78,GBP,6100,Ad spend
T004349,V0081,INV-42578,02/24/2025,143.39,GBP,6500,Advisory fee
T004350,V0033,INV-23108,2025-06-11,217.71,GBP,6400,Air travel
T004351,V0084,INV-58809,27 Feb 2024,42.96,GBP,6300,Ad spend
T004352,V0002,INV-16442,26 Jan 2024,425.07,GBP,6400,Advisory fee
T004353,V0167,INV-85025,11/04/2024,306.75,GBP,6100,Air travel
T004354,V0136,INV-86069,13/09/2024,64.06,GBP,6100,Software licence
T004355,V0076,INV-59327,19 Jan 2025,629.32,GBP,6500,Air travel
T004356,V0190,INV-82974,,£886.66,GBP,6300,Ad spend
T004357,V0106,INV-16553,2024-11-30,517.88,GBP,6300,Air travel
T004358,V0042,INV-11881,2024-11-14,282.46,GBP,6200,Ad spend
T004359,V0094,INV-74229,03/29/2025,773.24,GBP,6200,Freight
T004360,V0008,INV-84869,2025-04-06,852.56,GBP,6200,Air travel
T004361,V0057,INV-35203,2025-06-02,£565.75,GBP,6400,Software licence
T004362,V0109,INV-27151,09/05/2024,162.87,GBP,6200,Air travel
T004363,V0104,INV-59972,05/13/2024,£546.90,GBP,6500,Office supplies
T004364,V0198,INV-64884,2024-12-10,1502.71,GBP,6500,Air travel
T004365,V0014,INV-24208,02/10/2025,209.29,GBP,6500,Air travel
T004366,V0155,INV-89723,2024-12-21,4055.11,GBP,6100,Software licence
T004367,V0003,INV-98508,11 Mar 2025,226.29,GBP,6100,Office supplies
T004368,V0031,INV-32925,04/06/2024,418.07,GBP,6200,Office supplies
T004369,V0196,INV-69234,2025-03-14,£192.53,GBP,6300,Advisory fee
T004370,V0169,INV-72121,11/14/2024,515.74,GBP,6300,Office supplies
T004371,V0196,INV-51419,03/09/2024,"9,999.00",GBP,6300,Software licence
T004372,V0027,INV-20363,06/30/2024,221.26,GBP,6200,Advisory fee
T004373,V0026,INV-22097,2025-01-16,£121.35,GBP,6400,Air travel
T004374,V0137,INV-77773,01/02/2025,468.19,GBP,6000,Software licence
T004375,V0195,INV-80366,16 Jan 2024,"£1,204.59",GBP,6000,Ad spend
T004376,V0151,INV-77668,09 Feb 2025,£821.07,GBP,6300,Advisory fee
T004377,V0127,INV-83246,10 May 2024,29.70,GBP,6100,Software licence
T004378,V0045,INV-85738,01/01/2025,3813.40,GBP,6300,Software licence
T004379,V0070,INV-68473,05/18/2024,558.25,GBP,6500,Ad spend
T004380,V0068,INV-31510,2025-03-11,£171.72,GBP,6000,Office supplies
T004381,V0187,INV-24536,2024-06-17,£479.55,GBP,6000,Office supplies
T004382,V0136,INV-42929,22 Aug 2024,489.71,GBP,6500,Ad spend
T004383,V0088,INV-39881,16/03/2025,193.73,GBP,6200,Advisory fee
T004384,V0151,INV-60576,19/02/2024,£501.55,GBP,6300,Freight
T004385,V0090,INV-93303,06/21/2024,206.81,GBP,6200,Air travel
T004386,V0132,INV-32915,11/13/2024,258.58,GBP,6100,Software licence
T004387,V0172,INV-83071,26 Aug 2024,189.63,GBP,6400,Air travel
T004388,V0065,INV-57451,10/01/2024,83.43,GBP,6000,Software licence
T004389,V0174,INV-66260,17 Sep 2024,£473.63,GBP,6200,Advisory fee
T004390,V0095,INV-47382,23 Apr 2025,768.03,GBP,6200,Advisory fee
T004391,V0038,INV-35796,19 Mar 2024,710.79,GBP,6000,Office supplies
T004392,V0050,INV-30206,04/03/2025,994.18,GBP,6200,Freight
T004393,V0158,INV-74389,2024-03-27,576.38,GBP,6300,Ad spend
T004394,V0199,INV-62185,07/30/2024,224.53,GBP,6100,Advisory fee
T004395,V0076,INV-94549,19/06/2024,1016.0,GBP,6300,Office supplies
T004396,V0008,INV-35117,23 Jan 2025,90.63,GBP,6500,Office supplies
T004397,V0019,INV-72224,28/12/2024,£149.79,GBP,6500,Software licence
T004398,V0168,INV-81159,03/03/2024,139.68,GBP,6000,Freight
T004399,V0100,INV-42366,2024-02-12,"1,323.54",GBP,6200,Air travel
T004400,V0183,INV-93275,18 Jul 2024,"£1,138.05",GBP,6000,Ad spend
T004401,V0156,INV-40086,28/11/2024,689.55,GBP,6500,Freight
T004402,V0129,INV-28982,30/09/2024,1311.76,GBP,6400,Office supplies
T004403,V0085,INV-40083,08/11/2024,153.36,GBP,6000,Software licence
T004404,V0180,INV-93148,16 Apr 2024,£591.97,GBP,6400,Software licence
T004405,V0184,INV-61948,03/27/2025,£351.53,GBP,6300,Freight
T004406,V0074,INV-77395,03/09/2024,"£1,024.10",GBP,6300,Air travel
T004407,V0045,INV-46549,09/17/2024,£355.40,GBP,6200,Advisory fee
T004408,V0093,INV-44295,2024-09-25,£264.16,GBP,6300,Software licence
T004409,V0137,INV-37559,2025-01-05,£731.43,GBP,6500,Software licence
T004410,V0122,INV-89005,08/10/2024,"£1,057.63",GBP,6300,Advisory fee
T004411,V0142,INV-24044,16 Jan 2024,90000.0,GBP,6500,Advisory fee
T004412,V0167,INV-97755,2024-11-24,377.22,GBP,6100,Advisory fee
T004413,V0153,INV-26165,30 May 2024,125.93,GBP,6400,Ad spend
T004414,V0129,INV-77173,2024-09-18,25.85,GBP,6400,Advisory fee
T004415,V0099,INV-91539,11 Mar 2025,502.96,GBP,6400,Freight
T004416,V0132,INV-30316,2024-03-03,788.23,GBP,6200,Air travel
T004417,V0124,INV-85861,16/05/2024,538.22,GBP,6300,Software licence
T004418,V0071,INV-68905,05/20/2024,47.25,GBP,6200,Ad spend
T004419,V0060,INV-14774,01/04/2024,274.26,GBP,6500,Freight
T004420,V0139,INV-59982,15 Sep 2024,35.16,GBP,6100,Air travel
T004421,V0034,INV-36703,08/19/2024,1820.14,GBP,6400,Ad spend
T004422,V0042,INV-78349,29 Aug 2024,122.16,GBP,6100,Freight
T004423,V0027,INV-29785,25 Apr 2024,,GBP,6500,Advisory fee
T004424,V0141,INV-75531,2024-01-31,"£1,141.91",GBP,6300,Office supplies
T004425,V0146,INV-37536,25/06/2024,£149.81,GBP,6400,Freight
T004426,V0013,INV-85769,08/05/2024,116.04,GBP,6100,Office supplies
T004427,V0032,INV-15869,2024-04-29,593.13,GBP,6000,Office supplies
T004428,V0059,INV-33033,03/01/2024,159.37,GBP,6000,Software licence
T004429,V0178,INV-78422,01/30/2025,£451.57,GBP,6300,Ad spend
T004430,V0098,INV-25022,2024-02-16,237.2,GBP,6000,Freight
T004431,V0162,INV-88232,07/05/2025,£56.87,GBP,6500,Ad spend
T004432,V0032,INV-11468,26/03/2024,34.69,GBP,6200,Office supplies
T004433,V0096,INV-60294,05/04/2024,517.68,GBP,6200,Software licence
T004434,V0186,INV-40832,2024-10-23,217.52,GBP,6200,Advisory fee
T004435,V0063,INV-94037,28 Mar 2024,219.55,GBP,6400,Freight
T004436,V0194,INV-16208,09 May 2025,£867.36,GBP,6200,Ad spend
T004437,V0193,INV-82133,21/05/2024,"1,466.72",GBP,6100,Air travel
T004438,V0080,INV-63564,2024-11-19,298.93,GBP,6500,Software licence
T004439,V0009,INV-10478,22/07/2024,277.37,GBP,6500,Software licence
T004440,V0118,INV-62989,2024-07-05,699.35,GBP,6000,Air travel
T004441,V0072,INV-53178,23/01/2025,90.68,GBP,6300,Software licence
T004442,V0085,INV-12561,17 Feb 2024,£515.67,GBP,6300,Ad spend
T004443,V0172,INV-61109,08 Mar 2025,740.31,GBP,6200,Software licence
T004444,V0019,INV-11709,06 Feb 2025,852.57,GBP,6200,Air travel
T004445,V0023,INV-21835,08/18/2024,£47.92,GBP,6200,Software licence
T004446,V0115,INV-80995,2024-11-27,£174.60,GBP,6000,Ad spend
T004447,V0158,INV-87526,2024-10-02,£153.53,GBP,6400,Ad spend
T004448,V0011,INV-78523,01/16/2024,£450.28,GBP,6200,Freight
T004449,V0195,INV-35512,16/03/2025,£684.59,GBP,6300,Freight
T004450,V0052,INV-48561,24 May 2024,2093.06,GBP,6300,Freight
T004451,V0186,INV-84379,02/18/2025,234.05,GBP,6100,Ad spend
T004452,V0156,INV-70176,01/16/2024,233.38,GBP,6400,Office supplies
T004453,V0139,INV-66813,06/16/2025,"£1,428.87",GBP,6500,Freight
T004454,V0031,INV-71928,11/05/2025,559.05,GBP,6400,Software licence
T004455,V0094,INV-14015,14/01/2025,"90,000.00",GBP,6400,Ad spend
T004456,V0047,INV-57581,2025-04-09,,GBP,6000,Freight
T004457,V0117,INV-59421,01/24/2024,112.98,GBP,6500,Freight
T004458,V0061,INV-26581,23/01/2024,£93.09,GBP,6000,Office supplies
T004459,V0111,INV-56990,04/10/2025,73.21,GBP,6500,Freight
T004460,V0148,INV-83278,10 Jul 2024,835.69,GBP,6300,Software licence
T004461,V0078,INV-20310,01/06/2024,"1,491.38",GBP,6400,Air travel
T004462,V0036,INV-19547,17/04/2025,3084.97,GBP,6200,Air travel
T004463,V0131,INV-51203,04/30/2024,1019.86,GBP,6300,Ad spend
T004464,V0117,INV-48114,2024-04-02,1449.72,GBP,6500,Advisory fee
T004465,V0036,INV-73999,30 Oct 2024,£213.15,GBP,6300,Freight
T004466,V0048,INV-19781,2024-04-08,113.06,GBP,6400,Advisory fee
T004467,V0166,INV-82276,2024-05-28,"£1,027.71",GBP,6200,Software licence
T004468,V0156,INV-87623,16 Feb 2025,638.71,GBP,6100,Ad spend
T004469,V0069,INV-33203,2024-06-15,95000.00,GBP,6100,Freight
T004470,V0123,INV-53813,08/06/2025,£617.77,GBP,6400,Software licence
T004471,V0116,INV-16998,09/27/2024,575.65,GBP,6500,Advisory fee
T004472,V0094,INV-44917,05/15/2024,"£1,656.06",GBP,6000,Freight
T004473,V0089,INV-99262,10/27/2024,1676.53,GBP,6200,Ad spend
T004474,V0012,INV-51806,03/21/2025,734.10,GBP,6400,Office supplies
T004475,V0001,INV-85756,05/24/2024,"£90,000.00",GBP,6100,Air travel
T004476,V0128,INV-10007,01/19/2024,£710.14,GBP,6500,Software licence
T004477,V0017,INV-92853,12 Feb 2025,£242.92,GBP,6100,Advisory fee
T004478,V0088,INV-63740,08/10/2024,927.25,GBP,6000,Ad spend
T004479,V0044,INV-37691,19/05/2024,87.01,GBP,6200,Ad spend
T004480,V0046,INV-75942,15/06/2024,"£1,285.99",GBP,6400,Freight
T004481,V0084,INV-46699,06 Jan 2024,£108.42,GBP,6000,Software licence
T004482,V0125,INV-78179,06/13/2025,£552.46,GBP,6100,Office supplies
T004483,V0177,INV-44316,04/08/2025,159.23,GBP,6100,Software licence
T004484,V0035,INV-65008,15/03/2024,741.54,GBP,6300,Freight
T004485,V0198,INV-58908,01/07/2024,95000.00,GBP,6300,Software licence
T004486,V0016,INV-56062,2024-03-01,£69.81,GBP,6000,Software licence
T004487,V0148,INV-58732,01/02/2024,£640.83,GBP,6400,Office supplies
T004488,V0119,INV-24314,03/29/2024,213.64,GBP,6200,Office supplies
T004489,V0110,INV-20599,14 Feb 2024,"1,063.44",GBP,6500,Air travel
T004490,V0059,INV-67748,24 Feb 2024,£404.02,GBP,6400,Office supplies
T004491,V0052,INV-15747,02/03/2024,623.26,GBP,6300,Software licence
T004492,V0111,INV-87810,2024-11-17,140.71,GBP,6500,Software licence
T004493,V0002,INV-73421,19/09/2024,210.97,GBP,6500,Advisory fee
T004494,V0023,INV-76083,2024-11-15,243.59,GBP,6400,Advisory fee
T004495,V0084,INV-48408,20 Aug 2024,1035.22,GBP,6500,Office supplies
T004496,V0146,INV-78406,24 Apr 2025,2553.23,GBP,6300,Freight
T004497,V0143,INV-85115,06 Aug 2024,166.39,GBP,6300,Air travel
T004498,V0034,INV-88011,2024-09-20,1318.87,GBP,6200,Ad spend
T004499,V0197,INV-25147,27/02/2025,37.09,GBP,6500,Software licence
T004500,V0160,INV-77458,24 May 2024,108.46,GBP,6300,Office supplies
T004501,V0080,INV-80571,25 Mar 2024,£140.52,GBP,6100,Advisory fee
T004502,V0199,INV-19269,06/02/2024,91.13,GBP,6200,Air travel
T004503,V0012,INV-30149,26/12/2024,70.67,GBP,6400,Advisory fee
T004504,V0157,INV-62858,08/15/2024,635.43,GBP,6500,Office supplies
T004505,V0018,INV-71377,10/30/2024,318.79,GBP,6100,Advisory fee
T004506,V0093,INV-67389,09/19/2024,612.38,GBP,6400,Office supplies
T004507,V0087,INV-29842,06 Mar 2025,862.23,GBP,6400,Software licence
T004508,V0104,INV-45783,2025-03-21,90000.00,GBP,6000,Advisory fee
T004509,V0110,INV-68694,17/07/2024,831.76,GBP,6400,Freight
T004510,V0057,INV-42947,11/02/2024,£373.72,GBP,6400,Freight
T004511,V0050,INV-81717,11/06/2024,109.32,GBP,6100,Air travel
T004512,V0059,INV-60151,11/01/2024,1291.55,GBP,6300,Office supplies
T004513,V0139,INV-16217,04 Dec 2024,£211.03,GBP,6200,Software licence
T004514,V0115,INV-68239,10/10/2024,£144.15,GBP,6500,Software licence
T004515,V0101,INV-57199,04/04/2025,331.72,GBP,6400,Air travel
T004516,V0091,INV-20493,2025-01-07,147.81,GBP,6300,Office supplies
T004517,V0053,INV-83999,07/06/2024,254.89,GBP,6500,Software licence
T004518,V0153,INV-14458,12/07/2024,589.02,GBP,6200,Software licence
T004519,V0011,INV-74668,12/11/2024,£591.80,GBP,6500,Software licence
T004520,V0171,INV-88654,2024-04-14,£150.26,GBP,6100,Software licence
T004521,V0022,INV-23122,18 Apr 2025,235.93,GBP,6400,Ad spend
T004522,V0025,INV-88777,2024-01-20,"£1,315.23",GBP,6100,Air travel
T004523,V0076,INV-68351,02/02/2025,696.48,GBP,6000,Advisory fee
T004524,V0180,INV-33219,21 Jun 2024,"£3,954.35",GBP,6500,Software licence
T004525,V0104,INV-91393,2025-01-14,1477.55,GBP,6100,Air travel
T004526,V0069,INV-20899,30 Jun 2024,"£1,420.44",GBP,6000,Software licence
T004527,V0171,INV-27725,2024-07-05,87.65,GBP,6300,Air travel
T004528,V0145,INV-56837,01 Mar 2024,934.72,GBP,6000,Office supplies
T004529,V0107,INV-16655,21 Mar 2024,380.54,GBP,6200,Software licence
T004530,V0087,INV-38127,06 Jul 2024,"9,000.00",GBP,6200,Advisory fee
T004531,V0176,INV-99966,09/22/2024,485.32,GBP,6300,Advisory fee
T004532,V0159,INV-54536,02 Feb 2024,1141.08,GBP,6300,Air travel
T004533,V0012,INV-74528,12/04/2024,699.88,GBP,6300,Advisory fee
T004534,V0049,INV-26926,04/19/2025,£153.50,GBP,6400,Freight
T004535,V0013,INV-56381,2025-01-09,£912.97,GBP,6500,Software licence
T004536,V0060,INV-97349,03/08/2024,£200.07,GBP,6000,Software licence
T004537,V0101,INV-47728,09/08/2024,512.01,GBP,6200,Advisory fee
T004538,V0004,INV-36642,01 May 2024,288.97,GBP,6000,Air travel
T004539,V0090,INV-26522,02 Feb 2024,317.11,GBP,6100,Ad spend
T004540,V0012,INV-76385,18 Oct 2024,937.17,GBP,6000,Software licence
T004541,V0139,INV-49307,06 Apr 2024,£128.48,GBP,6100,Advisory fee
T004542,V0087,INV-90658,27/06/2024,3427.94,GBP,6400,Air travel
T004543,V0089,INV-41933,01/17/2025,£54.42,GBP,6500,Freight
T004544,V0088,INV-29203,02/16/2024,£209.05,GBP,6200,Ad spend
T004545,V0019,INV-14359,2024-03-01,606.21,GBP,6300,Ad spend
T004546,V0146,INV-85708,2024-01-14,767.20,GBP,6500,Software licence
T004547,V0102,INV-84867,14 Mar 2025,361.22,GBP,6400,Software licence
T004548,V0019,INV-81661,31 Jan 2025,378.75,GBP,6500,Ad spend
T004549,V0123,INV-44441,02/15/2024,633.72,GBP,6500,Office supplies
T004550,V0123,INV-75661,30/09/2024,312.88,GBP,6500,Advisory fee
T004551,V0033,INV-38548,07/17/2024,1867.77,GBP,6400,Air travel
T004552,V0079,INV-86159,18 Jan 2025,1015.65,GBP,6100,Software licence
T004553,V0001,INV-61462,2025-05-17,"£1,053.75",GBP,6300,Ad spend
T004554,V0195,INV-30601,12/08/2024,£139.38,GBP,6200,Software licence
T004555,V0056,INV-31060,22 Dec 2024,369.69,GBP,6000,Software licence
T004556,V0127,INV-37854,2025-01-23,289.89,GBP,6200,Air travel
T004557,V0034,INV-61270,07/07/2024,133.46,GBP,6200,Software licence
T004558,V0118,INV-80416,2024-09-17,599.55,GBP,6100,Freight
T004559,V0016,INV-92278,10 Jul 2024,223.32,GBP,6500,Freight
T004560,V0180,INV-29588,08/12/2024,829.60,GBP,6100,Air travel
T004561,V0085,INV-22484,2024-03-12,124.31,GBP,6000,Advisory fee
T004562,V0009,INV-84883,10/02/2024,"£2,672.97",GBP,6500,Ad spend
T004563,V0174,INV-16081,12/30/2024,150.51,GBP,6100,Software licence
T004564,V0164,INV-80911,27/02/2025,513.49,GBP,6400,Air travel
T004565,V0063,INV-11827,2024-06-04,963.96,GBP,6000,Software licence
T004566,V0099,INV-61456,30/03/2025,215.36,GBP,6100,Office supplies
T004567,V0158,INV-10851,15 Oct 2024,1030.41,GBP,6500,Air travel
T004568,V0117,INV-53788,04/06/2025,104.37,GBP,6200,Freight
T004569,V0048,INV-21498,2024-06-24,1992.87,GBP,6400,Advisory fee
T004570,V0152,INV-65508,2024-11-15,409.76,GBP,6100,Ad spend
T004571,V0012,INV-40270,03 Sep 2024,£209.34,GBP,6300,Advisory fee
T004572,V0046,INV-11110,05/24/2024,290.3,GBP,6300,Air travel
T004573,V0091,INV-78244,07/10/2024,£982.22,GBP,6000,Air travel
T004574,V0119,INV-70734,01/26/2024,212.11,GBP,6500,Freight
T004575,V0033,INV-10143,2025-03-31,£176.92,GBP,6000,Software licence
T004576,V0089,INV-31247,08/19/2024,£316.18,GBP,6500,Freight
T004577,V0002,INV-33715,12 Jul 2024,110.54,GBP,6300,Advisory fee
T004578,V0044,INV-22972,2024-06-24,"£2,988.71",GBP,6000,Air travel
T004579,V0135,INV-26317,2025-06-18,£216.36,GBP,6400,Ad spend
T004580,V0186,INV-10560,09/01/2025,1007.05,GBP,6400,Software licence
T004581,V0112,INV-23948,24/04/2024,507.97,GBP,6400,Ad spend
T004582,V0055,INV-80193,15/01/2025,136.59,GBP,6200,Freight
T004583,V0141,INV-20689,16 Nov 2024,400.79,GBP,6400,Advisory fee
T004584,V0119,INV-71662,06/20/2024,955.66,GBP,6500,Advisory fee
T004585,V0025,INV-60032,06/13/2025,327.97,GBP,6000,Advisory fee
T004586,V0013,INV-54521,08/30/2024,1498.81,GBP,6300,Freight
T004587,V0196,INV-89150,09 Aug 2024,"1,240.99",GBP,6000,Freight
T004588,V0097,INV-89777,06/07/2024,"£1,108.55",GBP,6400,Freight
T004589,V0123,INV-32593,05/06/2025,243.32,GBP,6200,Air travel
T004590,V0080,INV-17001,2024-04-08,123.00,GBP,6400,Office supplies
T004591,V0044,INV-72491,06/15/2024,205.42,GBP,6000,Software licence
T004592,V0046,INV-82246,08/06/2024,500.63,GBP,6400,Air travel
T004593,V0138,INV-26706,2024-08-22,735.36,GBP,6100,Advisory fee
T004594,V0040,INV-17754,09/15/2024,£37.01,GBP,6000,Air travel
T004595,V0072,INV-73868,12/10/2024,399.84,GBP,6500,Office supplies
T004596,V0188,INV-27259,06/21/2025,480.05,GBP,6500,Software licence
T004597,V0017,INV-65241,01/03/2025,297.29,GBP,6400,Freight
T004598,V0182,INV-35727,01/11/2024,1669.7,GBP,6500,Office supplies
T004599,V0189,INV-92221,01/14/2024,641.6,GBP,6100,Software licence
T004600,V0163,INV-37244,2024-02-21,1704.81,GBP,6200,Advisory fee
T004601,V0179,INV-29564,08/12/2024,318.12,GBP,6100,Office supplies
T004602,V0184,INV-67528,24/05/2025,1131.42,GBP,6200,Office supplies
T004603,V0179,INV-23531,06/09/2024,2437.12,GBP,6200,Advisory fee
T004604,V0050,INV-15430,05/13/2024,"1,707.63",GBP,6400,Software licence
T004605,V0107,INV-53970,18/02/2024,£121.35,GBP,6300,Air travel
T004606,V0102,INV-35826,2024-01-03,305.20,GBP,6500,Software licence
T004607,V0089,INV-87970,24/08/2024,£275.98,GBP,6300,Ad spend
T004608,V0118,INV-56643,2025-02-11,691.03,GBP,6400,Software licence
T004609,V0157,INV-80420,17/08/2024,858.33,GBP,6100,Software licence
T004610,V0176,INV-13003,14/06/2024,160.33,GBP,6400,Software licence
T004611,V0107,INV-99474,03/16/2024,£434.69,GBP,6300,Air travel
T004612,V0097,INV-89707,11/02/2024,43.73,GBP,6100,Freight
T004613,V0192,INV-79584,11 Aug 2024,1970.69,GBP,6000,Software licence
T004614,V0068,INV-42498,10/09/2024,£229.61,GBP,6000,Freight
T004615,V0100,INV-61364,15 Jun 2024,£429.00,GBP,6100,Freight
T004616,V0021,INV-36610,2024-05-01,286.97,GBP,6300,Ad spend
T004617,V0004,INV-75678,27 Feb 2024,1423.15,GBP,6200,Ad spend
T004618,V0143,INV-58309,03/03/2025,17.79,GBP,6300,Ad spend
T004619,V0193,INV-15318,01/27/2025,£396.12,GBP,6100,Advisory fee
T004620,V0101,INV-30050,27 Mar 2024,359.1,GBP,6400,Freight
T004621,V0101,INV-57454,05 Jan 2025,244.94,GBP,6000,Air travel
T004622,V0149,INV-47609,09/17/2024,"2,694.18",GBP,6200,Advisory fee
T004623,V0010,INV-67799,03/17/2025,152.01,GBP,6300,Office supplies
T004624,V0176,INV-50130,2024-07-12,942.91,GBP,6500,Office supplies
T004625,V0146,INV-64635,18 Dec 2024,596.98,GBP,6000,Air travel
T004626,V0166,INV-89235,20/01/2025,"£1,615.94",GBP,6100,Ad spend
T004627,V0049,INV-26970,06/21/2024,193.66,GBP,6300,Office supplies
T004628,V0112,INV-25397,31 Mar 2024,£180.14,GBP,6200,Office supplies
T004629,V0066,INV-38369,24 Feb 2025,"£1,347.06",GBP,6500,Office supplies
T004630,V0190,INV-55026,24/11/2024,644.10,GBP,6200,Advisory fee
T004631,V0039,INV-23292,11 Jun 2025,73.74,GBP,6400,Advisory fee
T004632,V0011,INV-79966,19 May 2025,222.91,GBP,6400,Advisory fee
T004633,V0159,INV-22856,21 Feb 2025,£617.09,GBP,6100,Advisory fee
T004634,V0062,INV-50781,2024-03-27,1013.88,GBP,6500,Freight
T004635,V0147,INV-99482,24/01/2025,191.11,GBP,6200,Office supplies
T004636,V0052,INV-83361,2024-12-12,16.35,GBP,6100,Office supplies
T004637,V0185,INV-46927,04/16/2025,717.34,GBP,6100,Air travel
T004638,V0171,INV-17550,01/08/2025,105.39,GBP,6400,Office supplies
T004639,V0058,INV-42181,23/09/2024,43.86,GBP,6100,Software licence
T004640,V0177,INV-41573,2024-03-20,17.89,GBP,6000,Advisory fee
T004641,V0094,INV-97616,2025-05-26,987.7,GBP,6300,Software licence
T004642,V0096,INV-45006,2025-01-13,£464.74,GBP,6300,Advisory fee
T004643,V0100,INV-83887,02/10/2024,£314.75,GBP,6300,Air travel
T004644,V0117,INV-62609,01/10/2024,1859.25,GBP,6500,Advisory fee
T004645,V0086,INV-36131,04 Jan 2025,813.27,GBP,6100,Ad spend
T004646,V9932,INV-83966,28/04/2025,"2,387.33",GBP,6200,Ad spend
T004647,V0099,INV-87941,2025-05-29,87.18,GBP,6300,Software licence
T004648,V0111,INV-37344,2024-10-14,388.38,GBP,6100,Software licence
T004649,V0046,INV-54991,19/10/2024,68.14,GBP,6200,Software licence
T004650,V0138,INV-11038,2024-12-06,£313.46,GBP,6400,Air travel
T004651,V0131,INV-21473,15 Dec 2024,306.90,GBP,6100,Ad spend
T004652,V0153,INV-28690,26/11/2024,803.74,GBP,6200,Freight
T004653,V0098,INV-62045,11/05/2024,424.16,GBP,6300,Office supplies
T004654,V0029,INV-41395,14 Jan 2024,£800.91,GBP,6300,Air travel
T004655,V0035,INV-41404,2025-01-11,874.62,GBP,6500,Freight
T004656,V0031,INV-44825,04 Jul 2024,4317.46,GBP,6300,Software licence
T004657,V0074,INV-16899,28 Sep 2024,285.20,GBP,6500,Freight
T004658,V0150,INV-35613,09/10/2024,143.29,GBP,6100,Ad spend
T004659,V0030,INV-49452,11/20/2024,528.84,GBP,6200,Office supplies
T004660,V0184,INV-17318,04/08/2025,£166.92,GBP,6400,Ad spend
T004661,V0057,INV-96217,2025-04-13,"£2,059.37",GBP,6100,Software licence
T004662,V0175,INV-12368,2024-01-31,295.44,GBP,6400,Advisory fee
T004663,V0176,INV-25988,2025-05-22,"95,000.00",GBP,6400,Air travel
T004664,V9147,INV-28623,03/05/2024,240.22,GBP,6000,Air travel
T004665,V0187,INV-81956,02/04/2025,889.14,GBP,6000,Freight
T004666,V0072,INV-51724,09/06/2024,£339.16,GBP,6100,Air travel
T004667,V0169,INV-46616,2024-06-29,£199.17,GBP,6300,Freight
T004668,,INV-44047,30 Sep 2024,"2,519.68",GBP,6500,Advisory fee
T004669,V0174,INV-75281,19/02/2024,157.31,GBP,6000,Ad spend
T004670,V0050,INV-94255,16 Jun 2024,"95,000.00",GBP,6500,Advisory fee
T004671,V0007,INV-79341,2025-02-24,£826.78,GBP,6200,Advisory fee
T004672,V0038,INV-39171,31 Mar 2025,67.06,GBP,6300,Ad spend
T004673,V0034,INV-85668,2025-03-16,684.22,GBP,6300,Advisory fee
T004674,V0083,INV-63311,11 Jul 2024,126.39,GBP,6100,Ad spend
T004675,V0001,INV-24611,10/12/2024,997.31,GBP,6000,Advisory fee
T004676,V0012,INV-92483,31 Dec 2024,£139.92,GBP,6100,Ad spend
T004677,V0138,INV-18242,26 Jan 2024,864.41,GBP,6200,Air travel
T004678,V0167,INV-78045,16/02/2024,"£1,361.60",GBP,6000,Software licence
T004679,V0039,INV-73418,07/01/2024,1040.63,GBP,6500,Office supplies
T004680,V0017,INV-50525,07/09/2024,531.90,GBP,6200,Ad spend
T004681,V0170,INV-35541,05/02/2024,312.80,GBP,6300,Software licence
T004682,V0155,INV-49468,2024-08-20,£213.99,GBP,6400,Advisory fee
T004683,V0032,INV-38523,11/02/2025,"£2,034.77",GBP,6400,Advisory fee
T004684,V0178,INV-21382,05/21/2025,186.90,GBP,6100,Software licence
T004685,V0051,INV-25941,07/21/2024,128.92,GBP,6300,Freight
T004686,V0089,INV-56014,06/06/2024,838.74,GBP,6400,Ad spend
T004687,V0046,INV-13511,09/07/2024,168.05,GBP,6400,Advisory fee
T004688,V0162,INV-73522,09/09/2024,141.87,GBP,6200,Office supplies
T004689,V0185,INV-58959,26/12/2024,82.44,GBP,6500,Advisory fee
T004690,V0055,INV-40753,31 May 2024,237.18,GBP,6100,Office supplies
T004691,V0164,INV-68024,08/20/2024,368.34,GBP,6500,Freight
T004692,V0049,INV-78447,27 Jun 2024,527.11,GBP,6000,Air travel
T004693,V0094,INV-72086,15/08/2024,"1,148.76",GBP,6200,Office supplies
T004694,V0034,INV-39705,2025-03-09,£720.24,GBP,6300,Software licence
T004695,V0130,INV-55876,2024-02-05,327.03,GBP,6300,Ad spend
T004696,V0024,INV-16416,15 Apr 2025,324.40,GBP,6000,Freight
T004697,V0048,INV-60998,24 May 2025,707.10,GBP,6000,Freight
T004698,V0041,INV-36201,25 Jan 2025,1635.7,GBP,6000,Software licence
T004699,V0004,INV-74407,05/07/2024,463.56,GBP,6100,Ad spend
T004700,V0026,INV-56428,08/15/2024,240.80,GBP,6400,Advisory fee
T004701,V0144,INV-92853,07/06/2024,£135.35,GBP,6500,Software licence
T004702,V0127,INV-97322,2025-03-21,82.29,GBP,6500,Air travel
T004703,V0137,INV-43852,02/16/2025,839.58,GBP,6300,Office supplies
T004704,V0084,INV-68014,25/09/2024,761.87,GBP,6100,Office supplies
T004705,V0054,INV-38402,05 Jun 2024,761.36,GBP,6100,Office supplies
T004706,V0183,INV-76631,2024-01-18,350.19,GBP,6500,Software licence
T004707,V0194,INV-89616,10/26/2024,1896.24,GBP,6200,Office supplies
T004708,V0089,INV-83428,06 Jun 2024,£236.86,GBP,6500,Advisory fee
T004709,V0176,INV-92750,2024-07-07,1153.78,GBP,6100,Advisory fee
T004710,V0091,INV-63087,2024-02-28,,GBP,6300,Office supplies
T004711,V0159,INV-54241,04/08/2024,206.61,GBP,6200,Advisory fee
T004712,V0013,INV-61067,2024-09-05,774.16,GBP,6500,Advisory fee
T004713,V0123,INV-42065,09 Mar 2024,633.08,GBP,6500,Software licence
T004714,V0137,INV-17264,2024-10-05,£597.45,GBP,6300,Advisory fee
T004715,V0126,INV-46146,04/17/2024,441.16,GBP,6100,Software licence
T004716,V0125,INV-97687,18/11/2024,386.96,GBP,6100,Freight
T004717,V0079,INV-25994,27/11/2024,"5,581.48",GBP,6100,Software licence
T004718,V0169,INV-19402,08/13/2024,"£1,484.28",GBP,6300,Office supplies
T004719,V0103,INV-96651,28 Feb 2024,893.47,GBP,6400,Air travel
T004720,V0170,INV-62336,22/08/2024,£456.22,GBP,6400,Advisory fee
T004721,V0122,INV-96094,09/01/2025,1221.55,GBP,6300,Software licence
T004722,V0081,INV-46287,02 May 2025,£713.22,GBP,6000,Air travel
T004723,V0082,INV-42955,03/15/2024,£415.23,GBP,6100,Advisory fee
T004724,V0169,INV-18820,12 Jan 2025,288.90,GBP,6000,Ad spend
T004725,V0185,INV-45083,14 Mar 2024,£369.07,GBP,6000,Freight
T004726,V0197,INV-98241,16 Dec 2024,12.34,GBP,6200,Ad spend
T004727,V0070,INV-12216,04/03/2024,508.60,GBP,6400,Advisory fee
T004728,V0097,INV-87650,2024-08-04,235.73,GBP,6400,Air travel
T004729,V0116,INV-81712,23/05/2025,2326.07,GBP,6200,Office supplies
T004730,V0016,INV-72542,2024-01-01,£412.11,GBP,6100,Software licence
T004731,V0065,INV-32115,21/03/2025,109.09,GBP,6100,Advisory fee
T004732,V0004,INV-19321,23 May 2025,381.89,GBP,6000,Office supplies
T004733,V0187,INV-96721,04/01/2024,£127.65,GBP,6100,Air travel
T004734,V0019,INV-36448,09/06/2024,679.09,GBP,6500,Ad spend
T004735,V0159,INV-62891,18/04/2025,£555.60,GBP,6400,Freight
T004736,V0166,INV-69494,02/19/2025,"1,157.04",GBP,6000,Freight
T004737,V0134,INV-72202,08 Aug 2024,169.02,GBP,6000,Office supplies
T004738,V0110,INV-74297,10 May 2025,418.81,GBP,6100,Software licence
T004739,V0155,INV-34297,2024-05-15,£89.88,GBP,6300,Advisory fee
T004740,V0100,INV-98467,2024-01-29,£872.75,GBP,6300,Air travel
T004741,V0179,INV-85599,01/05/2025,713.91,GBP,6500,Freight
T004742,V0108,INV-56191,2024-08-30,£696.02,GBP,6500,Office supplies
T004743,V0162,INV-99776,12 Nov 2024,404.15,GBP,6100,Software licence
T004744,V0155,INV-22018,26/01/2025,636.67,GBP,6200,Air travel
T004745,V0049,INV-14047,08 Jun 2025,2356.12,GBP,6500,Advisory fee
T004746,V0149,INV-93484,08/12/2024,294.83,GBP,6100,Office supplies
T004747,V0032,INV-28970,16 Feb 2024,469.9,GBP,6100,Software licence
T004748,V0151,INV-19077,26 Dec 2024,122.15,GBP,6000,Air travel
T004749,V0125,INV-59563,05/10/2024,155.23,GBP,6200,Freight
T004750,V0164,INV-69781,17 Oct 2024,449.26,GBP,6300,Software licence
T004751,V0183,INV-16545,01/02/2024,"1,358.76",GBP,6100,Ad spend
T004752,V0144,INV-70852,09/02/2025,304.32,GBP,6200,Air travel
T004753,V0140,INV-97212,03/21/2025,311.22,GBP,6300,Ad spend
T004754,V0077,INV-85025,2025-04-03,257.86,GBP,6400,Ad spend
T004755,V0080,INV-21668,03/05/2025,224.03,GBP,6100,Ad spend
T004756,V0089,INV-65919,2024-02-04,£558.06,GBP,6200,Air travel
T004757,V0009,INV-13021,20/02/2025,£77.71,GBP,6100,Air travel
T004758,V0081,INV-38913,26 Apr 2025,1650.83,GBP,6100,Software licence
T004759,V0151,INV-60609,10/05/2024,,GBP,6400,Ad spend
T004760,V0158,INV-34441,20 Apr 2025,£892.56,GBP,6300,Software licence
T004761,V0029,INV-93229,2025-01-01,99.78,GBP,6100,Freight
T004762,V0179,INV-59827,16/08/2024,£841.95,GBP,6200,Office supplies
T004763,V0013,INV-58622,22 Apr 2025,844.83,GBP,6500,Software licence
T004764,V0046,INV-58235,2024-12-24,615.62,GBP,6000,Office supplies
T004765,V0136,INV-31115,04/18/2025,135.12,GBP,6300,Advisory fee
T004766,V0053,INV-65910,02 Nov 2024,530.86,GBP,6100,Software licence
T004767,V0081,INV-90488,2024-10-23,109.80,GBP,6400,Freight
T004768,V0144,INV-84700,09 Dec 2024,£305.50,GBP,6400,Ad spend
T004769,V0090,INV-46922,2025-02-27,1251.82,GBP,6500,Ad spend
T004770,V0064,INV-49129,04 Dec 2024,969.10,GBP,6200,Air travel
T004771,V0191,INV-39020,10/11/2024,410.22,GBP,6500,Air travel
T004772,V0019,INV-50023,04 May 2024,138.06,GBP,6300,Freight
T004773,V0155,INV-87212,2024-09-07,820.69,GBP,6400,Office supplies
T004774,V0181,INV-43879,09 Oct 2024,412.12,GBP,6400,Ad spend
T004775,V0073,INV-39676,03 Oct 2024,£31.43,GBP,6300,Air travel
T004776,V0005,INV-78920,24 Jun 2024,£954.22,GBP,6100,Office supplies
T004777,V0013,INV-87767,12/02/2024,392.82,GBP,6400,Ad spend
T004778,V0033,INV-89356,03 May 2025,"1,514.28",GBP,6500,Office supplies
T004779,V0148,INV-97688,2025-06-18,120.93,GBP,6400,Air travel
T004780,V0026,INV-42660,10/06/2024,12.25,GBP,6000,Software licence
T004781,V0195,INV-84843,2025-04-01,548.39,GBP,6100,Software licence
T004782,,INV-32719,04/27/2024,555.97,GBP,6300,Software licence
T004783,V0123,INV-52837,2024-11-04,62.82,GBP,6400,Air travel
T004784,V0050,INV-47626,02/26/2025,£137.50,GBP,6200,Air travel
T004785,V0121,INV-86756,2024-05-15,8356.04,GBP,6100,Software licence
T004786,V0063,INV-11331,2024-02-13,288.25,GBP,6200,Air travel
T004787,V0146,INV-66732,07 Nov 2024,901.50,GBP,6300,Software licence
T004788,V0038,INV-90076,08/16/2024,197.21,GBP,6400,Software licence
T004789,V0008,INV-28538,30/12/2024,40.47,GBP,6000,Office supplies
T004790,V0200,INV-25046,07/27/2024,334.53,GBP,6500,Ad spend
T004791,V0086,INV-61574,30/12/2024,301.22,GBP,6400,Advisory fee
T004792,V0153,INV-61328,13 Jul 2024,£259.86,GBP,6200,Freight
T004793,V0087,INV-92313,27/04/2025,355.63,GBP,6000,Freight
T004794,V0111,INV-20339,2024-08-11,539.53,GBP,6000,Air travel
T004795,V0181,INV-57250,01/11/2024,£342.02,GBP,6100,Air travel
T004796,V0179,INV-52894,2025-02-10,£100.44,GBP,6300,Office supplies
T004797,V0022,INV-19499,16 Aug 2024,£688.70,GBP,6400,Freight
T004798,V0095,INV-16299,28 Jul 2024,47.26,GBP,6200,Office supplies
T004799,V0049,INV-63398,06/10/2024,42.29,GBP,6500,Advisory fee
T004800,V0035,INV-14389,11 Sep 2024,909.69,GBP,6100,Air travel
T004801,V0118,INV-48371,06/07/2024,704.66,GBP,6200,Ad spend
T004802,V0054,INV-95986,20 Apr 2024,£378.75,GBP,6000,Air travel
T004803,V0060,INV-96938,06 Apr 2025,86.92,GBP,6500,Freight
T004804,V0107,INV-76117,09/02/2025,£185.17,GBP,6400,Software licence
T004805,V0009,INV-82373,2024-11-17,302.17,GBP,6500,Advisory fee
T004806,V0037,INV-84590,14 Oct 2024,69.72,GBP,6300,Freight
T004807,V0013,INV-30052,01 Apr 2024,178.94,GBP,6500,Advisory fee
T004808,V0125,INV-67429,2024-10-19,826.80,GBP,6000,Ad spend
T004809,V0068,INV-34683,2024-02-08,"1,939.21",GBP,6200,Office supplies
T004810,V0082,INV-17660,07/06/2024,£254.33,GBP,6100,Freight
T004811,V0094,INV-16151,16/06/2024,£927.17,GBP,6100,Freight
T004812,V0157,INV-46743,2025-03-08,£49.13,GBP,6300,Air travel
T004813,V0047,INV-68779,10 Dec 2024,833.3,GBP,6500,Office supplies
T004814,V0051,INV-36350,2024-05-16,166.61,GBP,6400,Office supplies
T004815,V0160,INV-40641,01/10/2024,£565.71,GBP,6100,Software licence
T004816,V0035,INV-53278,02/14/2025,£307.19,GBP,6400,Software licence
T004817,V9353,INV-36792,11/01/2024,"£1,724.09",GBP,6100,Software licence
T004818,V0057,INV-35856,2024-09-16,£154.18,GBP,6300,Ad spend
T004819,V0113,INV-18876,05 May 2024,£804.62,GBP,6500,Ad spend
T004820,V0117,INV-57867,11/01/2024,£296.65,GBP,6300,Ad spend
T004821,V9601,INV-72703,2024-12-21,338.95,GBP,6200,Office supplies
T004822,V0192,INV-17427,2024-06-26,329.56,GBP,6200,Advisory fee
T004823,V0095,INV-37604,27/02/2024,£159.14,GBP,6000,Office supplies
T004824,V0060,INV-86247,21 Sep 2024,£397.22,GBP,6300,Office supplies
T004825,V0061,INV-13806,09/08/2024,376.56,GBP,6200,Advisory fee
T004826,V0034,INV-16116,10/05/2024,526.03,GBP,6400,Air travel
T004827,V0118,INV-18926,17/01/2024,£442.73,GBP,6000,Ad spend
T004828,V0184,INV-31370,06/16/2024,970.48,GBP,6500,Office supplies
T004829,V0075,INV-16831,17/01/2025,1114.16,GBP,6000,Ad spend
T004830,V0185,INV-64209,2024-09-22,127.02,GBP,6500,Freight
T004831,V0119,INV-23315,02 May 2025,1049.06,GBP,6500,Advisory fee
T004832,V0177,INV-74905,24 Nov 2024,109.4,GBP,6200,Ad spend
T004833,V0028,INV-91565,06 Jul 2024,770.19,GBP,6200,Software licence
T004834,V0099,INV-57154,20 Aug 2024,,GBP,6400,Ad spend
T004835,V0040,INV-98819,04/25/2025,£49.28,GBP,6500,Office supplies
T004836,V0087,INV-76294,06/03/2024,£446.87,GBP,6100,Office supplies
T004837,V0082,INV-88485,11 Feb 2024,240.97,GBP,6400,Advisory fee
T004838,V0088,INV-60499,02/07/2025,175.10,GBP,6400,Air travel
T004839,V0183,INV-43386,03 Jun 2025,"1,782.79",GBP,6500,Advisory fee
T004840,V0038,INV-42427,05/12/2025,196.56,GBP,6100,Advisory fee
T004841,V0049,INV-69161,19 Mar 2024,166.17,GBP,6100,Software licence
T004842,V0034,INV-21080,03/29/2024,438.46,GBP,6000,Software licence
T004843,V0136,INV-70016,09/06/2025,857.61,GBP,6000,Office supplies
T004844,V9249,INV-55436,01/03/2025,345.22,GBP,6500,Freight
T004845,V0013,INV-97767,16/03/2024,"1,455.36",GBP,6300,Software licence
T004846,V0125,INV-48187,06 Feb 2024,£723.48,GBP,6500,Office supplies
T004847,V0154,INV-29798,26/12/2024,36.74,GBP,6000,Freight
T004848,V0159,INV-90904,2024-09-14,225.33,GBP,6500,Air travel
T004849,V0046,INV-88404,2024-11-21,217.45,GBP,6500,Software licence
T004850,V0127,INV-23372,25 Jun 2024,683.55,GBP,6100,Office supplies
T004851,V9724,INV-60831,2024-09-17,22.48,GBP,6100,Office supplies
T004852,V0143,INV-69559,05 Jul 2024,6660.24,GBP,6100,Software licence
T004853,V0093,INV-47914,06/02/2024,£723.52,GBP,6100,Software licence
T004854,V0097,INV-33088,01/20/2025,475.21,GBP,6500,Air travel
T004855,V0176,INV-44166,26/01/2025,1479.89,GBP,6100,Office supplies
T004856,V0190,INV-10197,2024-07-19,5313.57,GBP,6100,Air travel
T004857,V0076,INV-49589,29 Mar 2025,1051.34,GBP,6000,Air travel
T004858,V0129,INV-77969,05/26/2025,1145.61,GBP,6400,Freight
T004859,V0149,INV-53331,13/01/2024,465.8,GBP,6200,Ad spend
T004860,V0006,INV-31785,11/01/2024,345.27,GBP,6200,Freight
T004861,V0175,INV-59482,06/03/2025,239.04,GBP,6500,Air travel
T004862,V0019,INV-90226,16/11/2024,162.60,GBP,6100,Advisory fee
T004863,V0115,INV-75121,2024-09-20,189.48,GBP,6400,Advisory fee
T004864,V0047,INV-62069,2025-03-13,91.32,GBP,6500,Advisory fee
T004865,V0054,INV-30966,11/20/2024,371.13,GBP,6300,Office supplies
T004866,V0069,INV-34246,08 Apr 2025,£63.24,GBP,6300,Ad spend
T004867,V0082,INV-32347,12 Jun 2024,497.71,GBP,6200,Freight
T004868,V0040,INV-12298,03/04/2025,387.62,GBP,6000,Ad spend
T004869,V0090,INV-81137,2024-03-26,474.20,GBP,6100,Freight
T004870,V0035,INV-13640,01/12/2025,£227.16,GBP,6400,Advisory fee
T004871,V0041,INV-29779,19 Oct 2024,"11,903.01",GBP,6000,Software licence
T004872,V0083,INV-63806,11 Aug 2024,1801.05,GBP,6000,Office supplies
T004873,V0152,INV-51647,11/19/2024,102.62,GBP,6500,Advisory fee
T004874,V0149,INV-62720,26/08/2024,521.21,GBP,6300,Office supplies
T004875,V0119,INV-97605,06 Jun 2024,206.68,GBP,6500,Ad spend
T004876,V0045,INV-91582,10/30/2024,132.17,GBP,6500,Office supplies
T004877,V0011,INV-66552,01/21/2025,92.38,GBP,6000,Air travel
T004878,V0170,INV-43975,2025-06-10,£649.00,GBP,6000,Advisory fee
T004879,V0172,INV-82250,13/12/2024,£190.66,GBP,6000,Office supplies
T004880,V0053,INV-24020,16/08/2024,1169.82,GBP,6500,Freight
T004881,V0195,INV-15301,02/14/2024,"£1,203.71",GBP,6200,Freight
T004882,V0137,INV-39419,2024-06-09,1828.60,GBP,6000,Advisory fee
T004883,V0022,INV-33170,06/04/2024,157.97,GBP,6000,Office supplies
T004884,V0020,INV-58773,30 Oct 2024,£680.55,GBP,6400,Advisory fee
T004885,V0029,INV-58822,06/06/2024,808.92,GBP,6300,Freight
T004886,V0107,INV-80226,26 May 2025,239.46,GBP,6300,Air travel
T004887,V0003,INV-23629,2024-04-22,172.61,GBP,6400,Air travel
T004888,V0068,INV-82911,2024-02-29,"2,369.59",GBP,6300,Air travel
T004889,V0079,INV-27506,01/01/2024,518.14,GBP,6000,Ad spend
T004890,V0046,INV-84713,2025-05-29,812.05,GBP,6300,Ad spend
T004891,V0164,INV-78736,05/06/2025,163.32,GBP,6100,Air travel
T004892,V0134,INV-52898,01 Feb 2025,105.51,GBP,6500,Ad spend
T004893,V0073,INV-62336,14/11/2024,215.64,GBP,6500,Software licence
T004894,V0153,INV-67061,2024-05-12,351.98,GBP,6100,Air travel
T004895,V0169,INV-33631,24 Apr 2024,125.13,GBP,6400,Office supplies
T004896,V0184,INV-67162,05/28/2024,399.08,GBP,6100,Software licence
T004897,V0050,INV-33989,2024-01-18,62.97,GBP,6200,Advisory fee
T004898,V0017,INV-15960,10/18/2024,117.68,GBP,6100,Freight
T004899,V0065,INV-79716,10 Aug 2024,843.87,GBP,6000,Air travel
T004900,V0188,INV-73648,07/06/2025,783.81,GBP,6400,Advisory fee
T004901,V0029,INV-21802,2025-04-27,£262.15,GBP,6400,Ad spend
T004902,V0040,INV-63248,10/11/2024,131.69,GBP,6400,Advisory fee
T004903,V0135,INV-22653,13 Jun 2024,130.30,GBP,6400,Advisory fee
T004904,V0051,INV-24535,21 Jan 2024,£267.58,GBP,6000,Office supplies
T004905,V0111,INV-65344,02/23/2025,819.73,GBP,6000,Advisory fee
T004906,V0177,INV-32032,01/03/2024,1119.98,GBP,6000,Software licence
T004907,V0090,INV-35782,14/06/2024,233.65,GBP,6400,Air travel
T004908,V0050,INV-81299,09/02/2025,£113.43,GBP,6100,Software licence
T004909,V0001,INV-52174,2024-02-17,541.65,GBP,6200,Office supplies
T004910,V0070,INV-42017,28/08/2024,163.06,GBP,6400,Advisory fee
T004911,V0001,INV-56567,14 Jun 2024,228.13,GBP,6300,Freight
T004912,V0044,INV-96505,04 Mar 2024,"£1,733.34",GBP,6000,Ad spend
T004913,V0102,INV-79990,18 Mar 2025,1002.07,GBP,6100,Ad spend
T004914,V0194,INV-67166,2024-09-06,£479.99,GBP,6100,Office supplies
T004915,V0143,INV-37106,05/28/2025,99.57,GBP,6400,Ad spend
T004916,V0173,INV-36718,07/08/2024,509.04,GBP,6300,Ad spend
T004917,V0192,INV-20918,2025-06-01,"£1,298.45",GBP,6200,Advisory fee
T004918,V0030,INV-92720,02/16/2025,266.88,GBP,6100,Ad spend
T004919,V0117,INV-23730,2024-09-10,"1,783.31",GBP,6300,Freight
T004920,V0079,INV-24242,2024-01-01,"1,672.41",GBP,6000,Office supplies
T004921,V0040,INV-97008,2025-06-01,2515.2,GBP,6100,Office supplies
T004922,V0058,INV-89793,2024-06-05,564.4,GBP,6000,Advisory fee
T004923,V0139,INV-76597,17/08/2024,769.80,GBP,6200,Office supplies
T004924,V0119,INV-88654,2024-03-05,1911.43,GBP,6400,Ad spend
T004925,V0084,INV-12593,19/02/2025,£659.93,GBP,6300,Ad spend
T004926,V0099,INV-22448,02/14/2024,232.44,GBP,6300,Advisory fee
T004927,V0186,INV-58527,06/20/2024,246.31,GBP,6000,Advisory fee
T004928,V0138,INV-78504,12/04/2024,524.48,GBP,6500,Air travel
T004929,V0064,INV-19838,2024-05-10,97.55,GBP,6300,Freight
T004930,V0114,INV-63706,04/29/2024,344.61,GBP,6300,Freight
T004931,V0178,INV-24505,26 Dec 2024,1347.76,GBP,6400,Ad spend
T004932,V0149,INV-79892,09/09/2024,36.22,GBP,6400,Advisory fee
T004933,V0077,INV-55867,05/24/2025,2181.85,GBP,6100,Advisory fee
T004934,V0173,INV-12180,2024-06-03,"£1,386.60",GBP,6500,Ad spend
T004935,V0097,INV-58318,02/12/2025,243.29,GBP,6400,Ad spend
T004936,V0196,INV-32389,12/28/2024,733.43,GBP,6400,Software licence
T004937,V0036,INV-52424,04/03/2025,404.83,GBP,6100,Air travel
T004938,V0158,INV-76483,15 Jun 2024,"£1,560.86",GBP,6200,Air travel
T004939,V0058,INV-88950,10/06/2024,1189.1,GBP,6500,Ad spend
T004940,V0161,INV-93422,2024-01-10,86.48,GBP,6300,Advisory fee
T004941,V0077,INV-27891,2024-01-24,769.69,GBP,6300,Air travel
T004942,V0161,INV-72282,05/26/2024,321.76,GBP,6400,Ad spend
T004943,V0109,INV-87367,07/11/2024,£441.91,GBP,6000,Ad spend
T004944,V0147,INV-91098,09 Feb 2025,,GBP,6300,Software licence
T004945,V0144,INV-10504,13/04/2025,2759.9,GBP,6200,Advisory fee
T004946,V0175,INV-75277,09/18/2024,"£1,266.57",GBP,6400,Air travel
T004947,V0176,INV-90977,18 Oct 2024,178.80,GBP,6300,Air travel
T004948,V0020,INV-76723,07/17/2024,92.94,GBP,6400,Freight
T004949,V0078,INV-24751,24 Feb 2025,263.95,GBP,6300,Office supplies
T004950,V0074,INV-70074,15/06/2025,650.64,GBP,6500,Air travel
T004951,V0053,INV-62254,2024-04-19,525.43,GBP,6300,Air travel
T004952,V0199,INV-86582,29/01/2024,"1,601.10",GBP,6200,Air travel
T004953,V0081,INV-11294,2024-06-19,£961.90,GBP,6500,Advisory fee
T004954,V0132,INV-61707,11/01/2024,1172.07,GBP,6200,Office supplies
T004955,V0031,INV-14115,2024-06-16,577.98,GBP,6300,Office supplies
T004956,V0118,INV-15122,2025-02-10,87.51,GBP,6300,Air travel
T004957,V0142,INV-88882,2024-03-03,£325.29,GBP,6000,Freight
T004958,,INV-45462,09/15/2024,"£1,294.78",GBP,6200,Freight
T004959,V0027,INV-39024,2024-01-01,381.20,GBP,6400,Freight
T004960,,INV-82816,13/07/2024,701.63,GBP,6500,Software licence
T004961,V0085,INV-73237,08/11/2024,£284.11,GBP,6500,Freight
T004962,V0142,INV-41058,2025-04-30,129.96,GBP,6200,Advisory fee
T004963,V0028,INV-82526,21 Dec 2024,352.24,GBP,6300,Office supplies
T004964,V0004,INV-29579,02/04/2025,£566.77,GBP,6200,Software licence
T004965,V0013,INV-10082,2024-08-05,196.12,GBP,6000,Advisory fee
T004966,V0089,INV-61167,2025-02-16,311.29,GBP,6000,Freight
T004967,V0200,INV-88176,12/30/2024,143.54,GBP,6500,Office supplies
T004968,V0005,INV-56849,31 Jan 2025,1381.84,GBP,6200,Software licence
T004969,V0143,INV-44217,2024-07-15,291.81,GBP,6300,Freight
T004970,V0171,INV-48560,03/18/2025,"£1,994.27",GBP,6300,Freight
T004971,V0014,INV-75883,05/06/2025,2168.14,GBP,6500,Software licence
T004972,V0168,INV-25507,28 Apr 2025,£369.02,GBP,6100,Ad spend
T004973,V0165,INV-14576,01/02/2024,133.05,GBP,6000,Advisory fee
T004974,V0193,INV-36744,2025-03-13,£40.67,GBP,6200,Advisory fee
T004975,V0032,INV-16239,08/24/2024,79.90,GBP,6200,Air travel
T004976,V0078,INV-43038,2024-05-14,£89.01,GBP,6400,Freight
T004977,V0012,INV-61563,10 May 2025,"£1,837.79",GBP,6200,Advisory fee
T004978,V0088,INV-65304,14/02/2025,458.25,GBP,6200,Office supplies
T004979,V0078,INV-15061,21/01/2025,619.28,GBP,6100,Office supplies
T004980,V0030,INV-52415,2024-12-18,35.08,GBP,6400,Freight
T004981,V0112,INV-72611,05/20/2024,108.01,GBP,6200,Ad spend
T004982,V0197,INV-33364,07/07/2024,1070.40,GBP,6100,Software licence
T004983,V0156,INV-11037,05/12/2024,553.05,GBP,6100,Office supplies
T004984,V0163,INV-94871,28/10/2024,343.12,GBP,6300,Software licence
T004985,V0067,INV-75392,10/11/2024,750.94,GBP,6300,Ad spend
T004986,V0078,INV-80934,22 Oct 2024,"£2,439.08",GBP,6500,Air travel
T004987,V0096,INV-88287,08/16/2024,316.35,GBP,6400,Ad spend
T004988,V0084,INV-32376,08 Apr 2024,435.42,GBP,6100,Freight
T004989,V0058,INV-50965,07 Jan 2024,498.63,GBP,6300,Software licence
T004990,V0036,INV-47679,12/07/2024,5604.47,GBP,6500,Air travel
T004991,V0056,INV-23320,2024-06-19,40.07,GBP,6500,Freight
T004992,V0015,INV-10435,2024-09-12,855.38,GBP,6300,Office supplies
T004993,V0169,INV-34226,04/03/2024,355.57,GBP,6000,Advisory fee
T004994,V0200,INV-71905,2024-08-30,£752.54,GBP,6500,Office supplies
T004995,V0163,INV-70727,05/21/2025,195.76,GBP,6100,Ad spend
T004996,V0198,INV-45481,2024-09-09,382.27,GBP,6400,Air travel
T004997,V0143,INV-52072,11/24/2024,882.32,GBP,6400,Air travel
T004998,V0044,INV-33716,11/08/2024,12384.5,GBP,6100,Advisory fee
T004999,V0089,INV-28342,16/11/2024,981.26,GBP,6000,Ad spend
T005000,V0030,INV-75844,12/01/2024,£158.72,GBP,6300,Air travel
T005001,V0158,INV-21014,04/04/2025,253.12,GBP,6000,Software licence
T005002,V0087,INV-16845,18/02/2024,245.0,GBP,6200,Air travel
T005003,V0154,INV-22156,2024-09-21,55.97,GBP,6300,Ad spend
T005004,V9243,INV-45290,27 Apr 2025,280.59,GBP,6100,Air travel
T005005,V0164,INV-38157,2024-12-31,£903.35,GBP,6100,Air travel
T005006,V0113,INV-79327,2024-10-29,£99.32,GBP,6000,Ad spend
T005007,V0031,INV-56714,2024-11-03,1278.36,GBP,6500,Freight
T005008,V0118,INV-36140,2024-09-23,689.90,GBP,6200,Freight
T005009,V0053,INV-14803,12/07/2024,179.89,GBP,6100,Ad spend
T005010,V0131,INV-80033,01/02/2024,345.27,GBP,6100,Office supplies
T005011,V0032,INV-79448,2024-08-10,"2,340.58",GBP,6300,Software licence
T005012,V0018,INV-36350,02 Sep 2024,904.07,GBP,6500,Freight
T005013,V0154,INV-33883,03/13/2025,407.35,GBP,6000,Freight
T005014,V0122,INV-76326,2024-06-28,310.61,GBP,6400,Software licence
T005015,V0091,INV-32818,2025-05-06,438.90,GBP,6400,Ad spend
T005016,V0051,INV-11263,2024-10-19,229.77,GBP,6400,Ad spend
T005017,V0048,INV-51414,03/05/2024,£39.84,GBP,6200,Office supplies
T005018,V0032,INV-68349,2024-11-09,"£3,813.85",GBP,6300,Air travel
T005019,V0170,INV-37879,01 Dec 2024,478.60,GBP,6500,Office supplies
T005020,V0124,INV-77090,02/21/2024,625.13,GBP,6000,Freight
T005021,V0145,INV-24074,30 Dec 2024,378.53,GBP,6300,Advisory fee
T005022,V0123,INV-34640,10/26/2024,£179.71,GBP,6200,Ad spend
T005023,V0128,INV-21484,05/05/2025,328.81,GBP,6300,Advisory fee
T005024,V0097,INV-31310,11 Feb 2025,£69.45,GBP,6400,Software licence
T005025,V0080,INV-39423,02 Aug 2024,"4,938.39",GBP,6300,Office supplies
T005026,V0151,INV-89246,09/20/2024,£103.76,GBP,6300,Advisory fee
T005027,V0111,INV-44339,15 Dec 2024,129.65,GBP,6000,Freight
T005028,V0151,INV-85381,01/30/2024,£248.57,GBP,6500,Software licence
T005029,V0029,INV-16320,2024-12-14,1663.84,GBP,6300,Office supplies
T005030,V0148,INV-12223,27/08/2024,409.92,GBP,6500,Advisory fee
T005031,V0088,INV-31459,07/04/2024,£103.57,GBP,6500,Software licence
T005032,V0139,INV-87915,02/23/2025,"1,603.22",GBP,6500,Freight
T005033,V0075,INV-47681,06/23/2024,£901.54,GBP,6500,Air travel
T005034,V0100,INV-46298,10 Jun 2025,729.44,GBP,6400,Air travel
T005035,V0159,INV-97817,13 Apr 2025,886.52,GBP,6400,Air travel
T005036,V0113,INV-32373,01/14/2025,"5,618.38",GBP,6300,Air travel
T005037,V0163,INV-84844,2024-12-22,"£4,463.12",GBP,6400,Office supplies
T005038,V0133,INV-24570,2024-02-22,189.54,GBP,6100,Office supplies
T005039,V0019,INV-67816,18/04/2025,2407.33,GBP,6500,Freight
T005040,V0156,INV-96551,03/16/2024,£614.92,GBP,6100,Air travel
T005041,V0136,INV-80837,11 Jul 2024,698.55,GBP,6500,Freight
T005042,V0116,INV-20741,04/18/2025,62.71,GBP,6000,Air travel
T005043,V0193,INV-86100,02 Nov 2024,334.48,GBP,6200,Air travel
T005044,V0026,INV-44848,30/07/2024,164.99,GBP,6300,Ad spend
T005045,V0195,INV-30955,19/06/2025,"£1,003.11",GBP,6300,Freight
T005046,V0027,INV-20878,2024-07-05,1310.53,GBP,6500,Office supplies
T005047,V0164,INV-13890,2024-08-02,41.18,GBP,6400,Freight
T005048,V0088,INV-66939,26 Apr 2024,393.77,GBP,6000,Freight
T005049,V9744,INV-89921,18 May 2025,"1,385.82",GBP,6400,Software licence
T005050,V0071,INV-54113,12/01/2024,328.54,GBP,6000,Advisory fee
T005051,V0159,INV-96073,19/06/2024,899.62,GBP,6000,Ad spend
T005052,V0120,INV-85640,18 Feb 2024,593.65,GBP,6200,Air travel
T005053,V0038,INV-83436,11/03/2025,587.47,GBP,6300,Freight
T005054,V0054,INV-38968,2025-01-17,£299.33,GBP,6000,Advisory fee
T005055,V0169,INV-51036,31 May 2025,£105.82,GBP,6400,Software licence
T005056,V0194,INV-70906,13/01/2024,£117.49,GBP,6500,Air travel
T005057,V0050,INV-26585,2025-02-08,880.32,GBP,6000,Advisory fee
T005058,V0191,INV-25930,05/04/2024,412.16,GBP,6400,Office supplies
T005059,V0150,INV-20462,2024-01-11,346.41,GBP,6100,Freight
T005060,V0033,INV-85170,2025-04-30,253.08,GBP,6200,Office supplies
T005061,V0166,INV-51307,2024-12-23,288.38,GBP,6000,Office supplies
T005062,V0186,INV-65914,13/02/2024,1276.15,GBP,6400,Software licence
T005063,V0177,INV-79614,12/01/2024,279.01,GBP,6400,Software licence
T005064,V0129,INV-26124,02/13/2024,92.28,GBP,6200,Air travel
T005065,V0016,INV-27777,02 Nov 2024,914.17,GBP,6100,Advisory fee
T005066,V0119,INV-37077,14 Feb 2025,£322.03,GBP,6000,Air travel
T005067,V0179,INV-79590,23 May 2025,£417.60,GBP,6100,Ad spend
T005068,V0194,INV-62698,05/23/2024,"2,364.53",GBP,6300,Software licence
T005069,V0056,INV-55702,05 Jun 2025,£394.41,GBP,6500,Freight
T005070,V0103,INV-84494,08/09/2024,554.52,GBP,6100,Air travel
T005071,V0062,INV-91091,03/02/2024,110.30,GBP,6500,Software licence
T005072,V0161,INV-53760,25 Nov 2024,316.83,GBP,6300,Software licence
T005073,V0094,INV-92951,2024-10-25,788.77,GBP,6300,Advisory fee
T005074,V0064,INV-21265,12/08/2024,£72.90,GBP,6300,Ad spend
T005075,V0062,INV-86648,14/05/2025,£503.17,GBP,6400,Office supplies
